Course_ID,Course_Name,Category,Duration (hours),Enrolled_Students,Completion_Rate (%),Platform,Price ($),Rating (out of 5)
1,Course_1,Office Tools,21,4217,50.646828,Coursera,38.797424,4.8112516
7,Course_7,Marketing,29,2607,71.830444,Coursera,155.54112,4.1018066
13,Course_13,Programming,23,3681,85.882385,Coursera,187.511,3.581096
16,Course_16,Office Tools,40,1172,56.726894,Coursera,24.666025,3.0516663
23,Course_23,Office Tools,30,1258,92.67762,Coursera,135.30087,4.5793877
25,Course_25,AI,30,1076,84.11985,Coursera,135.86621,3.0299273
27,Course_27,Office Tools,15,2940,78.79584,Coursera,120.63977,4.14545
28,Course_28,Data Science,12,3613,53.062595,Coursera,90.563896,4.5178576
36,Course_36,Office Tools,66,3603,86.38854,Coursera,161.34415,3.2532146
44,Course_44,Data Science,75,2331,65.381836,Coursera,172.9007,4.5064015
48,Course_48,AI,73,3820,77.41846,Coursera,149.5605,4.454384
58,Course_58,Finance,19,913,87.56454,Coursera,193.1209,4.1669784
59,Course_59,Office Tools,27,4472,99.09924,Coursera,131.04147,4.975869
63,Course_63,AI,54,2328,57.15519,Coursera,124.25959,3.0996995
65,Course_65,Technology,45,4801,54.738094,Coursera,22.414206,3.1601362
77,Course_77,Marketing,32,815,95.64612,Coursera,184.04204,3.2983263
82,Course_82,AI,84,2244,51.21694,Coursera,151.66342,3.1287754
90,Course_90,Data Science,42,3372,56.35507,Coursera,41.095028,3.41142
93,Course_93,Finance,14,4684,69.129265,Coursera,186.93015,4.209774
96,Course_96,Programming,42,3052,52.95944,Coursera,161.83986,3.2594981
98,Course_98,Design,49,2299,88.31334,Coursera,45.96752,3.1141047
100,Course_100,Marketing,22,4607,51.333336,Coursera,166.78032,4.1664085
102,Course_102,AI,77,861,83.21504,Coursera,145.43579,3.0438843
104,Course_104,Technology,78,1212,94.309944,Coursera,140.02354,3.9181607
112,Course_112,Programming,100,2615,68.14669,Coursera,96.45921,4.9796963
114,Course_114,Finance,45,2044,83.2681,Coursera,196.03566,4.9531155
115,Course_115,Finance,36,1012,88.27215,Coursera,22.678528,4.6997924
116,Course_116,AI,48,3947,90.741425,Coursera,45.674034,3.2726934
120,Course_120,Office Tools,51,3854,53.17234,Coursera,171.90668,4.8421607
123,Course_123,Data Science,73,3293,93.32625,Coursera,52.93608,3.0204666
125,Course_125,Office Tools,72,3288,76.75719,Coursera,135.8055,4.2196293
126,Course_126,Finance,27,4896,68.98121,Coursera,126.05596,4.575146
129,Course_129,Office Tools,14,1769,97.71002,Coursera,36.591812,3.179447
134,Course_134,Finance,86,1418,70.04399,Coursera,156.9981,3.8972547
137,Course_137,Business,86,540,60.598457,Coursera,11.543202,4.337972
155,Course_155,Business,77,4134,74.78978,Coursera,142.47139,4.482171
159,Course_159,Programming,100,4019,64.31777,Coursera,99.34478,3.2902782
165,Course_165,Programming,26,3747,78.298416,Coursera,159.02113,3.2684422
169,Course_169,Programming,37,276,63.084656,Coursera,118.76557,3.756624
171,Course_171,Office Tools,18,4946,99.399155,Coursera,64.44893,4.5714016
175,Course_175,Design,11,105,54.2957,Coursera,66.27087,4.972695
177,Course_177,Finance,40,1057,91.39708,Coursera,188.21005,3.5730894
186,Course_186,Programming,30,1226,63.01945,Coursera,158.15417,4.748391
187,Course_187,Finance,10,2041,63.57067,Coursera,62.94404,3.4371815
189,Course_189,Technology,68,1169,75.221214,Coursera,167.52655,4.9510384
202,Course_202,Finance,36,3408,78.14042,Coursera,182.2592,3.003971
212,Course_212,Technology,62,979,69.55641,Coursera,64.5765,4.800398
221,Course_221,Data Science,21,1578,96.56475,Coursera,75.25452,4.429201
224,Course_224,Programming,52,3448,79.39083,Coursera,46.708576,3.5136988
226,Course_226,Technology,44,3173,98.54384,Coursera,78.97511,3.8416138
229,Course_229,Finance,88,4481,70.37229,Coursera,170.21468,3.7973938
232,Course_232,Design,39,2019,97.14954,Coursera,118.70366,4.4498177
234,Course_234,Marketing,36,343,75.108604,Coursera,12.857636,4.8061175
236,Course_236,Technology,69,1722,95.555595,Coursera,59.250435,4.3216667
245,Course_245,Programming,34,2009,76.67003,Coursera,160.47412,4.6318316
248,Course_248,Data Science,36,248,81.663994,Coursera,183.85156,4.682114
252,Course_252,Business,97,4358,94.215546,Coursera,58.17137,4.1576567
254,Course_254,Technology,76,119,64.17676,Coursera,175.3631,4.276216
255,Course_255,Business,94,1604,55.139442,Coursera,108.72241,4.7549214
257,Course_257,Data Science,53,3793,97.65989,Coursera,61.125687,3.18983
262,Course_262,Technology,16,1627,74.36433,Coursera,135.70267,3.679957
266,Course_266,Design,91,4473,59.179638,Coursera,100.670494,3.2639089
268,Course_268,Office Tools,55,143,83.7732,Coursera,189.46211,4.5947475
269,Course_269,Programming,17,3238,64.67135,Coursera,37.19101,3.3809588
270,Course_270,Business,24,3757,87.589,Coursera,146.90053,3.5786583
274,Course_274,Finance,85,2105,92.917786,Coursera,79.935074,3.2711253
279,Course_279,Business,19,3860,81.270195,Coursera,19.7173,3.6495073
284,Course_284,Office Tools,22,4289,50.182205,Coursera,123.650734,4.506638
285,Course_285,Data Science,97,324,60.397728,Coursera,56.330788,3.8381288
289,Course_289,AI,93,2131,73.1417,Coursera,175.83421,3.8792226
293,Course_293,Office Tools,79,4685,62.53618,Coursera,129.95439,3.3534806
299,Course_299,Programming,98,1855,97.59254,Coursera,130.41484,3.4903781
302,Course_302,Design,77,2588,80.84778,Coursera,182.84116,3.628115
304,Course_304,Marketing,39,664,80.33952,Coursera,28.39402,4.2386904
308,Course_308,Technology,91,4224,84.44949,Coursera,66.12925,4.1986747
312,Course_312,Programming,30,2507,79.90224,Coursera,171.3987,4.3130074
320,Course_320,Marketing,87,4148,86.004395,Coursera,68.48623,4.577326
323,Course_323,Office Tools,56,1372,65.297775,Coursera,65.674095,3.9129803
329,Course_329,Marketing,82,1144,52.495903,Coursera,145.71027,4.2903147
330,Course_330,Office Tools,97,2034,51.54544,Coursera,133.68643,4.626419
333,Course_333,Office Tools,100,1834,53.85646,Coursera,113.75841,3.267837
344,Course_344,Technology,15,3588,58.071163,Coursera,74.32065,3.6991432
346,Course_346,Design,45,3224,99.1396,Coursera,96.24067,3.0616207
347,Course_347,Marketing,68,2661,98.87428,Coursera,17.291203,4.123956
348,Course_348,Technology,16,419,89.70556,Coursera,102.447136,3.0855877
350,Course_350,Data Science,58,892,93.40931,Coursera,143.75554,4.885356
352,Course_352,Design,26,3889,72.999794,Coursera,188.24448,4.560845
357,Course_357,Programming,36,1717,99.03293,Coursera,22.346165,4.180956
364,Course_364,Finance,48,4676,89.287254,Coursera,30.183542,4.3580365
372,Course_372,Programming,90,4734,95.67667,Coursera,14.399149,4.579092
379,Course_379,Office Tools,52,2447,58.858315,Coursera,17.239803,3.5684812
380,Course_380,Office Tools,90,1559,90.9506,Coursera,170.89108,4.447396
384,Course_384,AI,15,3941,53.994164,Coursera,191.15851,3.2275207
387,Course_387,Programming,35,2105,70.5019,Coursera,195.20363,3.9382765
391,Course_391,Finance,86,1643,62.010403,Coursera,141.50014,4.756399
399,Course_399,Finance,66,877,74.28672,Coursera,188.79338,3.4113927
406,Course_406,AI,32,475,86.37728,Coursera,37.37726,3.3372035
411,Course_411,Business,11,3069,82.80256,Coursera,170.03204,3.8237047
413,Course_413,AI,43,941,55.018803,Coursera,63.85804,4.4211707
417,Course_417,Office Tools,38,135,88.08805,Coursera,178.36713,4.3015623
428,Course_428,Technology,18,1394,69.0938,Coursera,120.41543,4.099066
429,Course_429,Business,54,4099,55.316036,Coursera,10.037145,4.149002
448,Course_448,AI,53,4223,93.39024,Coursera,165.20874,4.3839283
450,Course_450,Data Science,70,1918,60.011555,Coursera,162.62009,4.0062423
454,Course_454,Programming,28,2021,53.0727,Coursera,48.80969,4.268747
457,Course_457,Design,88,4959,86.83374,Coursera,40.20656,3.9267364
464,Course_464,Office Tools,29,3449,71.10475,Coursera,79.06733,4.5507374
466,Course_466,Office Tools,40,4977,98.07985,Coursera,87.03176,3.1286397
468,Course_468,Data Science,15,1020,80.15063,Coursera,184.34834,4.377679
469,Course_469,Business,100,1221,70.7349,Coursera,96.90863,3.7944334
474,Course_474,Programming,83,1123,77.26861,Coursera,193.93892,3.6915529
485,Course_485,Design,84,457,90.06095,Coursera,13.07514,4.7813907
492,Course_492,Data Science,46,2316,96.50761,Coursera,30.638222,4.982891
496,Course_496,Programming,100,4577,80.9321,Coursera,89.614136,4.243869
498,Course_498,Programming,17,4649,57.31726,Coursera,55.30101,4.5647535
499,Course_499,Business,61,1365,72.949455,Coursera,93.549866,4.0374384
501,Course_501,Marketing,31,1458,90.47797,Coursera,47.498615,4.6406956
503,Course_503,Design,20,454,77.24191,Coursera,116.821365,4.732247
505,Course_505,Marketing,52,3039,74.25337,Coursera,50.319057,3.2241664
508,Course_508,Data Science,86,2436,87.35323,Coursera,124.46308,4.619727
513,Course_513,Technology,32,1823,53.195396,Coursera,91.003456,3.250584
515,Course_515,Finance,44,2429,85.59735,Coursera,107.43872,4.1158023
519,Course_519,Design,32,4575,51.99323,Coursera,123.24665,4.419113
522,Course_522,Finance,97,254,77.52335,Coursera,76.75153,4.107224
524,Course_524,Data Science,22,4717,92.67612,Coursera,16.102505,4.0858097
538,Course_538,Marketing,65,3220,81.97253,Coursera,46.35181,3.236517
542,Course_542,Programming,88,1592,96.4663,Coursera,116.00419,3.8378682
547,Course_547,AI,72,2341,53.667717,Coursera,170.55788,3.5564864
552,Course_552,Technology,55,1081,85.29658,Coursera,107.7712,3.275563
555,Course_555,Design,81,2994,55.31608,Coursera,147.73746,3.712647
562,Course_562,AI,57,3558,54.12354,Coursera,34.705303,3.4824727
565,Course_565,AI,50,1105,77.984505,Coursera,112.30246,4.0423894
567,Course_567,Data Science,49,2551,93.25117,Coursera,54.348156,4.2305446
575,Course_575,Office Tools,28,4498,55.715126,Coursera,50.21703,4.4753532
577,Course_577,Design,30,2257,78.55151,Coursera,176.29254,3.7354999
585,Course_585,Design,71,4858,99.1609,Coursera,26.449484,3.4287653
587,Course_587,Design,60,3634,57.222485,Coursera,71.68119,4.7225957
588,Course_588,Marketing,75,4398,77.680725,Coursera,151.99786,4.178912
591,Course_591,Programming,70,3268,98.12157,Coursera,197.7769,3.881867
598,Course_598,Technology,89,2426,50.167583,Coursera,142.85658,3.477184
606,Course_606,AI,30,4442,51.366753,Coursera,64.37405,4.546506
607,Course_607,AI,39,4701,81.06427,Coursera,13.580542,3.0143359
617,Course_617,Programming,31,2823,91.29323,Coursera,153.59375,3.2078395
620,Course_620,Design,79,4860,99.58761,Coursera,125.65097,4.8476224
621,Course_621,Marketing,48,4609,66.1132,Coursera,85.318924,4.5873284
624,Course_624,Business,57,4022,57.82282,Coursera,20.901733,3.1309013
625,Course_625,Technology,32,4025,89.79766,Coursera,72.38622,4.7152433
631,Course_631,Programming,56,2380,56.302307,Coursera,133.10907,4.5387254
632,Course_632,Business,50,728,70.69596,Coursera,136.59285,4.441347
636,Course_636,Finance,94,4584,57.530563,Coursera,143.5246,3.0965495
637,Course_637,Programming,61,3916,57.385143,Coursera,128.75565,4.4279
638,Course_638,Finance,98,878,63.19255,Coursera,137.55124,4.7052293
639,Course_639,Office Tools,14,2695,83.68066,Coursera,119.79774,4.4578114
645,Course_645,Data Science,83,1603,98.02198,Coursera,17.578943,4.47803
649,Course_649,Programming,39,1433,77.24835,Coursera,159.14735,3.264232
653,Course_653,AI,85,1423,52.15019,Coursera,91.5518,3.0081499
654,Course_654,Programming,83,4580,65.44775,Coursera,55.787014,4.57078
655,Course_655,Finance,63,270,87.75423,Coursera,138.407,4.0834184
681,Course_681,Technology,57,441,59.272285,Coursera,189.67546,3.72343
682,Course_682,Marketing,43,867,60.70638,Coursera,132.29732,3.6170652
683,Course_683,Programming,79,2118,68.97474,Coursera,24.86491,4.0410843
685,Course_685,Business,25,180,80.47011,Coursera,96.32206,4.791267
691,Course_691,Business,10,616,81.64445,Coursera,182.05147,4.7487407
692,Course_692,Office Tools,60,650,65.52472,Coursera,37.15377,3.0790749
709,Course_709,Marketing,58,2734,60.32637,Coursera,88.38419,4.575588
712,Course_712,Office Tools,18,1750,97.54028,Coursera,190.23509,4.9700665
713,Course_713,Data Science,36,847,96.14873,Coursera,25.643055,4.3529096
719,Course_719,Office Tools,24,4475,53.62281,Coursera,107.74398,4.9586887
731,Course_731,Data Science,80,3504,54.334038,Coursera,163.85059,3.9983935
733,Course_733,AI,11,4284,94.5824,Coursera,90.06959,3.2489853
740,Course_740,AI,51,2093,92.05009,Coursera,74.55141,4.1120863
742,Course_742,Office Tools,63,229,51.39644,Coursera,90.183334,4.219602
745,Course_745,Business,53,2017,62.223694,Coursera,81.3809,4.0769377
747,Course_747,Business,14,4979,68.46899,Coursera,79.0494,4.297816
750,Course_750,Programming,100,1212,74.681114,Coursera,143.66183,4.326579
754,Course_754,Technology,32,1690,94.580124,Coursera,55.654694,4.27057
757,Course_757,Technology,56,2401,85.391594,Coursera,41.208572,3.326136
759,Course_759,Technology,15,2933,68.791466,Coursera,43.187252,3.9978743
764,Course_764,Finance,14,4448,66.49897,Coursera,167.14246,3.082679
765,Course_765,Office Tools,40,4402,90.0826,Coursera,185.44571,3.1472173
770,Course_770,Design,31,3498,58.49939,Coursera,155.60907,3.5520644
772,Course_772,Technology,92,4882,54.255867,Coursera,58.06147,3.0761855
773,Course_773,Business,26,827,62.111088,Coursera,62.44809,3.09904
775,Course_775,AI,90,4587,85.86395,Coursera,110.135544,4.423387
777,Course_777,Finance,71,4702,70.10114,Coursera,129.5095,4.8009686
780,Course_780,Data Science,49,1793,83.58122,Coursera,18.990927,4.9206433
781,Course_781,Design,69,1507,53.82229,Coursera,78.6432,4.51606
782,Course_782,Data Science,15,3871,91.14837,Coursera,128.04947,4.592996
783,Course_783,Design,15,1903,90.73009,Coursera,161.90987,4.634336
790,Course_790,Finance,90,2379,71.740654,Coursera,118.8693,4.6119847
793,Course_793,Business,79,2118,55.59042,Coursera,46.602875,3.8888876
799,Course_799,Finance,44,4201,60.068733,Coursera,172.67845,4.913447
801,Course_801,Programming,69,3422,95.564575,Coursera,139.3736,4.6028805
803,Course_803,AI,45,4640,79.12494,Coursera,69.49377,3.7610707
811,Course_811,Business,37,3744,75.45559,Coursera,186.57608,3.5652468
821,Course_821,Finance,16,4016,65.03205,Coursera,121.16444,4.859517
822,Course_822,Office Tools,96,2144,96.223206,Coursera,86.87689,4.7312613
824,Course_824,Business,89,2543,57.97364,Coursera,40.067223,3.8575168
828,Course_828,Programming,23,3957,53.14407,Coursera,37.854805,3.6056137
834,Course_834,Marketing,12,1956,96.19874,Coursera,134.19359,4.0757127
845,Course_845,Marketing,49,4164,80.87694,Coursera,155.31653,4.673545
848,Course_848,Finance,47,494,97.86159,Coursera,150.48499,4.4353786
851,Course_851,Design,59,1934,82.96097,Coursera,142.45183,3.5295115
852,Course_852,Data Science,94,4275,74.84416,Coursera,180.92514,3.167474
855,Course_855,Office Tools,23,4849,63.563972,Coursera,100.97799,3.7810662
862,Course_862,Finance,77,2429,80.93645,Coursera,85.8208,4.881622
865,Course_865,Business,79,2098,95.06414,Coursera,40.42794,4.4050293
868,Course_868,Marketing,92,3905,96.04476,Coursera,151.47392,3.2896023
869,Course_869,Finance,68,3628,61.20647,Coursera,191.95256,4.7816586
870,Course_870,Business,75,313,83.0614,Coursera,161.21512,3.308667
873,Course_873,Design,50,4298,96.19606,Coursera,30.51313,4.25294
886,Course_886,Office Tools,15,3592,79.66561,Coursera,68.77163,4.0499597
896,Course_896,Programming,18,4997,58.410797,Coursera,108.64219,3.3092043
897,Course_897,Marketing,29,3681,56.371456,Coursera,74.151215,3.0752745
899,Course_899,Finance,56,4230,56.944714,Coursera,45.03559,4.4945745
909,Course_909,Data Science,92,1760,85.341644,Coursera,59.52096,3.5869172
910,Course_910,Business,61,321,88.934875,Coursera,119.17053,3.4176502
918,Course_918,Office Tools,20,4228,54.11431,Coursera,98.82444,4.7196016
921,Course_921,Office Tools,72,1141,91.29137,Coursera,54.062626,3.6074858
927,Course_927,Marketing,14,2256,50.542267,Coursera,142.3483,3.7013059
931,Course_931,Data Science,58,4177,76.52495,Coursera,161.89542,4.6374407
939,Course_939,Finance,97,3087,50.183716,Coursera,181.0337,4.593829
940,Course_940,Design,60,1200,57.401157,Coursera,105.86697,4.117611
941,Course_941,AI,89,2881,88.90326,Coursera,141.93085,3.079959
945,Course_945,Marketing,94,1304,96.22344,Coursera,182.23067,4.476773
956,Course_956,Business,14,1501,54.256973,Coursera,55.827843,3.8670714
969,Course_969,Finance,65,219,81.856255,Coursera,78.36208,3.1358876
976,Course_976,Office Tools,86,2802,79.523926,Coursera,59.51542,3.7364855
977,Course_977,Data Science,97,4188,65.68684,Coursera,154.85316,4.7184043
979,Course_979,Technology,87,4366,67.25293,Coursera,88.91609,3.7509813
980,Course_980,Technology,81,1792,97.74071,Coursera,170.34605,4.4868217
986,Course_986,Technology,15,4188,70.47014,Coursera,153.96964,3.8785834
994,Course_994,Marketing,43,3293,52.63838,Coursera,142.5316,3.9602587
998,Course_998,Design,94,1599,83.84696,Coursera,98.88681,4.9576125
1006,Course_1006,Design,76,711,70.81077,Coursera,121.9413,4.265877
1010,Course_1010,Office Tools,58,2602,51.793556,Coursera,12.432217,3.5169075
1031,Course_1031,Office Tools,79,4096,58.02573,Coursera,81.178505,3.724833
1037,Course_1037,Design,37,3272,57.790432,Coursera,120.80024,3.2563162
1046,Course_1046,Business,48,4247,52.299744,Coursera,24.736612,3.4128451
1052,Course_1052,Programming,16,3241,66.10664,Coursera,155.3418,4.2379794
1054,Course_1054,Data Science,93,2592,71.33425,Coursera,190.45294,3.1713557
1056,Course_1056,Programming,40,1254,79.30117,Coursera,167.98047,4.3432975
1064,Course_1064,Data Science,70,4905,60.77387,Coursera,86.44831,3.9960117
1067,Course_1067,Technology,99,219,71.90055,Coursera,113.23437,4.9150653
1068,Course_1068,Marketing,23,2580,67.149376,Coursera,144.97214,3.1310694
1076,Course_1076,Office Tools,40,2981,79.01932,Coursera,70.963036,4.563148
1090,Course_1090,Finance,17,697,98.35527,Coursera,178.95955,4.6160393
1091,Course_1091,Data Science,88,2428,89.07268,Coursera,121.34002,3.4336896
1092,Course_1092,Finance,34,1204,75.54783,Coursera,46.62572,4.2900796
1098,Course_1098,Office Tools,65,802,52.36796,Coursera,127.28995,4.0768743
1099,Course_1099,AI,65,1372,74.10055,Coursera,175.25603,4.085191
1115,Course_1115,Programming,15,3046,86.20152,Coursera,31.742933,3.3704722
1117,Course_1117,Design,78,3783,72.84493,Coursera,136.17055,4.2115936
1118,Course_1118,Marketing,77,1370,88.85135,Coursera,133.56369,4.369399
1124,Course_1124,Marketing,36,4736,56.234493,Coursera,28.561642,3.141544
1130,Course_1130,AI,79,4150,97.103645,Coursera,104.282524,4.8159175
1136,Course_1136,Design,83,2187,51.940224,Coursera,92.28091,3.7204309
1143,Course_1143,Technology,19,4199,73.93727,Coursera,159.13805,3.9858904
1146,Course_1146,Design,62,2111,52.35138,Coursera,134.9562,4.075978
1147,Course_1147,Business,93,1906,56.192703,Coursera,88.003395,4.524342
1150,Course_1150,Marketing,17,1477,58.53864,Coursera,175.46992,3.9461408
1152,Course_1152,Marketing,95,2891,97.95083,Coursera,173.49599,4.928532
1153,Course_1153,Office Tools,26,4306,83.35597,Coursera,135.93816,3.964861
1156,Course_1156,Business,78,2181,75.105484,Coursera,48.065144,4.3870077
1169,Course_1169,Business,41,852,94.783966,Coursera,48.44046,3.3457525
1173,Course_1173,Data Science,68,3661,58.92787,Coursera,107.228355,3.6204472
1180,Course_1180,Office Tools,56,829,69.760155,Coursera,72.608,3.1184354
1185,Course_1185,AI,51,2817,51.174732,Coursera,195.40169,3.0950751
1192,Course_1192,Technology,60,3177,63.85893,Coursera,47.26729,3.817301
1194,Course_1194,Finance,36,758,86.28395,Coursera,104.293236,3.6929011
1196,Course_1196,Business,85,495,87.352715,Coursera,163.43173,3.9185255
1198,Course_1198,Office Tools,56,151,59.504185,Coursera,196.03908,3.181534
1199,Course_1199,Technology,90,2513,82.52831,Coursera,136.24632,3.0783243
1203,Course_1203,Design,13,2251,95.54556,Coursera,105.09662,4.239746
1205,Course_1205,Business,52,4861,58.860233,Coursera,193.57098,4.643411
1211,Course_1211,Office Tools,58,2306,94.247894,Coursera,194.03708,4.949626
1221,Course_1221,Data Science,100,4828,73.78926,Coursera,162.22253,4.703024
1225,Course_1225,Data Science,92,538,98.00108,Coursera,173.00897,4.9185495
1226,Course_1226,Programming,81,1543,94.87322,Coursera,22.509697,3.5468974
1241,Course_1241,Technology,95,691,54.90071,Coursera,197.51358,4.2526035
1248,Course_1248,Finance,40,3850,99.50166,Coursera,19.439516,3.6752076
1249,Course_1249,Programming,17,893,95.11482,Coursera,17.255592,4.0309224
1254,Course_1254,Office Tools,88,4100,72.96873,Coursera,138.24715,4.7338543
1257,Course_1257,Business,17,2661,65.15944,Coursera,179.90982,3.1178246
1262,Course_1262,Business,90,694,86.617676,Coursera,87.07086,3.5739207
1271,Course_1271,Finance,88,1028,59.709835,Coursera,36.09607,3.2790825
1281,Course_1281,Data Science,18,4517,95.29923,Coursera,167.1204,4.501379
1282,Course_1282,Business,56,4882,97.92922,Coursera,128.61157,4.9266696
1287,Course_1287,Office Tools,93,4468,58.119,Coursera,148.19276,4.7719893
1293,Course_1293,Marketing,51,2942,87.626015,Coursera,183.23827,4.4781313
1297,Course_1297,Programming,19,4913,68.027145,Coursera,188.71869,3.4647226
1301,Course_1301,Marketing,56,4829,61.1221,Coursera,187.99982,3.1961555
1302,Course_1302,Technology,29,3660,84.532555,Coursera,159.32613,3.437151
1307,Course_1307,Business,56,4685,99.66651,Coursera,45.09357,4.170281
1318,Course_1318,Finance,66,3554,67.01805,Coursera,58.942432,4.032765
1319,Course_1319,Data Science,70,4005,64.683846,Coursera,130.22827,4.9086604
1334,Course_1334,Business,91,3658,71.71473,Coursera,194.42096,4.923073
1339,Course_1339,Finance,78,3604,50.36351,Coursera,197.4157,3.097186
1352,Course_1352,Office Tools,79,605,88.194145,Coursera,122.24992,4.10356
1360,Course_1360,Data Science,20,1308,51.02874,Coursera,106.74106,4.764937
1361,Course_1361,Technology,32,3714,74.73099,Coursera,134.02962,3.704412
1365,Course_1365,Office Tools,100,3506,96.33238,Coursera,185.159,4.1853805
1367,Course_1367,Programming,73,644,90.43738,Coursera,79.429375,3.8560634
1368,Course_1368,AI,20,4757,69.25213,Coursera,23.15252,3.6821554
1379,Course_1379,Data Science,63,183,53.99357,Coursera,50.560867,3.5900006
1380,Course_1380,Design,17,678,58.928272,Coursera,33.977306,3.4880269
1381,Course_1381,Data Science,25,4822,50.45259,Coursera,169.81955,4.9067006
1383,Course_1383,Programming,82,3292,80.76806,Coursera,159.51561,4.320292
1393,Course_1393,Marketing,19,4260,62.1508,Coursera,86.58897,3.0138445
1404,Course_1404,Data Science,47,1488,99.82593,Coursera,163.64943,3.503665
1407,Course_1407,Data Science,60,899,52.584015,Coursera,65.62552,4.0250564
1408,Course_1408,Business,37,247,97.03441,Coursera,90.62265,3.9915676
1409,Course_1409,Data Science,88,843,51.002216,Coursera,169.45287,3.254022
1412,Course_1412,AI,30,2168,52.70727,Coursera,156.52466,3.4413297
1418,Course_1418,AI,25,1515,70.60216,Coursera,61.976673,4.2882013
1424,Course_1424,AI,65,1064,51.193527,Coursera,80.75825,4.86282
1425,Course_1425,Technology,69,832,74.501274,Coursera,138.97159,4.0301414
1434,Course_1434,Marketing,48,3588,95.39798,Coursera,10.996987,4.154355
1435,Course_1435,Design,88,4911,88.93856,Coursera,46.53644,3.1960957
1436,Course_1436,Technology,44,4692,55.277863,Coursera,63.875484,4.4616303
1440,Course_1440,Business,77,1487,67.92471,Coursera,43.54518,3.3135672
1453,Course_1453,Business,86,4415,85.16065,Coursera,73.714676,3.3307178
1457,Course_1457,Design,81,2963,72.24379,Coursera,168.07678,4.5055194
1462,Course_1462,Programming,86,859,93.92804,Coursera,46.868534,3.8526363
1463,Course_1463,Programming,67,3550,84.4906,Coursera,113.17736,4.3230762
1469,Course_1469,Business,35,2842,91.7227,Coursera,171.7009,3.5055885
1473,Course_1473,Programming,52,2603,98.886856,Coursera,129.81424,3.2151537
1483,Course_1483,Design,72,571,95.75621,Coursera,95.146164,4.895514
1486,Course_1486,Programming,86,953,72.27993,Coursera,36.095074,4.14963
1489,Course_1489,Business,53,1127,91.73403,Coursera,168.07443,4.3152866
1493,Course_1493,Marketing,75,3996,79.97845,Coursera,78.86091,4.4997215
1497,Course_1497,Design,62,1190,64.36998,Coursera,178.5102,3.8301442
1500,Course_1500,Technology,34,475,70.77327,Coursera,142.55846,4.9901805
1501,Course_1501,Office Tools,46,3001,61.92866,Coursera,159.33382,4.516138
1504,Course_1504,Data Science,93,3554,72.783516,Coursera,66.25548,4.606203
1513,Course_1513,Design,57,270,93.08318,Coursera,29.362093,4.6939273
1527,Course_1527,Technology,57,4065,77.27023,Coursera,128.00475,3.8766634
1530,Course_1530,Finance,43,1588,76.938995,Coursera,107.18716,4.8553505
1537,Course_1537,Design,30,4005,68.55857,Coursera,128.30688,4.029355
1543,Course_1543,Office Tools,16,1145,72.62434,Coursera,198.5544,4.5951576
1544,Course_1544,Office Tools,37,3362,50.412712,Coursera,158.99677,4.5542192
1546,Course_1546,Finance,49,2087,62.957577,Coursera,157.48665,4.040032
1547,Course_1547,Technology,21,2399,54.428364,Coursera,127.062164,4.7864714
1549,Course_1549,Data Science,10,1717,57.24108,Coursera,72.785515,3.199637
1550,Course_1550,Data Science,75,2088,58.211773,Coursera,85.35959,3.813556
1555,Course_1555,Business,43,638,80.07662,Coursera,151.52605,4.3862953
1558,Course_1558,Office Tools,100,390,81.95849,Coursera,181.86864,3.1416652
1559,Course_1559,Design,69,3061,87.90605,Coursera,166.95099,3.4287407
1560,Course_1560,Programming,77,2307,50.387405,Coursera,142.38506,3.3546844
1562,Course_1562,Programming,24,2072,98.45708,Coursera,163.32484,4.3399253
1563,Course_1563,Office Tools,71,2341,95.57669,Coursera,69.42643,4.5396643
1570,Course_1570,Office Tools,42,2153,99.41135,Coursera,97.68641,4.4415355
1574,Course_1574,Programming,16,2777,98.91387,Coursera,123.81969,4.532809
1577,Course_1577,Design,41,2311,77.19897,Coursera,31.119516,4.3385935
1579,Course_1579,Design,100,2539,78.0927,Coursera,111.45271,4.759182
1580,Course_1580,Business,77,2841,75.44588,Coursera,56.97282,4.5994763
1583,Course_1583,Office Tools,77,3799,91.18434,Coursera,121.13279,4.5485926
1587,Course_1587,Finance,92,200,99.37333,Coursera,190.5221,4.6956964
1593,Course_1593,Finance,55,4205,63.766422,Coursera,17.925308,4.778769
1595,Course_1595,Marketing,64,2013,90.08658,Coursera,199.19058,3.1185374
1601,Course_1601,Business,85,139,99.241615,Coursera,192.68706,4.5358634
1602,Course_1602,Data Science,32,1475,76.16825,Coursera,188.52234,3.6703253
1604,Course_1604,Office Tools,55,104,70.01963,Coursera,142.48334,4.21699
1605,Course_1605,Technology,28,427,75.58898,Coursera,128.48077,4.2849517
1609,Course_1609,AI,93,599,67.88856,Coursera,49.3101,3.775141
1613,Course_1613,Technology,37,3112,57.616894,Coursera,12.91133,3.560768
1615,Course_1615,Finance,29,1586,83.49953,Coursera,21.441658,3.2291083
1620,Course_1620,Finance,81,3282,69.8743,Coursera,171.54428,3.5422394
1626,Course_1626,Finance,99,3571,69.36479,Coursera,196.49333,3.2751312
1628,Course_1628,Programming,14,2337,96.1791,Coursera,139.83846,3.861651
1630,Course_1630,Data Science,38,181,79.07286,Coursera,34.497578,3.5307176
1636,Course_1636,Business,36,1848,74.70661,Coursera,136.1522,3.3847175
1642,Course_1642,Office Tools,72,315,64.698044,Coursera,182.42513,3.1514094
1643,Course_1643,Business,71,2373,73.26113,Coursera,27.393705,4.6367893
1646,Course_1646,Business,13,2311,63.903988,Coursera,27.262108,3.6359859
1649,Course_1649,AI,76,2992,52.17757,Coursera,182.56439,3.1702065
1651,Course_1651,Design,76,3439,78.63379,Coursera,11.906273,4.0412807
1656,Course_1656,Design,60,1358,94.84682,Coursera,181.76288,3.4776165
1659,Course_1659,AI,66,1355,72.29012,Coursera,87.6587,4.147576
1664,Course_1664,Design,16,264,96.64809,Coursera,58.47024,3.060809
1666,Course_1666,Technology,57,4386,53.763596,Coursera,99.46551,3.05969
1667,Course_1667,Business,77,698,62.75363,Coursera,173.26462,4.396707
1668,Course_1668,AI,88,4316,82.196815,Coursera,136.31757,4.426784
1671,Course_1671,Marketing,36,3326,87.71221,Coursera,150.09708,3.9414356
1674,Course_1674,Finance,18,2107,54.504562,Coursera,175.78528,4.375231
1682,Course_1682,Design,30,1606,85.114876,Coursera,40.640022,4.0341263
1685,Course_1685,Programming,38,1358,87.99666,Coursera,35.045673,3.279052
1688,Course_1688,Design,27,3816,63.798,Coursera,195.09581,4.6405945
1691,Course_1691,Data Science,86,102,52.33064,Coursera,56.31876,3.0533452
1696,Course_1696,Data Science,84,1010,84.6925,Coursera,93.25405,4.194244
1699,Course_1699,Office Tools,64,3932,50.4613,Coursera,138.63692,3.6752324
1702,Course_1702,Programming,46,4216,85.229996,Coursera,140.65077,3.5496507
1704,Course_1704,Technology,94,3508,57.83851,Coursera,78.99264,3.779021
1705,Course_1705,Business,39,2827,85.17357,Coursera,157.8604,4.628969
1709,Course_1709,Marketing,20,4530,69.5726,Coursera,186.73003,4.3314934
1711,Course_1711,Business,47,4672,54.363014,Coursera,34.470554,3.041172
1712,Course_1712,Programming,83,3039,77.91211,Coursera,184.9428,3.6490765
1715,Course_1715,Design,55,4442,80.43405,Coursera,120.49688,3.6800709
1717,Course_1717,Data Science,89,1313,53.144047,Coursera,197.08096,3.835077
1718,Course_1718,Data Science,60,3622,91.406624,Coursera,167.29295,3.646019
1723,Course_1723,Data Science,17,2997,97.970955,Coursera,130.59326,4.127295
1729,Course_1729,Technology,94,2295,76.46604,Coursera,179.37119,3.51057
1734,Course_1734,Marketing,30,1583,54.592175,Coursera,46.781956,4.185737
1739,Course_1739,Data Science,46,2462,74.99993,Coursera,155.3157,3.5564108
1742,Course_1742,Finance,17,3616,52.74662,Coursera,57.73752,4.870326
1749,Course_1749,Business,21,503,57.81749,Coursera,108.31507,4.3221326
1758,Course_1758,Finance,13,1137,73.47923,Coursera,134.63782,4.8614187
1759,Course_1759,Data Science,60,1305,51.91516,Coursera,159.35255,3.1086092
1761,Course_1761,Data Science,26,4401,57.41736,Coursera,96.35641,4.2078815
1764,Course_1764,Finance,53,905,77.084625,Coursera,83.86518,4.3106904
1770,Course_1770,Marketing,63,3426,61.282402,Coursera,192.34138,3.3147795
1780,Course_1780,Design,19,567,92.24459,Coursera,114.18667,3.8607533
1782,Course_1782,Business,26,1670,62.517555,Coursera,144.05785,4.503582
1784,Course_1784,Design,62,804,80.488205,Coursera,177.18994,4.0116324
1792,Course_1792,Programming,88,4337,61.497574,Coursera,177.59755,4.095097
1793,Course_1793,Programming,16,604,83.35074,Coursera,196.25565,3.0309649
1796,Course_1796,Office Tools,78,4977,74.279396,Coursera,43.985607,4.9929843
1798,Course_1798,Finance,45,1617,66.27745,Coursera,36.65333,4.2634516
1799,Course_1799,Business,74,2610,52.03492,Coursera,108.33015,3.367358
1801,Course_1801,Design,70,1769,75.07533,Coursera,72.21253,4.84503
1817,Course_1817,Finance,27,2247,78.79618,Coursera,198.98337,4.4132686
1818,Course_1818,Office Tools,60,2195,80.878174,Coursera,46.83385,3.0431273
1820,Course_1820,Technology,73,4246,53.984695,Coursera,57.71399,4.1674414
1822,Course_1822,Marketing,93,1710,73.54356,Coursera,193.64192,3.0844212
1823,Course_1823,Marketing,44,3869,81.1745,Coursera,59.202206,4.5027375
1833,Course_1833,Data Science,48,663,64.156624,Coursera,110.019684,4.080294
1837,Course_1837,Business,80,3318,89.15081,Coursera,66.401634,3.121344
1841,Course_1841,Marketing,76,795,52.077843,Coursera,189.75246,3.616961
1843,Course_1843,Marketing,33,2775,68.78098,Coursera,44.142277,3.3950717
1853,Course_1853,Finance,34,1201,57.166004,Coursera,100.67419,3.7065797
1856,Course_1856,Office Tools,24,1616,71.15923,Coursera,190.15065,4.5305414
1860,Course_1860,Finance,76,2027,67.410576,Coursera,142.5878,3.0478888
1863,Course_1863,Design,14,2857,62.31562,Coursera,134.97444,3.8036761
1865,Course_1865,Finance,44,892,66.70823,Coursera,25.801441,3.6261518
1869,Course_1869,Office Tools,15,1318,82.68076,Coursera,120.71898,3.3841383
1870,Course_1870,Design,36,4097,89.074356,Coursera,177.46477,3.1069076
1871,Course_1871,AI,25,380,80.77227,Coursera,136.8812,4.8456273
1878,Course_1878,Technology,89,817,77.7661,Coursera,154.64037,4.70105
1879,Course_1879,Programming,33,3372,94.398125,Coursera,41.186504,4.9169445
1882,Course_1882,Marketing,32,1326,80.5417,Coursera,147.5468,4.285396
1885,Course_1885,Business,98,2581,65.717834,Coursera,185.50038,4.0328336
1887,Course_1887,Design,40,241,85.12161,Coursera,134.21408,4.9753194
1891,Course_1891,Design,56,1178,73.87845,Coursera,101.23701,4.449433
1898,Course_1898,Technology,50,4245,51.057594,Coursera,199.95,3.688975
1904,Course_1904,Design,69,3866,71.79162,Coursera,188.19983,3.8586063
1906,Course_1906,Marketing,66,3221,97.72365,Coursera,97.69893,3.4728968
1911,Course_1911,Data Science,57,2365,68.96983,Coursera,121.040924,4.1558986
1913,Course_1913,Office Tools,60,1432,82.623184,Coursera,33.402637,4.120872
1914,Course_1914,AI,49,4355,58.994385,Coursera,146.00627,3.0873117
1918,Course_1918,Technology,21,4332,91.70572,Coursera,171.0848,4.766847
1921,Course_1921,Office Tools,64,1969,53.45628,Coursera,25.598333,4.9203124
1922,Course_1922,Technology,67,2135,59.000084,Coursera,33.783855,3.4114833
1923,Course_1923,Design,26,4400,58.64926,Coursera,191.09494,4.1633687
1927,Course_1927,Office Tools,23,614,87.86456,Coursera,146.9771,3.1539292
1930,Course_1930,Technology,17,3227,88.864006,Coursera,32.202263,4.851551
1936,Course_1936,Marketing,78,3982,96.19467,Coursera,71.61282,3.1080065
1937,Course_1937,Programming,67,2967,57.785988,Coursera,104.91208,3.6001186
1941,Course_1941,Marketing,93,2928,86.23346,Coursera,162.10684,3.905415
1944,Course_1944,Programming,24,541,74.04047,Coursera,126.94207,3.5487413
1947,Course_1947,Programming,70,3021,90.21495,Coursera,61.852608,4.6137934
1950,Course_1950,Office Tools,33,2497,72.308395,Coursera,11.07128,3.6490765
1958,Course_1958,Design,50,3469,83.99644,Coursera,101.53135,4.0090117
1966,Course_1966,AI,44,1215,87.992134,Coursera,88.8572,3.404407
1972,Course_1972,Marketing,90,592,91.30394,Coursera,59.566795,4.8077507
1973,Course_1973,Programming,24,4468,81.894745,Coursera,78.73793,3.54417
1975,Course_1975,Finance,58,538,66.60567,Coursera,153.70946,4.6455765
1980,Course_1980,Data Science,32,3971,97.70917,Coursera,128.76344,3.2740278
1981,Course_1981,Programming,41,4545,61.744106,Coursera,133.93309,3.0966265
1988,Course_1988,Finance,91,4240,53.722122,Coursera,147.57455,3.8300354
1992,Course_1992,Data Science,61,2775,61.729683,Coursera,33.67172,3.4409726
1996,Course_1996,Office Tools,11,723,52.226757,Coursera,92.52504,4.9438934
2002,Course_2002,Technology,91,1364,63.61798,Coursera,194.43579,4.9013224
2004,Course_2004,Technology,30,3201,70.500916,Coursera,71.73806,4.052845
2007,Course_2007,Programming,66,4315,95.05316,Coursera,100.09565,4.5212235
2014,Course_2014,Finance,17,4303,72.54752,Coursera,155.66676,4.2081094
2016,Course_2016,Finance,71,3683,95.088066,Coursera,197.30139,3.0809705
2022,Course_2022,AI,21,3758,57.6352,Coursera,46.27979,4.9267797
2024,Course_2024,Data Science,29,129,73.705635,Coursera,72.587166,3.207273
2027,Course_2027,Design,49,4013,82.51666,Coursera,128.55788,3.8840542
2028,Course_2028,Technology,93,3605,57.8063,Coursera,96.718636,3.064968
2038,Course_2038,Technology,70,1741,97.3007,Coursera,135.22784,3.498455
2042,Course_2042,Design,18,2620,58.735596,Coursera,135.0279,4.4275064
2043,Course_2043,Technology,66,1350,72.87537,Coursera,128.5952,3.0885606
2048,Course_2048,Technology,98,3977,80.5611,Coursera,121.302925,4.6757073
2050,Course_2050,AI,61,2185,65.82736,Coursera,61.903034,4.1978045
2054,Course_2054,Programming,36,4404,86.05885,Coursera,142.24727,3.6791701
2057,Course_2057,Business,69,2124,97.00499,Coursera,24.570122,3.3280044
2060,Course_2060,Design,55,102,80.31236,Coursera,199.9477,3.7971902
2066,Course_2066,Programming,28,1073,77.717064,Coursera,142.95851,4.2302094
2068,Course_2068,Programming,19,3567,72.99484,Coursera,28.964764,3.6241467
2069,Course_2069,Design,64,1651,59.966965,Coursera,173.94896,3.9547858
2074,Course_2074,Design,89,3804,87.5485,Coursera,174.07433,4.2191443
2077,Course_2077,Business,13,711,51.74814,Coursera,67.112114,3.7189946
2079,Course_2079,Technology,27,3292,59.55166,Coursera,165.50017,4.9981623
2088,Course_2088,Finance,48,4855,85.89276,Coursera,64.71701,4.153257
2090,Course_2090,Office Tools,14,1143,67.79691,Coursera,150.5777,4.4051065
2095,Course_2095,Business,78,3307,86.77832,Coursera,188.32114,3.2863278
2096,Course_2096,Programming,49,1367,90.850624,Coursera,16.238401,4.9458427
2100,Course_2100,Design,75,3623,56.006973,Coursera,168.24997,4.1679196
2103,Course_2103,Office Tools,46,4658,60.440186,Coursera,36.89037,4.0825415
2104,Course_2104,Design,79,3965,77.47203,Coursera,145.59506,3.740831
2114,Course_2114,Design,58,1809,97.030495,Coursera,136.8541,4.937614
2115,Course_2115,Finance,95,4867,82.80588,Coursera,186.04393,3.0534215
2120,Course_2120,Marketing,18,3053,52.613182,Coursera,144.51196,4.449142
2127,Course_2127,Programming,75,1672,81.17905,Coursera,170.5068,4.6029925
2129,Course_2129,Technology,50,2169,54.139225,Coursera,136.77325,4.34696
2131,Course_2131,Finance,40,2401,51.38374,Coursera,18.836864,4.942754
2148,Course_2148,Business,96,451,98.36586,Coursera,34.699814,4.9262915
2150,Course_2150,Office Tools,88,136,59.560505,Coursera,59.079033,3.7672892
2152,Course_2152,Office Tools,85,4964,86.074295,Coursera,82.3876,3.8239777
2158,Course_2158,Business,78,3250,73.28613,Coursera,32.425247,3.2895672
2159,Course_2159,Design,31,199,95.34782,Coursera,34.867065,3.5262852
2164,Course_2164,Finance,33,1873,74.88693,Coursera,81.198586,4.301643
2171,Course_2171,Business,96,1438,83.265594,Coursera,130.9944,3.9220014
2173,Course_2173,Finance,39,4897,59.9899,Coursera,89.23044,3.5546124
2175,Course_2175,Office Tools,70,232,95.54759,Coursera,193.63351,3.7290626
2178,Course_2178,AI,40,1076,88.34951,Coursera,23.322828,4.9819574
2179,Course_2179,AI,19,4273,66.89438,Coursera,182.20633,3.8410864
2184,Course_2184,AI,14,1882,57.751724,Coursera,16.237032,4.5128946
2190,Course_2190,Programming,13,1662,89.56965,Coursera,129.69614,4.7911143
2194,Course_2194,AI,98,483,73.21826,Coursera,138.0996,3.3720934
2203,Course_2203,Data Science,39,3911,59.62207,Coursera,195.49045,4.0565233
2213,Course_2213,Marketing,90,3377,84.27107,Coursera,123.75702,3.3335001
2216,Course_2216,Marketing,27,2370,85.07345,Coursera,35.129837,3.2527332
2218,Course_2218,Marketing,49,2205,54.77616,Coursera,58.510372,4.8927765
2219,Course_2219,Business,20,3862,64.78542,Coursera,15.091718,4.804014
2222,Course_2222,Business,98,3970,75.70849,Coursera,80.44044,3.0078413
2226,Course_2226,AI,71,4145,89.220474,Coursera,40.972454,3.374275
2228,Course_2228,Technology,10,2590,69.12916,Coursera,70.00829,4.153293
2229,Course_2229,Technology,97,3715,91.616356,Coursera,49.281822,4.9956584
2230,Course_2230,Office Tools,19,2375,86.69828,Coursera,196.439,4.4579654
2235,Course_2235,Data Science,76,3677,76.90058,Coursera,142.1619,4.4208093
2238,Course_2238,Design,69,1692,52.646404,Coursera,39.753494,3.2053702
2242,Course_2242,Business,13,1175,55.24752,Coursera,83.100235,4.279405
2245,Course_2245,Marketing,54,4842,80.82278,Coursera,137.57213,4.2638097
2246,Course_2246,Marketing,79,4018,74.65496,Coursera,123.7886,3.9334168
2250,Course_2250,Data Science,40,4176,78.273285,Coursera,128.93466,4.6617455
2252,Course_2252,Marketing,15,3529,96.92381,Coursera,62.130558,4.7649155
2256,Course_2256,Office Tools,60,2135,97.06164,Coursera,57.578266,3.642127
2262,Course_2262,Office Tools,74,921,56.698376,Coursera,41.6526,4.2436643
2271,Course_2271,AI,19,992,60.92857,Coursera,184.85277,4.4941998
2272,Course_2272,Data Science,90,4228,57.0327,Coursera,91.11981,3.8599544
2273,Course_2273,Finance,57,1510,66.700935,Coursera,75.2642,4.633685
2277,Course_2277,Finance,90,4234,51.667103,Coursera,86.20507,4.8346243
2279,Course_2279,Finance,16,122,99.14198,Coursera,141.19087,4.374102
2280,Course_2280,Design,70,1255,73.7956,Coursera,107.0499,3.1603398
2282,Course_2282,Programming,14,4240,88.99693,Coursera,166.09816,4.6829343
2283,Course_2283,AI,46,3539,95.00297,Coursera,72.515015,4.829178
2288,Course_2288,Data Science,90,3239,72.37941,Coursera,138.68687,3.9147694
2291,Course_2291,Technology,63,4924,93.28202,Coursera,127.840805,4.0952787
2294,Course_2294,Marketing,19,3776,73.5006,Coursera,196.4725,4.0420794
2296,Course_2296,Business,34,4420,70.414764,Coursera,174.99197,3.4242954
2303,Course_2303,Programming,37,443,88.59293,Coursera,191.12875,3.3096073
2306,Course_2306,Data Science,88,4715,50.48086,Coursera,198.56615,4.443613
2307,Course_2307,Finance,100,4129,64.42931,Coursera,66.27701,3.7230492
2312,Course_2312,Office Tools,90,3889,88.584045,Coursera,188.12236,4.2780123
2313,Course_2313,AI,66,145,66.505905,Coursera,91.07655,4.341303
2316,Course_2316,Business,88,2636,82.01359,Coursera,34.32169,3.1421704
2320,Course_2320,Programming,51,4733,70.82627,Coursera,121.52637,3.359538
2328,Course_2328,AI,70,4443,93.39144,Coursera,199.58934,3.020915
2342,Course_2342,Design,78,4392,72.99835,Coursera,87.99242,3.4752188
2351,Course_2351,Programming,70,4732,63.877945,Coursera,63.803196,3.8058922
2360,Course_2360,AI,76,1354,74.972435,Coursera,89.33828,3.3909802
2363,Course_2363,Finance,90,1121,89.337036,Coursera,48.702835,4.1740384
2369,Course_2369,AI,11,1999,72.75792,Coursera,57.58553,4.363645
2377,Course_2377,Technology,89,3250,66.92285,Coursera,13.189163,4.160364
2382,Course_2382,Data Science,26,807,50.45545,Coursera,59.524258,3.0950449
2386,Course_2386,Design,76,4809,77.3978,Coursera,32.894043,3.0952759
2390,Course_2390,Data Science,74,3974,62.724693,Coursera,118.11653,4.904639
2400,Course_2400,Technology,46,2571,71.29355,Coursera,52.63766,3.6553473
2402,Course_2402,Office Tools,78,2766,94.062515,Coursera,184.42792,3.997394
2414,Course_2414,Finance,28,1043,76.325455,Coursera,133.43306,4.2172966
2418,Course_2418,Finance,76,2993,64.78536,Coursera,64.86243,4.921322
2420,Course_2420,Technology,47,311,64.033554,Coursera,97.54523,3.884128
2433,Course_2433,Data Science,59,2641,60.57484,Coursera,150.1157,3.382772
2434,Course_2434,Office Tools,81,2426,65.15248,Coursera,59.205456,3.0439909
2438,Course_2438,Technology,41,1355,93.96019,Coursera,118.69604,4.85023
2448,Course_2448,Technology,42,3387,97.09875,Coursera,167.87733,3.951935
2452,Course_2452,Finance,30,3294,76.07208,Coursera,148.02827,3.0819874
2457,Course_2457,Technology,10,979,78.200455,Coursera,44.590954,3.822422
2460,Course_2460,Finance,52,3553,62.07475,Coursera,47.384476,3.4026053
2463,Course_2463,Office Tools,67,1472,66.3609,Coursera,82.12785,3.7801158
2467,Course_2467,Office Tools,54,3243,68.672295,Coursera,77.01813,3.2505589
2469,Course_2469,Marketing,97,815,99.696594,Coursera,95.52027,4.472639
2482,Course_2482,Data Science,23,2788,66.11296,Coursera,36.775913,3.9484012
2493,Course_2493,Business,99,3537,62.114662,Coursera,68.56821,4.417443
2501,Course_2501,AI,29,3383,69.58951,Coursera,34.133347,3.299348
2511,Course_2511,Office Tools,76,3638,55.21594,Coursera,34.122395,3.2301106
2521,Course_2521,Business,45,196,82.76661,Coursera,42.405018,4.345218
2528,Course_2528,Data Science,77,547,50.652008,Coursera,115.74471,4.322795
2530,Course_2530,Business,76,2370,89.63883,Coursera,30.453075,4.919573
2531,Course_2531,Finance,84,2064,70.68272,Coursera,62.50338,4.0452223
2536,Course_2536,Data Science,15,3146,54.435146,Coursera,67.05265,4.844076
2538,Course_2538,Finance,20,858,88.8884,Coursera,73.28636,4.5051384
2539,Course_2539,Design,29,932,52.55465,Coursera,66.44973,3.2643025
2551,Course_2551,Marketing,30,903,76.876045,Coursera,198.04616,4.504986
2555,Course_2555,AI,53,1704,78.15584,Coursera,198.28302,4.2636437
2557,Course_2557,Technology,28,2678,99.28814,Coursera,95.73737,3.2975988
2563,Course_2563,Technology,37,2097,75.947105,Coursera,129.469,4.7398086
2569,Course_2569,AI,65,3027,87.37446,Coursera,180.44337,3.0347073
2571,Course_2571,Finance,78,1618,96.05989,Coursera,16.25424,3.3076928
2573,Course_2573,Office Tools,39,3431,67.95078,Coursera,48.407944,4.053728
2579,Course_2579,AI,80,883,64.17595,Coursera,104.62256,4.3341117
2589,Course_2589,Technology,62,3110,79.11828,Coursera,46.41255,4.23101
2592,Course_2592,Data Science,37,3448,67.93749,Coursera,162.93022,3.6280982
2594,Course_2594,Design,38,858,67.265526,Coursera,132.23497,3.28956
2596,Course_2596,Office Tools,53,2137,53.262962,Coursera,54.85052,4.5602794
2597,Course_2597,AI,62,3232,97.18564,Coursera,75.69504,3.601015
2598,Course_2598,Finance,17,3644,72.156876,Coursera,56.40791,4.5397267
2600,Course_2600,Business,84,664,97.31931,Coursera,177.63715,4.824012
2601,Course_2601,Programming,93,2887,52.300102,Coursera,134.19417,3.1814713
2604,Course_2604,Programming,21,4768,70.36326,Coursera,71.29045,3.0846539
2615,Course_2615,Technology,79,3362,56.089043,Coursera,43.824978,3.9834924
2616,Course_2616,Business,56,3705,75.9402,Coursera,150.31325,4.7183337
2622,Course_2622,Finance,81,1766,53.46857,Coursera,136.31491,4.109935
2627,Course_2627,Technology,52,287,70.17657,Coursera,67.05284,4.703971
2631,Course_2631,Finance,67,415,82.60365,Coursera,125.89195,3.6182997
2634,Course_2634,Design,12,4498,64.152374,Coursera,74.73505,4.2414865
2638,Course_2638,Marketing,48,1792,92.404305,Coursera,179.51955,4.954936
2641,Course_2641,AI,58,636,56.27059,Coursera,162.46208,3.8038034
2647,Course_2647,Programming,47,1142,89.88171,Coursera,187.9471,3.986846
2648,Course_2648,Technology,43,882,66.130066,Coursera,13.779362,4.5774784
2649,Course_2649,Data Science,24,3270,93.12645,Coursera,199.55943,3.195853
2654,Course_2654,AI,54,4157,69.85643,Coursera,41.322178,3.8179257
2657,Course_2657,AI,45,641,61.787888,Coursera,186.50499,3.8008683
2658,Course_2658,AI,19,2525,84.259964,Coursera,62.673607,3.2780616
2662,Course_2662,Finance,41,4534,55.511955,Coursera,140.85649,3.810164
2663,Course_2663,Office Tools,51,4135,75.06981,Coursera,117.3396,3.3211398
2665,Course_2665,Marketing,56,4661,61.54778,Coursera,77.338,3.5910294
2671,Course_2671,Marketing,80,2593,50.200756,Coursera,144.89348,3.2817898
2677,Course_2677,Finance,49,3833,57.166096,Coursera,35.99606,4.4453616
2679,Course_2679,Finance,78,1814,80.5234,Coursera,168.36066,3.5319228
2681,Course_2681,Marketing,88,3544,54.80663,Coursera,161.58688,4.0034184
2685,Course_2685,Technology,98,4934,87.027016,Coursera,68.56141,3.1393657
2686,Course_2686,Finance,45,3971,97.26348,Coursera,85.52197,4.6280246
2688,Course_2688,Programming,75,2426,89.360405,Coursera,29.686583,3.2468004
2696,Course_2696,Marketing,49,1491,61.88022,Coursera,41.710613,4.997831
2699,Course_2699,Design,19,4519,51.51442,Coursera,114.16407,3.9327042
2700,Course_2700,Programming,26,2985,94.03071,Coursera,171.86418,3.5775626
2702,Course_2702,AI,82,4001,94.84564,Coursera,128.58728,4.829188
2705,Course_2705,Marketing,75,3239,72.68138,Coursera,110.57641,4.163527
2708,Course_2708,Business,13,2520,75.31931,Coursera,58.125153,4.572567
2710,Course_2710,Design,97,122,87.18539,Coursera,149.39883,4.13701
2712,Course_2712,Business,28,1226,86.59509,Coursera,157.17181,3.1775444
2725,Course_2725,Office Tools,85,4329,88.83367,Coursera,39.72871,4.1608186
2726,Course_2726,Data Science,79,1273,65.71551,Coursera,27.802715,3.9343157
2732,Course_2732,Office Tools,24,3526,70.77687,Coursera,197.9772,4.345457
2735,Course_2735,Data Science,84,507,77.35024,Coursera,79.124695,4.59977
2737,Course_2737,Marketing,81,2514,53.01756,Coursera,118.04557,4.370484
2738,Course_2738,Programming,39,2447,64.85458,Coursera,154.05133,4.5189233
2748,Course_2748,Technology,95,4784,58.8447,Coursera,121.282326,3.001021
2755,Course_2755,Marketing,61,3473,73.74161,Coursera,187.48944,3.856302
2765,Course_2765,Technology,18,3903,70.84252,Coursera,108.449234,4.687235
2777,Course_2777,Office Tools,84,3762,68.225204,Coursera,93.11708,3.1733606
2779,Course_2779,Office Tools,62,459,92.53597,Coursera,120.51912,4.8625546
2780,Course_2780,Programming,83,1479,81.327644,Coursera,103.31297,3.4808402
2783,Course_2783,Finance,49,156,71.28918,Coursera,198.83519,3.7290707
2787,Course_2787,Office Tools,40,4029,96.39964,Coursera,69.716805,3.6169355
2789,Course_2789,AI,91,1363,70.49594,Coursera,42.08159,3.2957072
2793,Course_2793,AI,88,598,92.87944,Coursera,144.99062,4.1012506
2800,Course_2800,Programming,30,1029,89.87355,Coursera,19.73106,3.9717114
2804,Course_2804,Data Science,40,688,56.795597,Coursera,42.372646,4.7727513
2807,Course_2807,Office Tools,26,4993,51.273827,Coursera,22.492264,4.3823986
2808,Course_2808,Technology,83,194,75.95098,Coursera,90.094215,4.087884
2815,Course_2815,Technology,93,4491,52.605244,Coursera,132.5288,3.5413554
2817,Course_2817,AI,79,2417,87.05743,Coursera,153.65987,4.707567
2818,Course_2818,Technology,42,3395,86.15958,Coursera,150.4383,4.307842
2826,Course_2826,Marketing,91,2684,77.90973,Coursera,157.93202,3.9053652
2829,Course_2829,Finance,24,761,83.06636,Coursera,41.939205,3.7883475
2834,Course_2834,Business,37,3027,51.98258,Coursera,152.25867,3.9552548
2837,Course_2837,Design,56,3169,62.704163,Coursera,48.901283,3.8098478
2838,Course_2838,Data Science,64,3790,51.697487,Coursera,64.39954,3.319197
2840,Course_2840,Office Tools,57,4643,74.753,Coursera,196.79645,3.0219057
2841,Course_2841,Marketing,16,1744,68.95487,Coursera,119.811165,3.1894693
2843,Course_2843,Finance,32,792,89.3372,Coursera,29.06728,3.5437899
2850,Course_2850,Finance,97,3289,50.36339,Coursera,54.5889,3.3513298
2855,Course_2855,Finance,17,4399,70.28956,Coursera,169.17021,3.5378923
2858,Course_2858,Programming,71,699,89.175865,Coursera,36.201427,4.2814565
2859,Course_2859,Technology,43,4568,63.183044,Coursera,64.20904,4.7899675
2864,Course_2864,Business,47,1502,57.819798,Coursera,114.65117,4.0294585
2870,Course_2870,Programming,66,3953,65.512566,Coursera,48.325466,4.0203958
2875,Course_2875,Business,87,4960,53.326237,Coursera,132.73917,3.5127127
2879,Course_2879,Business,35,3877,74.861565,Coursera,31.607132,4.211041
2881,Course_2881,Technology,41,3736,80.97205,Coursera,178.42606,3.0615578
2886,Course_2886,Finance,86,4294,87.87766,Coursera,87.589195,4.1869984
2888,Course_2888,Technology,35,4108,64.344284,Coursera,130.3812,4.961808
2890,Course_2890,Finance,69,235,56.710823,Coursera,43.326878,3.6517432
2893,Course_2893,AI,79,3594,71.25515,Coursera,75.489006,4.6888986
2897,Course_2897,Technology,24,1890,67.250534,Coursera,138.24577,4.698213
2898,Course_2898,Finance,69,4269,80.84111,Coursera,143.82974,3.9480457
2900,Course_2900,Marketing,85,4292,68.232,Coursera,44.383152,4.6376595
2903,Course_2903,Marketing,71,2305,65.366875,Coursera,11.69153,3.3782427
2904,Course_2904,AI,38,2600,99.35683,Coursera,29.18995,4.502148
2906,Course_2906,Marketing,45,124,68.62649,Coursera,151.61748,3.5062351
2907,Course_2907,Marketing,68,4146,66.73625,Coursera,63.93486,4.879668
2909,Course_2909,Design,54,1435,53.678806,Coursera,71.04258,3.9563317
2914,Course_2914,Finance,67,3597,86.93626,Coursera,124.246216,4.9631634
2916,Course_2916,Finance,45,2168,53.244358,Coursera,197.01498,3.1823285
2920,Course_2920,Programming,55,271,88.592636,Coursera,30.425016,4.2084365
2925,Course_2925,Finance,91,930,63.6042,Coursera,148.51945,3.7370327
2929,Course_2929,Office Tools,53,2788,79.91147,Coursera,143.42201,3.168357
2935,Course_2935,Technology,63,4092,87.50342,Coursera,26.88667,4.8515224
2936,Course_2936,Business,32,4916,70.62833,Coursera,144.95508,3.603769
2937,Course_2937,AI,60,618,79.10835,Coursera,167.80357,3.1985843
2943,Course_2943,AI,90,474,89.51233,Coursera,125.835434,3.0730977
2959,Course_2959,Finance,63,598,63.40222,Coursera,77.39512,4.5169363
2961,Course_2961,Business,26,913,61.989563,Coursera,181.29356,4.936365
2962,Course_2962,Business,20,1278,62.327377,Coursera,28.549368,4.180159
2973,Course_2973,Programming,29,3118,67.27223,Coursera,135.34349,3.3468187
2976,Course_2976,Technology,100,4017,93.03526,Coursera,14.168964,3.924452
2977,Course_2977,Office Tools,89,1122,66.580215,Coursera,138.75183,4.1551294
2978,Course_2978,Design,28,1734,64.51477,Coursera,76.89838,4.2027974
2980,Course_2980,Office Tools,58,1058,59.107033,Coursera,66.03178,4.4880276
2982,Course_2982,Finance,54,3771,78.810585,Coursera,73.54347,3.7910185
2984,Course_2984,AI,31,4156,54.848606,Coursera,144.47733,4.7882586
2989,Course_2989,Programming,35,1039,61.098164,Coursera,162.66814,3.1542506
2994,Course_2994,Technology,65,2516,66.50352,Coursera,151.57631,3.244471
2995,Course_2995,Data Science,65,3293,61.187107,Coursera,178.04077,4.7496157
2996,Course_2996,Office Tools,57,1450,75.3821,Coursera,14.5337305,3.013164
2997,Course_2997,Data Science,47,4576,81.87147,Coursera,147.74916,3.6189344
3009,Course_3009,Data Science,12,4342,55.911446,Coursera,141.41191,4.0457044
3012,Course_3012,Design,10,241,97.48183,Coursera,33.53165,4.321665
3021,Course_3021,Technology,94,4943,69.64822,Coursera,57.887268,3.6034806
3025,Course_3025,AI,42,1621,98.19422,Coursera,95.70649,4.8922844
3028,Course_3028,Programming,28,3764,94.481346,Coursera,174.83727,4.2965465
3036,Course_3036,Marketing,84,2820,87.7176,Coursera,150.0636,4.6513658
3037,Course_3037,AI,24,1201,70.26971,Coursera,131.56842,3.717791
3038,Course_3038,Finance,36,1047,74.105995,Coursera,111.34133,4.0236955
3044,Course_3044,Data Science,32,4042,53.561707,Coursera,78.33374,3.500343
3045,Course_3045,Office Tools,81,3396,85.62974,Coursera,81.8708,3.5966227
3047,Course_3047,Business,60,896,52.0341,Coursera,91.929825,3.3268924
3052,Course_3052,AI,34,1391,55.237633,Coursera,11.478637,3.519281
3053,Course_3053,Marketing,49,2153,63.99969,Coursera,166.83598,4.3771367
3055,Course_3055,Finance,59,2633,61.455044,Coursera,12.293416,4.3997545
3062,Course_3062,Design,40,2525,71.07877,Coursera,15.235927,3.798575
3076,Course_3076,Data Science,89,3400,98.60877,Coursera,170.69563,4.3015394
3077,Course_3077,AI,29,737,70.50158,Coursera,162.85565,3.5041542
3078,Course_3078,Programming,64,4439,63.38101,Coursera,67.20229,3.0907362
3091,Course_3091,Design,72,3653,81.853,Coursera,22.959387,3.1521816
3097,Course_3097,AI,60,578,76.10013,Coursera,182.31038,3.4740834
3102,Course_3102,Finance,38,1870,85.204605,Coursera,12.111651,4.9358983
3103,Course_3103,Office Tools,59,3661,60.750988,Coursera,14.63489,3.1575332
3105,Course_3105,Programming,66,201,95.6249,Coursera,113.142105,3.1055775
3106,Course_3106,Office Tools,58,2056,92.44374,Coursera,93.93193,3.7221627
3110,Course_3110,Data Science,54,655,57.809265,Coursera,168.59183,4.6249566
3114,Course_3114,Marketing,88,431,71.96437,Coursera,150.35727,4.3779497
3119,Course_3119,Data Science,90,3956,55.85369,Coursera,171.24078,4.4613466
3122,Course_3122,Programming,21,500,78.30067,Coursera,60.90536,3.8557808
3125,Course_3125,AI,94,930,83.49361,Coursera,58.246464,4.264484
3126,Course_3126,Design,83,3881,58.824757,Coursera,21.724243,3.7326143
3129,Course_3129,Data Science,88,1960,80.78546,Coursera,96.111916,3.849957
3131,Course_3131,Business,28,1346,78.60653,Coursera,173.2236,4.678528
3134,Course_3134,Data Science,77,3554,72.67583,Coursera,32.243492,4.466895
3139,Course_3139,Office Tools,11,4786,68.53265,Coursera,150.90079,4.9640574
3144,Course_3144,AI,88,3869,61.430695,Coursera,157.44202,4.8408074
3145,Course_3145,Finance,99,1291,71.807594,Coursera,182.60541,4.09915
3146,Course_3146,Programming,55,4657,73.23115,Coursera,180.94524,3.5497897
3152,Course_3152,Finance,57,3167,76.09284,Coursera,136.90752,4.420391
3153,Course_3153,Finance,12,4457,97.53872,Coursera,97.001625,4.889886
3155,Course_3155,Marketing,35,1345,56.450874,Coursera,26.158184,4.848805
3162,Course_3162,Office Tools,98,4721,97.26885,Coursera,168.67415,4.2423363
3165,Course_3165,Technology,21,4923,78.9189,Coursera,85.71983,4.5560265
3166,Course_3166,AI,83,3741,93.445854,Coursera,127.159874,4.5959535
3169,Course_3169,Office Tools,22,113,51.103157,Coursera,150.12918,3.5208843
3170,Course_3170,Data Science,31,4515,69.29583,Coursera,84.21321,4.5260906
3174,Course_3174,Marketing,19,1701,75.52896,Coursera,117.77457,4.4339294
3177,Course_3177,Marketing,27,2299,81.29602,Coursera,174.47397,3.9307096
3179,Course_3179,Design,51,139,88.13095,Coursera,189.88249,4.3496413
3190,Course_3190,Technology,48,4559,61.82592,Coursera,99.8427,4.918651
3198,Course_3198,Finance,22,214,77.416176,Coursera,34.348175,3.5847106
3207,Course_3207,Finance,69,2377,75.15345,Coursera,97.96074,3.502632
3218,Course_3218,Finance,91,3928,53.14152,Coursera,144.28613,3.4190319
3219,Course_3219,AI,79,1973,73.82986,Coursera,89.54519,4.66409
3222,Course_3222,Design,79,1267,96.45667,Coursera,122.520485,4.098661
3231,Course_3231,Marketing,77,1293,92.296265,Coursera,152.75044,4.663697
3233,Course_3233,AI,29,3869,94.66856,Coursera,15.430474,3.751018
3238,Course_3238,Design,86,1340,72.983665,Coursera,89.03375,3.453953
3239,Course_3239,Programming,41,2421,56.458527,Coursera,99.43733,3.1286132
3247,Course_3247,Business,36,4157,79.85983,Coursera,96.50939,4.9463434
3248,Course_3248,Technology,27,1198,80.06569,Coursera,57.079967,4.544912
3250,Course_3250,Marketing,85,518,52.27881,Coursera,20.072618,4.1165137
3253,Course_3253,AI,92,3753,50.71635,Coursera,56.751297,3.9822161
3255,Course_3255,Finance,33,2042,71.096504,Coursera,84.41112,4.3514895
3257,Course_3257,AI,13,3819,91.948746,Coursera,32.316013,4.7708817
3258,Course_3258,Marketing,82,2330,55.32288,Coursera,138.48349,3.9584072
3259,Course_3259,Data Science,49,421,87.9809,Coursera,88.47435,4.2932587
3260,Course_3260,Design,100,4230,79.87727,Coursera,46.209377,4.996841
3268,Course_3268,Design,14,3877,68.08462,Coursera,51.095455,4.758092
3269,Course_3269,Programming,80,1937,56.542583,Coursera,11.660719,4.2997737
3277,Course_3277,Marketing,74,1611,67.369644,Coursera,93.47207,4.518364
3278,Course_3278,Design,100,1736,56.13885,Coursera,179.36417,4.4641294
3281,Course_3281,Business,64,1097,87.19254,Coursera,66.01596,4.81679
3284,Course_3284,Design,61,1437,59.027863,Coursera,160.50316,4.3988595
3285,Course_3285,Business,29,3194,64.73104,Coursera,61.53145,4.724468
3301,Course_3301,Finance,55,4008,52.59301,Coursera,17.931187,4.268519
3306,Course_3306,Programming,40,3483,71.653496,Coursera,99.87294,4.082332
3308,Course_3308,AI,100,177,74.06824,Coursera,35.931427,4.5950236
3316,Course_3316,Technology,71,1850,71.202866,Coursera,79.4583,3.1052847
3322,Course_3322,Business,59,1340,98.875565,Coursera,122.0045,4.2646275
3335,Course_3335,Programming,26,3656,57.693462,Coursera,122.34182,4.7935495
3341,Course_3341,Finance,28,2202,52.377563,Coursera,125.66431,3.009363
3342,Course_3342,Technology,65,3798,61.291798,Coursera,124.03767,4.3600526
3349,Course_3349,Marketing,58,3445,98.670975,Coursera,136.66193,3.2281225
3361,Course_3361,Office Tools,88,4897,50.8241,Coursera,173.92976,3.9857345
3367,Course_3367,Finance,70,3575,65.617325,Coursera,109.56329,3.7176814
3369,Course_3369,Finance,80,351,54.932415,Coursera,158.40173,4.213901
3371,Course_3371,AI,85,2175,91.50746,Coursera,142.60422,3.6760142
3373,Course_3373,Programming,38,1460,96.39252,Coursera,135.10411,4.429102
3377,Course_3377,Design,81,2985,99.0624,Coursera,132.62332,4.802514
3381,Course_3381,AI,81,967,71.31723,Coursera,72.522224,4.7810855
3383,Course_3383,Finance,49,4027,59.992817,Coursera,151.78491,4.5851035
3388,Course_3388,Design,77,1169,52.736225,Coursera,99.50614,3.4756377
3390,Course_3390,Office Tools,54,2877,59.97927,Coursera,30.217093,3.6146734
3392,Course_3392,Programming,82,3973,56.462227,Coursera,113.20021,4.040937
3395,Course_3395,Business,12,1855,52.695427,Coursera,152.08063,3.577434
3402,Course_3402,Technology,84,2693,82.27282,Coursera,16.553686,3.1328888
3403,Course_3403,Business,67,4900,99.459526,Coursera,37.887455,3.2745945
3404,Course_3404,Finance,53,3906,73.46575,Coursera,157.47803,4.9952044
3410,Course_3410,Finance,87,4038,64.05964,Coursera,12.55154,4.530482
3414,Course_3414,Programming,100,4070,92.43929,Coursera,50.38355,3.4519625
3420,Course_3420,Data Science,73,679,74.44218,Coursera,22.962137,4.550826
3421,Course_3421,Finance,53,4408,62.60904,Coursera,80.498344,3.7221398
3425,Course_3425,Design,37,3798,71.44652,Coursera,105.909904,4.9877663
3429,Course_3429,Design,98,4558,77.664474,Coursera,64.59112,3.7508717
3431,Course_3431,Design,47,4587,70.26764,Coursera,37.950512,3.1155007
3432,Course_3432,Business,24,3280,81.90822,Coursera,187.71948,3.2042766
3439,Course_3439,Design,43,1858,61.68821,Coursera,190.91403,3.4810283
3442,Course_3442,AI,67,1176,54.997807,Coursera,188.03044,4.4741526
3446,Course_3446,Technology,91,1912,97.272736,Coursera,36.53663,3.8548598
3447,Course_3447,Programming,41,3109,66.96961,Coursera,161.03271,4.442329
3448,Course_3448,AI,39,2760,60.146793,Coursera,149.06972,3.3348758
3449,Course_3449,Marketing,65,3441,91.62792,Coursera,102.90639,4.703856
3451,Course_3451,Technology,15,2534,92.75387,Coursera,89.89902,3.7942472
3454,Course_3454,Marketing,69,4097,75.59,Coursera,108.240555,4.7309566
3458,Course_3458,Programming,31,3022,92.91259,Coursera,178.87766,3.5932603
3459,Course_3459,Data Science,24,1444,90.35708,Coursera,64.90271,3.6120956
3461,Course_3461,Data Science,11,4444,67.101036,Coursera,176.05855,4.8472476
3462,Course_3462,Finance,55,2058,62.698704,Coursera,29.311632,4.8825407
3468,Course_3468,Design,41,2631,76.66071,Coursera,157.53928,3.4647648
3472,Course_3472,Business,83,3850,51.680115,Coursera,113.34432,4.333757
3479,Course_3479,AI,96,904,83.05594,Coursera,145.41316,4.2794785
3481,Course_3481,Technology,60,3689,97.021996,Coursera,162.23419,4.203504
3482,Course_3482,Marketing,17,1868,73.010345,Coursera,184.02551,4.8665533
3489,Course_3489,Technology,23,2076,80.62727,Coursera,180.88322,3.50781
3492,Course_3492,AI,58,714,92.57638,Coursera,27.446568,3.3489742
3494,Course_3494,Business,49,4346,62.92757,Coursera,160.71921,4.365959
3501,Course_3501,Design,33,3158,98.53301,Coursera,29.654768,4.729908
3504,Course_3504,AI,18,4047,80.9827,Coursera,188.96721,4.039643
3507,Course_3507,Data Science,14,1308,85.864426,Coursera,98.88229,4.3596406
3511,Course_3511,Technology,59,484,60.533524,Coursera,124.83137,3.0322118
3514,Course_3514,Finance,59,4604,55.5913,Coursera,159.95358,4.1002493
3523,Course_3523,Finance,12,4095,77.210526,Coursera,13.0689,4.2019577
3534,Course_3534,Programming,25,4647,85.22326,Coursera,64.472755,3.4421213
3538,Course_3538,Office Tools,84,952,88.35588,Coursera,175.29991,3.1644416
3539,Course_3539,Marketing,40,2454,58.85553,Coursera,145.70428,4.0740876
3541,Course_3541,Marketing,35,3556,91.30695,Coursera,113.26447,4.112125
3543,Course_3543,Design,52,3520,71.2445,Coursera,126.96939,4.705956
3546,Course_3546,AI,48,269,97.37786,Coursera,153.42004,4.2466097
3551,Course_3551,AI,53,500,67.37528,Coursera,111.439095,3.4602883
3554,Course_3554,Finance,36,2927,77.46747,Coursera,63.976402,3.9072928
3558,Course_3558,Finance,14,3833,98.488716,Coursera,147.214,4.4950066
3560,Course_3560,Programming,26,634,80.33849,Coursera,67.680084,3.6491835
3567,Course_3567,Finance,40,1636,93.990395,Coursera,53.52651,3.4262953
3573,Course_3573,Business,71,1289,72.44188,Coursera,167.5544,4.9654245
3578,Course_3578,Finance,69,906,70.90291,Coursera,186.9361,4.1409864
3580,Course_3580,Finance,96,1988,55.80552,Coursera,113.54128,3.8365922
3581,Course_3581,Business,33,4230,66.32738,Coursera,79.17143,3.0930634
3587,Course_3587,Marketing,39,4444,75.28476,Coursera,182.76682,4.852698
3588,Course_3588,Data Science,62,907,86.22945,Coursera,64.8928,3.093253
3596,Course_3596,Design,54,2399,55.013515,Coursera,101.2551,3.57972
3597,Course_3597,Design,22,2561,63.35794,Coursera,53.051052,4.8942547
3601,Course_3601,Business,24,2524,76.6588,Coursera,27.125372,4.150266
3603,Course_3603,Technology,78,216,96.33308,Coursera,121.27417,4.787437
3611,Course_3611,Technology,52,333,68.42138,Coursera,59.760014,4.620269
3614,Course_3614,AI,85,2657,65.45598,Coursera,144.78447,4.3770876
3616,Course_3616,Programming,75,3695,68.509186,Coursera,145.00842,3.4812162
3618,Course_3618,Marketing,40,4564,90.43596,Coursera,138.0238,3.3527138
3622,Course_3622,Technology,82,3684,92.984764,Coursera,180.9109,3.4133482
3623,Course_3623,AI,82,3209,76.99237,Coursera,91.13108,4.427328
3627,Course_3627,Office Tools,75,1010,55.18707,Coursera,120.505165,3.31851
3628,Course_3628,AI,94,2714,92.14017,Coursera,183.40544,4.4586306
3629,Course_3629,Business,48,3752,62.649323,Coursera,192.4829,3.3995998
3638,Course_3638,Programming,65,3501,52.031563,Coursera,106.557274,4.078855
3643,Course_3643,Finance,20,2716,92.40829,Coursera,154.52878,3.063037
3651,Course_3651,Office Tools,21,4355,65.615974,Coursera,50.680717,4.39983
3658,Course_3658,Office Tools,79,2058,68.59915,Coursera,125.35539,3.4758794
3659,Course_3659,Programming,39,2680,51.266296,Coursera,108.480034,4.923634
3663,Course_3663,Programming,79,2714,58.929623,Coursera,52.064438,4.177765
3670,Course_3670,Office Tools,42,2738,63.739563,Coursera,11.06364,4.682975
3671,Course_3671,Technology,83,4401,93.59021,Coursera,110.07388,4.3374906
3675,Course_3675,Technology,61,4777,82.19789,Coursera,113.55272,3.0859003
3687,Course_3687,Programming,38,1701,81.57726,Coursera,93.14475,4.8904576
3689,Course_3689,Office Tools,85,4030,63.591805,Coursera,190.41797,4.646572
3690,Course_3690,Technology,63,2012,95.41829,Coursera,198.4232,4.2025905
3691,Course_3691,Marketing,38,1780,79.42282,Coursera,178.96814,4.1930666
3698,Course_3698,Office Tools,10,3048,68.663765,Coursera,90.91431,4.211463
3700,Course_3700,Technology,18,4125,80.44825,Coursera,125.87007,4.142555
3704,Course_3704,Technology,92,4566,71.990685,Coursera,153.30862,4.168295
3705,Course_3705,Marketing,18,3202,96.342705,Coursera,53.04111,3.2395525
3711,Course_3711,Office Tools,53,2175,98.82422,Coursera,197.2511,4.592018
3721,Course_3721,Data Science,46,1418,99.888954,Coursera,44.33756,3.472109
3725,Course_3725,Data Science,31,4647,93.72183,Coursera,81.50012,3.917658
3727,Course_3727,Office Tools,45,2373,85.964676,Coursera,135.9928,4.635625
3729,Course_3729,Office Tools,53,239,95.25695,Coursera,78.468506,3.4779396
3732,Course_3732,Finance,13,2178,70.02168,Coursera,113.42469,4.493214
3735,Course_3735,Finance,13,199,67.48887,Coursera,174.82196,3.6166008
3740,Course_3740,Programming,16,4544,54.577103,Coursera,71.174934,4.109222
3743,Course_3743,Business,71,2413,97.2572,Coursera,69.81016,4.0674834
3756,Course_3756,Business,78,1636,66.12549,Coursera,106.10144,4.8579955
3760,Course_3760,Programming,29,1362,51.81803,Coursera,25.20746,4.6200647
3772,Course_3772,Finance,87,1466,82.550575,Coursera,34.464756,3.9246686
3779,Course_3779,Data Science,52,3352,95.4396,Coursera,63.149345,3.0188205
3789,Course_3789,Data Science,10,576,62.78668,Coursera,15.547932,4.5912094
3790,Course_3790,Office Tools,43,1763,51.010643,Coursera,166.69035,4.5044527
3792,Course_3792,Office Tools,25,4803,61.364285,Coursera,14.393792,4.6838
3796,Course_3796,Design,71,4238,67.560684,Coursera,107.57811,4.9650755
3799,Course_3799,Office Tools,50,2835,69.58148,Coursera,72.25082,3.8292713
3800,Course_3800,AI,92,4798,52.958927,Coursera,173.05922,3.154135
3802,Course_3802,Office Tools,32,2595,96.81171,Coursera,170.61606,3.8644614
3803,Course_3803,Business,93,4052,62.240208,Coursera,196.4153,4.7011466
3808,Course_3808,Marketing,18,3953,70.33151,Coursera,70.915764,3.217194
3811,Course_3811,Programming,33,1103,70.41966,Coursera,185.06041,4.5562143
3827,Course_3827,Programming,67,2983,57.086803,Coursera,102.78602,3.9667654
3829,Course_3829,Data Science,77,1957,50.504257,Coursera,54.465153,4.6897993
3830,Course_3830,AI,99,4673,89.52462,Coursera,32.566193,4.646873
3835,Course_3835,Business,32,2864,80.7399,Coursera,152.6296,4.7121863
3837,Course_3837,Design,82,1903,74.72768,Coursera,54.591362,3.0086126
3839,Course_3839,Business,22,4682,73.590866,Coursera,113.15462,3.6850712
3840,Course_3840,Office Tools,78,1965,95.30339,Coursera,195.82268,3.324406
3845,Course_3845,Design,89,1386,52.75723,Coursera,197.63606,3.8320878
3846,Course_3846,Business,41,4532,97.08444,Coursera,54.17994,4.6489162
3853,Course_3853,Data Science,77,3206,58.13006,Coursera,136.09062,4.4552474
3861,Course_3861,Marketing,53,2118,58.060955,Coursera,145.16647,3.7219355
3862,Course_3862,Programming,53,1301,97.27279,Coursera,186.028,3.0652397
3864,Course_3864,AI,50,834,62.544052,Coursera,24.421755,4.8742642
3871,Course_3871,Programming,98,3339,77.95944,Coursera,48.177216,4.0811415
3876,Course_3876,Business,13,582,63.744133,Coursera,190.74289,4.7297525
3879,Course_3879,Data Science,93,868,62.96588,Coursera,106.40546,3.1148105
3884,Course_3884,Data Science,32,2892,65.400475,Coursera,29.705488,3.458356
3891,Course_3891,AI,32,2168,50.21202,Coursera,176.64793,4.4962707
3893,Course_3893,AI,52,1057,96.476845,Coursera,59.245102,4.591872
3896,Course_3896,AI,28,2878,57.509125,Coursera,186.28522,4.338307
3902,Course_3902,Design,40,1523,99.99157,Coursera,105.87879,4.527031
3906,Course_3906,AI,35,637,68.21964,Coursera,79.64404,4.9165235
3907,Course_3907,Technology,23,4093,89.55142,Coursera,188.99045,4.3538904
3908,Course_3908,Programming,18,636,51.793236,Coursera,199.8108,4.7623563
3912,Course_3912,Office Tools,16,4303,74.31089,Coursera,97.00592,3.3809931
3920,Course_3920,Data Science,98,4306,77.66159,Coursera,154.69899,3.29647
3921,Course_3921,Finance,62,2910,89.75898,Coursera,185.88419,3.321963
3922,Course_3922,AI,13,4527,76.91925,Coursera,133.29782,4.041169
3924,Course_3924,Marketing,87,1991,95.957245,Coursera,40.894287,4.0974817
3928,Course_3928,Finance,54,2158,61.527092,Coursera,143.79842,3.9294631
3932,Course_3932,Programming,55,3042,88.16944,Coursera,138.46445,3.9677274
3933,Course_3933,Office Tools,81,3966,96.64454,Coursera,127.092224,4.3492837
3939,Course_3939,Design,24,916,87.618256,Coursera,94.21154,3.281789
3944,Course_3944,Marketing,19,662,66.34901,Coursera,66.22146,4.3103356
3948,Course_3948,Technology,82,3784,60.74013,Coursera,25.77996,3.3137808
3951,Course_3951,Data Science,65,3131,88.75654,Coursera,134.35252,4.494699
3959,Course_3959,Office Tools,44,389,91.74777,Coursera,44.492256,3.3432522
3962,Course_3962,Finance,53,2466,61.970394,Coursera,144.50568,4.4992833
3963,Course_3963,Office Tools,66,1253,63.23396,Coursera,88.835594,3.8563018
3966,Course_3966,Marketing,74,277,65.89838,Coursera,85.19159,4.8647566
3975,Course_3975,AI,24,675,92.969505,Coursera,82.52336,4.523022
3978,Course_3978,Technology,37,4559,79.11763,Coursera,24.665585,3.0285563
3981,Course_3981,Programming,82,3746,92.108574,Coursera,197.45053,3.1316469
3984,Course_3984,Finance,72,4595,78.78913,Coursera,29.732504,4.5224423
3989,Course_3989,Programming,76,1963,72.196175,Coursera,49.47501,3.3902216
3997,Course_3997,Programming,34,2121,71.91167,Coursera,178.19821,3.184822
4003,Course_4003,Business,11,1628,90.533585,Coursera,28.778923,3.7643929
4004,Course_4004,Data Science,44,4403,75.02961,Coursera,91.33152,4.987801
4008,Course_4008,AI,23,3113,70.55669,Coursera,96.84632,4.232681
4013,Course_4013,Data Science,84,677,67.53546,Coursera,94.76186,4.790973
4022,Course_4022,Programming,24,1129,50.166504,Coursera,125.829765,4.7985606
4024,Course_4024,Data Science,67,1762,97.30959,Coursera,86.69177,4.5172877
4031,Course_4031,Finance,72,3727,57.52072,Coursera,58.185314,3.6255
4041,Course_4041,Data Science,73,3062,72.306595,Coursera,25.047894,3.746831
4044,Course_4044,Office Tools,17,942,97.36908,Coursera,144.66882,3.1724906
4045,Course_4045,Technology,64,2527,69.34844,Coursera,199.47003,3.7536979
4049,Course_4049,Programming,49,720,53.165405,Coursera,131.8638,3.00018
4052,Course_4052,Finance,54,3981,98.467896,Coursera,50.058823,3.7659588
4058,Course_4058,Programming,13,2034,81.54776,Coursera,142.01787,4.1231823
4063,Course_4063,AI,50,3094,62.17281,Coursera,157.30098,3.9330888
4073,Course_4073,Technology,81,3233,90.666916,Coursera,32.348152,4.0785475
4074,Course_4074,Technology,78,2290,63.187885,Coursera,44.019276,3.5018198
4076,Course_4076,Data Science,99,3626,59.707726,Coursera,81.7224,4.055804
4077,Course_4077,Office Tools,13,2519,84.04124,Coursera,139.82368,4.4280844
4080,Course_4080,Data Science,24,3160,64.05887,Coursera,40.23551,4.534427
4082,Course_4082,Design,84,4789,86.38907,Coursera,145.32114,4.5703626
4087,Course_4087,Business,27,2788,60.414013,Coursera,71.94315,3.359437
4088,Course_4088,Programming,83,3648,92.02168,Coursera,49.02952,4.5973444
4090,Course_4090,Office Tools,11,1378,66.46937,Coursera,110.39708,4.407692
4096,Course_4096,Marketing,60,4327,80.43726,Coursera,126.66868,3.8970504
4106,Course_4106,Data Science,48,2163,83.35164,Coursera,116.271225,3.278984
4108,Course_4108,Finance,62,2198,78.10908,Coursera,28.019695,4.9621716
4110,Course_4110,Finance,33,3974,97.76566,Coursera,104.16946,4.387061
4119,Course_4119,Design,24,2212,61.054058,Coursera,141.8155,3.9772663
4120,Course_4120,Office Tools,39,621,79.18713,Coursera,144.88423,3.0575027
4121,Course_4121,Office Tools,39,2550,73.963486,Coursera,171.96936,3.3046083
4125,Course_4125,Data Science,68,1753,96.207344,Coursera,188.5943,4.6426463
4136,Course_4136,Finance,84,1878,57.965675,Coursera,21.868858,4.286492
4143,Course_4143,Office Tools,47,2411,86.40098,Coursera,196.22469,3.2588804
4145,Course_4145,Data Science,96,1956,80.53277,Coursera,178.20502,3.5617785
4147,Course_4147,Marketing,96,731,67.166794,Coursera,92.43975,4.2892675
4149,Course_4149,Technology,49,3554,81.8929,Coursera,47.40123,3.2103307
4150,Course_4150,Finance,94,2434,69.01676,Coursera,161.73312,3.3459694
4153,Course_4153,Marketing,30,1776,73.53485,Coursera,185.5163,4.279802
4157,Course_4157,Business,92,1833,53.96793,Coursera,158.92558,4.121785
4159,Course_4159,Finance,90,2410,77.98573,Coursera,67.2113,4.3431087
4160,Course_4160,Business,96,252,58.254616,Coursera,71.85203,4.68322
4162,Course_4162,Data Science,54,267,67.93081,Coursera,100.31696,3.4960587
4164,Course_4164,Design,15,2349,80.77741,Coursera,66.09195,4.020189
4166,Course_4166,Office Tools,64,798,54.59392,Coursera,85.69484,4.002907
4169,Course_4169,Office Tools,23,3132,92.32819,Coursera,169.21747,3.3091424
4170,Course_4170,Marketing,58,4128,86.923325,Coursera,26.570227,3.3760428
4172,Course_4172,Office Tools,85,1552,87.93283,Coursera,51.220764,3.7894504
4173,Course_4173,Programming,33,2712,59.81041,Coursera,182.33965,3.4039078
4174,Course_4174,Data Science,50,260,94.40784,Coursera,57.147465,4.7609453
4179,Course_4179,Data Science,70,1531,78.71413,Coursera,148.0244,4.5706067
4182,Course_4182,Marketing,31,4810,64.9482,Coursera,187.61618,4.074119
4186,Course_4186,Data Science,16,3303,89.85305,Coursera,162.54376,4.496871
4192,Course_4192,Marketing,85,961,77.63662,Coursera,190.0324,3.1543262
4206,Course_4206,Technology,34,2451,65.353546,Coursera,150.9333,4.4732523
4213,Course_4213,AI,76,4610,74.85148,Coursera,24.585402,3.6707678
4216,Course_4216,Design,14,1694,88.087456,Coursera,28.57735,4.640821
4222,Course_4222,Finance,61,3962,99.66074,Coursera,62.050346,4.446043
4226,Course_4226,Marketing,37,1642,56.766262,Coursera,98.87693,4.1209507
4230,Course_4230,Programming,69,3300,77.02014,Coursera,131.63379,3.0254145
4231,Course_4231,Data Science,52,1243,74.590355,Coursera,41.212852,4.8315153
4234,Course_4234,AI,61,2702,82.92942,Coursera,71.97085,3.7545006
4239,Course_4239,Finance,83,1725,78.784164,Coursera,41.500896,3.4466147
4243,Course_4243,Finance,49,1714,58.567806,Coursera,16.922253,3.1828587
4244,Course_4244,Business,73,3305,62.747387,Coursera,46.93299,4.2332864
4246,Course_4246,Design,74,1241,76.34701,Coursera,73.801674,3.4065595
4254,Course_4254,Technology,34,934,86.09433,Coursera,47.38309,4.547046
4256,Course_4256,Technology,56,1826,68.31903,Coursera,89.83222,4.7604656
4260,Course_4260,AI,45,4095,63.352997,Coursera,158.85188,4.6922846
4261,Course_4261,Business,25,1238,98.03324,Coursera,15.760892,3.5320473
4262,Course_4262,Marketing,84,4463,97.555336,Coursera,95.45436,3.7956119
4263,Course_4263,Programming,52,741,82.25827,Coursera,43.313126,3.668106
4264,Course_4264,Office Tools,24,4458,86.46129,Coursera,156.43826,4.0931997
4267,Course_4267,Design,95,883,51.554287,Coursera,173.4222,4.802905
4268,Course_4268,Programming,95,3966,60.9455,Coursera,132.84164,4.593098
4269,Course_4269,Design,91,4169,55.06665,Coursera,151.37413,4.0650287
4270,Course_4270,Business,88,2044,98.34734,Coursera,28.94763,3.8263447
4272,Course_4272,Design,48,4094,58.544277,Coursera,59.539894,3.6971872
4275,Course_4275,Business,12,4879,87.13045,Coursera,59.377007,4.373097
4282,Course_4282,Data Science,59,4142,64.51026,Coursera,167.14713,3.0892305
4283,Course_4283,Business,93,2239,50.371525,Coursera,137.35086,3.8276844
4291,Course_4291,Marketing,34,2254,91.66988,Coursera,176.5398,4.2692475
4293,Course_4293,Finance,19,2334,85.343,Coursera,185.81937,4.7133393
4294,Course_4294,Office Tools,12,675,72.649414,Coursera,166.42406,3.6271296
4297,Course_4297,Design,89,425,72.652084,Coursera,149.7522,3.157289
4304,Course_4304,Finance,44,1785,68.12581,Coursera,181.29678,3.2606096
4305,Course_4305,Finance,43,2993,61.573944,Coursera,124.947655,4.4466357
4306,Course_4306,Finance,99,3438,74.37225,Coursera,55.372936,3.6301813
4307,Course_4307,Business,56,3259,89.523415,Coursera,106.090454,4.0138884
4311,Course_4311,Data Science,84,1171,79.06137,Coursera,33.5938,4.6924233
4320,Course_4320,Data Science,96,4443,93.65023,Coursera,158.6913,4.644586
4324,Course_4324,Finance,59,2753,63.904015,Coursera,130.80624,3.700443
4325,Course_4325,Programming,56,1777,67.5644,Coursera,187.4961,4.602114
4326,Course_4326,Finance,88,3183,59.18438,Coursera,51.88027,3.0095477
4331,Course_4331,Office Tools,38,1353,63.528732,Coursera,188.67145,3.1337025
4338,Course_4338,Programming,57,2842,53.59648,Coursera,151.69853,4.1802263
4340,Course_4340,Business,58,2572,51.620876,Coursera,26.982841,4.036133
4342,Course_4342,Marketing,83,4607,94.03222,Coursera,45.6569,3.9855728
4344,Course_4344,Marketing,37,4530,90.322845,Coursera,64.65102,4.314271
4353,Course_4353,Office Tools,98,2257,91.66545,Coursera,27.44745,4.1567636
4354,Course_4354,Finance,18,611,80.45998,Coursera,182.40659,3.7819383
4356,Course_4356,Design,52,4493,86.02764,Coursera,187.05757,4.087864
4360,Course_4360,Programming,57,1844,78.982544,Coursera,156.89322,3.968532
4363,Course_4363,Design,98,1825,52.667137,Coursera,120.68995,3.3297577
4369,Course_4369,AI,62,4480,55.297913,Coursera,22.17601,3.5199456
4374,Course_4374,Data Science,28,882,82.275505,Coursera,194.60004,3.8291633
4375,Course_4375,Programming,53,2695,94.783615,Coursera,167.13062,3.2104912
4377,Course_4377,Design,51,3460,77.69871,Coursera,162.63553,3.195632
4381,Course_4381,Design,46,3999,88.76262,Coursera,14.603592,4.62352
4385,Course_4385,Business,66,1763,69.150536,Coursera,81.986435,3.25819
4386,Course_4386,Office Tools,85,2521,99.081696,Coursera,155.63362,4.717949
4391,Course_4391,Design,26,2862,80.96241,Coursera,165.18864,3.6850026
4395,Course_4395,Programming,84,3738,96.88777,Coursera,117.407585,3.4585726
4396,Course_4396,AI,37,315,51.723507,Coursera,148.81866,3.1032078
4397,Course_4397,Office Tools,81,653,78.78091,Coursera,150.71791,3.1019366
4399,Course_4399,AI,65,4334,85.78869,Coursera,84.73143,3.933532
4402,Course_4402,Technology,60,555,77.572716,Coursera,170.17792,3.3634994
4403,Course_4403,AI,16,4958,58.059032,Coursera,69.49783,3.278237
4404,Course_4404,Business,45,2597,66.853264,Coursera,78.11746,4.6479964
4406,Course_4406,Design,35,912,89.43817,Coursera,174.83131,4.1469946
4409,Course_4409,Design,89,2665,66.087585,Coursera,35.369686,3.928829
4412,Course_4412,Programming,74,4296,89.85377,Coursera,195.0701,3.5878313
4416,Course_4416,Technology,48,2738,62.895058,Coursera,109.74733,4.827851
4421,Course_4421,AI,21,4469,75.17369,Coursera,126.78194,3.8000696
4424,Course_4424,Programming,27,614,61.905144,Coursera,124.68334,3.9774199
4425,Course_4425,Office Tools,62,3891,79.047195,Coursera,143.73166,3.8488681
4428,Course_4428,Programming,94,327,64.561455,Coursera,117.56417,3.7427592
4436,Course_4436,Design,92,1114,92.17943,Coursera,156.58788,4.424851
4439,Course_4439,Technology,77,4651,72.33868,Coursera,146.9022,3.5508623
4442,Course_4442,Marketing,62,4503,83.21648,Coursera,173.23064,3.6693
4447,Course_4447,Marketing,61,216,99.80911,Coursera,163.24841,4.3599987
4449,Course_4449,Marketing,99,2597,97.35672,Coursera,104.31592,3.6230955
4450,Course_4450,Finance,79,2463,96.91129,Coursera,198.42506,3.049143
4452,Course_4452,Design,90,535,78.60881,Coursera,12.214554,4.868677
4454,Course_4454,Office Tools,89,2004,88.54898,Coursera,30.763092,4.4924474
4456,Course_4456,Programming,23,3265,59.79884,Coursera,80.11196,3.2923503
4465,Course_4465,Marketing,100,1734,53.29529,Coursera,39.82935,3.275409
4473,Course_4473,Finance,43,1176,71.931984,Coursera,85.87433,4.318732
4474,Course_4474,Programming,11,2803,75.56248,Coursera,102.12092,4.0502157
4479,Course_4479,Marketing,99,4747,88.21244,Coursera,83.39984,4.0621467
4481,Course_4481,Finance,85,4535,84.93619,Coursera,60.660515,4.635405
4482,Course_4482,AI,21,4428,75.34817,Coursera,10.679745,3.425466
4483,Course_4483,Office Tools,100,3885,74.929054,Coursera,101.17014,3.1988788
4487,Course_4487,Office Tools,74,3481,87.57292,Coursera,59.990726,4.9638968
4491,Course_4491,Office Tools,96,4200,85.6727,Coursera,187.74869,3.4823198
4494,Course_4494,Marketing,60,904,95.97654,Coursera,21.050629,4.521613
4496,Course_4496,Finance,24,2487,66.10556,Coursera,146.58232,4.745609
4511,Course_4511,Marketing,22,4598,84.22733,Coursera,172.20483,4.909707
4513,Course_4513,Business,61,2341,74.360214,Coursera,117.90127,3.8833125
4514,Course_4514,Technology,14,3959,91.274025,Coursera,120.97184,4.198575
4515,Course_4515,Marketing,23,2073,64.33279,Coursera,158.3334,4.5127406
4518,Course_4518,Business,69,556,76.86827,Coursera,165.20334,4.4219384
4519,Course_4519,Office Tools,94,453,51.36712,Coursera,93.68065,4.7113066
4520,Course_4520,Technology,42,944,82.31283,Coursera,80.23476,3.0947294
4526,Course_4526,Technology,43,4827,63.750416,Coursera,78.98677,3.624295
4530,Course_4530,Technology,64,1280,59.384575,Coursera,88.257935,4.7239375
4534,Course_4534,AI,39,4984,58.363033,Coursera,127.982,4.909634
4536,Course_4536,Office Tools,31,3075,98.46707,Coursera,67.606804,3.4078836
4542,Course_4542,Marketing,81,3668,90.52958,Coursera,161.50795,3.466209
4544,Course_4544,Design,41,3391,66.53277,Coursera,19.612272,4.9410377
4550,Course_4550,Programming,29,2843,64.82022,Coursera,38.394047,4.4548454
4553,Course_4553,Marketing,94,4669,52.103355,Coursera,139.80063,3.1919498
4557,Course_4557,Office Tools,93,262,63.855556,Coursera,119.405106,3.0787609
4559,Course_4559,Business,27,131,59.598667,Coursera,154.4433,3.634784
4560,Course_4560,Business,77,1564,53.784004,Coursera,103.55156,3.274061
4562,Course_4562,Data Science,89,3575,52.183216,Coursera,190.29166,3.454451
4566,Course_4566,AI,34,1321,53.16262,Coursera,198.65254,4.7122135
4568,Course_4568,AI,68,477,58.689686,Coursera,41.781494,3.6335654
4570,Course_4570,Office Tools,31,1824,87.787674,Coursera,160.89401,4.157099
4572,Course_4572,Technology,74,1514,91.3818,Coursera,20.568167,3.533011
4583,Course_4583,Finance,81,4816,98.32129,Coursera,40.276432,3.7915463
4584,Course_4584,Programming,25,3640,91.82334,Coursera,100.90047,3.4327836
4585,Course_4585,Finance,31,126,97.959724,Coursera,175.38435,4.0379543
4590,Course_4590,Marketing,20,243,92.71605,Coursera,25.830128,4.1540456
4593,Course_4593,Office Tools,24,4732,75.14988,Coursera,164.78227,4.436738
4597,Course_4597,Business,56,633,66.80708,Coursera,38.946598,3.7934651
4608,Course_4608,AI,93,177,94.298,Coursera,10.752292,3.8400836
4611,Course_4611,Design,72,679,70.33542,Coursera,119.92203,3.5497859
4613,Course_4613,Data Science,18,563,91.655014,Coursera,164.41887,3.9281511
4614,Course_4614,Finance,24,415,93.90337,Coursera,132.53708,3.756306
4617,Course_4617,Office Tools,94,3383,95.844505,Coursera,135.78253,4.570265
4622,Course_4622,Design,85,2122,70.025764,Coursera,18.33974,3.0258968
4623,Course_4623,Finance,40,4607,72.226395,Coursera,46.266556,3.3900867
4628,Course_4628,Data Science,79,519,78.06538,Coursera,121.6151,3.448064
4634,Course_4634,Office Tools,62,1711,61.18338,Coursera,131.25447,4.48603
4653,Course_4653,Office Tools,93,319,81.98652,Coursera,30.70466,4.5525055
4664,Course_4664,Programming,75,2357,92.16232,Coursera,18.56233,3.7180994
4665,Course_4665,Programming,57,1417,94.8451,Coursera,151.46198,3.336327
4669,Course_4669,Office Tools,81,3821,63.01393,Coursera,72.83435,3.9624138
4670,Course_4670,AI,13,161,74.45408,Coursera,129.17856,4.7084465
4671,Course_4671,Finance,86,2345,64.9438,Coursera,161.16035,3.68739
4676,Course_4676,Marketing,18,2850,97.56229,Coursera,167.13733,4.564046
4685,Course_4685,Programming,88,1623,66.91191,Coursera,163.64075,3.791248
4689,Course_4689,Design,23,2922,53.767593,Coursera,100.16341,3.343183
4693,Course_4693,Office Tools,50,1208,70.06935,Coursera,41.009224,4.6195955
4696,Course_4696,Programming,53,1297,95.6777,Coursera,26.037327,3.1241262
4701,Course_4701,Business,47,2329,96.821465,Coursera,185.56664,4.3876047
4704,Course_4704,Business,49,1695,61.081158,Coursera,150.18817,3.4991763
4705,Course_4705,Design,41,1224,79.27377,Coursera,173.41579,3.968205
4708,Course_4708,Marketing,16,1444,59.02224,Coursera,10.264743,4.5288334
4709,Course_4709,Design,98,3908,92.86651,Coursera,136.70358,4.6542625
4719,Course_4719,Finance,68,3590,85.4569,Coursera,48.966503,3.828256
4727,Course_4727,AI,68,794,66.29151,Coursera,114.874825,4.104599
4730,Course_4730,Design,73,3697,58.457294,Coursera,98.791466,3.7321017
4733,Course_4733,Technology,22,1914,61.560127,Coursera,92.64759,4.5831466
4741,Course_4741,Office Tools,38,3298,63.157948,Coursera,21.584396,3.8441226
4747,Course_4747,Office Tools,68,3232,98.546425,Coursera,78.99333,3.5990405
4748,Course_4748,Technology,87,4090,81.41802,Coursera,103.61173,4.5763955
4750,Course_4750,Office Tools,66,3985,88.62333,Coursera,141.79681,4.747766
4758,Course_4758,Finance,67,4858,56.078415,Coursera,14.762111,4.163665
4762,Course_4762,Technology,91,295,63.277542,Coursera,140.926,4.7793593
4763,Course_4763,Finance,66,935,54.098167,Coursera,87.034386,3.5154397
4771,Course_4771,Finance,88,714,74.38917,Coursera,197.03116,4.2096286
4773,Course_4773,Data Science,77,3616,56.892223,Coursera,77.96317,3.73617
4776,Course_4776,Finance,18,1098,79.215126,Coursera,33.6182,4.4494853
4785,Course_4785,Technology,10,4946,78.44309,Coursera,98.50704,3.5148656
4786,Course_4786,Programming,69,3915,94.754036,Coursera,152.8263,4.048902
4787,Course_4787,Design,48,1695,53.729973,Coursera,143.64996,4.12252
4788,Course_4788,Finance,61,2450,71.91296,Coursera,168.01688,4.0975533
4789,Course_4789,Marketing,82,3918,51.138348,Coursera,33.925304,3.4128096
4791,Course_4791,Marketing,22,3420,78.60873,Coursera,97.96097,4.3386106
4794,Course_4794,Data Science,74,601,97.24771,Coursera,187.83015,3.7602797
4796,Course_4796,Business,20,453,71.49984,Coursera,196.91357,3.2524068
4801,Course_4801,Office Tools,39,861,57.16773,Coursera,92.50058,3.364924
4802,Course_4802,Office Tools,98,2061,55.70941,Coursera,182.90018,3.7670298
4808,Course_4808,Finance,58,4987,54.680557,Coursera,112.277336,4.003865
4818,Course_4818,Finance,23,2520,87.00985,Coursera,187.05484,4.7498856
4820,Course_4820,Design,76,4570,58.565426,Coursera,57.18745,4.708171
4824,Course_4824,Business,44,4267,89.52062,Coursera,182.44824,3.781161
4827,Course_4827,Finance,90,2356,98.95737,Coursera,46.64287,3.108717
4831,Course_4831,Office Tools,95,4883,56.95332,Coursera,56.36686,3.7510982
4832,Course_4832,Marketing,74,1279,51.76592,Coursera,27.051697,3.9372137
4836,Course_4836,Programming,49,4808,77.65429,Coursera,11.656171,4.088196
4837,Course_4837,Office Tools,45,1368,70.76631,Coursera,196.25809,3.5241053
4842,Course_4842,Technology,82,1785,94.39171,Coursera,77.09661,3.9645596
4849,Course_4849,Programming,39,147,86.31145,Coursera,141.23917,3.3389587
4856,Course_4856,AI,75,3910,79.26936,Coursera,99.240425,4.7395287
4862,Course_4862,Business,95,4759,60.546528,Coursera,91.75775,4.5944424
4863,Course_4863,Marketing,16,4974,71.07181,Coursera,117.99319,4.5545554
4864,Course_4864,Technology,25,3040,71.857544,Coursera,183.81345,3.6215663
4873,Course_4873,Office Tools,66,3419,61.58941,Coursera,156.49944,3.2538986
4874,Course_4874,Finance,10,686,83.41081,Coursera,63.862846,3.098365
4881,Course_4881,Marketing,13,418,56.66498,Coursera,28.200233,4.5166492
4887,Course_4887,Technology,100,770,53.499996,Coursera,88.398865,4.4415846
4890,Course_4890,Data Science,11,1734,76.842186,Coursera,174.99837,4.377997
4894,Course_4894,Business,52,817,97.67003,Coursera,83.56176,4.017978
4901,Course_4901,AI,37,1503,85.77668,Coursera,88.12139,3.170818
4908,Course_4908,AI,55,283,83.27986,Coursera,114.31199,3.7054389
4911,Course_4911,Technology,55,3859,78.8992,Coursera,18.887953,3.324393
4918,Course_4918,AI,58,2683,50.548176,Coursera,110.928406,4.207911
4919,Course_4919,Technology,35,1827,50.0591,Coursera,146.39134,3.3174143
4920,Course_4920,Programming,51,1964,73.644424,Coursera,179.99171,3.6854937
4922,Course_4922,Programming,66,1911,96.93203,Coursera,113.1831,3.9224958
4924,Course_4924,Business,16,807,87.36823,Coursera,185.22,4.509812
4926,Course_4926,Marketing,57,2927,89.448784,Coursera,117.393684,4.8452544
4936,Course_4936,Technology,24,2727,89.23563,Coursera,88.69837,4.7519345
4959,Course_4959,Office Tools,84,3758,75.50161,Coursera,101.29544,4.4265914
4963,Course_4963,Programming,59,4731,70.63579,Coursera,128.82472,3.8821626
4965,Course_4965,Technology,86,532,76.964554,Coursera,179.98471,4.6306906
4966,Course_4966,Finance,21,254,80.12799,Coursera,125.801796,4.650294
4984,Course_4984,Finance,96,1010,70.240295,Coursera,50.284973,3.8540137
4990,Course_4990,Marketing,51,3006,86.309296,Coursera,172.32832,3.011903
4997,Course_4997,Marketing,12,502,89.76387,Coursera,148.59561,4.6985226
4998,Course_4998,Programming,68,4149,56.187958,Coursera,122.74552,4.673237
4999,Course_4999,AI,72,793,56.59774,Coursera,155.22047,3.8809578
5002,Course_5002,Design,92,1081,62.857426,Coursera,80.036316,3.4785686
5003,Course_5003,Business,13,662,55.905636,Coursera,67.89353,4.3980036
5006,Course_5006,Marketing,58,2820,74.68423,Coursera,132.84712,3.898482
5015,Course_5015,Office Tools,81,3332,90.84815,Coursera,144.84543,3.694359
5018,Course_5018,Office Tools,16,1433,51.540836,Coursera,46.308136,4.417577
5023,Course_5023,Programming,10,421,58.999176,Coursera,110.05083,3.9499447
5025,Course_5025,Design,77,2169,92.22661,Coursera,40.78975,3.6988077
5028,Course_5028,Business,87,4484,65.97362,Coursera,75.12375,4.3810744
5029,Course_5029,Business,17,2172,80.29367,Coursera,189.62386,4.0878754
5031,Course_5031,Design,35,2782,86.18783,Coursera,12.510647,3.524356
5037,Course_5037,Marketing,88,4471,53.5198,Coursera,86.33766,3.1592767
5045,Course_5045,AI,79,1769,81.002396,Coursera,144.14868,3.9709358
5046,Course_5046,Design,36,422,96.127495,Coursera,81.559,3.053524
5048,Course_5048,Marketing,52,4723,82.45976,Coursera,42.0882,4.660758
5057,Course_5057,Office Tools,91,1005,73.99624,Coursera,33.833298,3.8331907
5061,Course_5061,Programming,30,172,82.19797,Coursera,97.829254,4.5803876
5063,Course_5063,Business,45,2805,82.98073,Coursera,39.345657,4.0293
5067,Course_5067,AI,35,2815,55.48554,Coursera,26.988062,3.311262
5071,Course_5071,Marketing,33,1078,80.33663,Coursera,100.96209,3.5233667
5074,Course_5074,Business,17,722,70.91079,Coursera,30.818699,4.2325516
5082,Course_5082,Office Tools,56,452,71.004875,Coursera,35.726025,4.325599
5083,Course_5083,Office Tools,50,3224,58.489494,Coursera,146.8439,3.860522
5085,Course_5085,Marketing,79,4150,79.72063,Coursera,164.34914,3.222294
5089,Course_5089,Programming,28,4093,84.04806,Coursera,111.533554,4.205668
5092,Course_5092,Marketing,99,1295,60.21116,Coursera,54.491077,4.2523518
5103,Course_5103,Data Science,57,4376,78.20576,Coursera,85.30351,3.5277648
5105,Course_5105,Data Science,52,1412,66.780754,Coursera,121.01993,3.267059
5107,Course_5107,Finance,60,801,97.29022,Coursera,47.675552,3.7852747
5112,Course_5112,Marketing,17,1194,69.58528,Coursera,191.46992,3.358477
5113,Course_5113,Business,79,2760,54.023834,Coursera,13.366132,3.8306112
5115,Course_5115,Programming,50,4518,91.05795,Coursera,90.427475,4.477032
5120,Course_5120,AI,69,452,80.91514,Coursera,192.15952,4.7516747
5142,Course_5142,Design,25,4241,86.09071,Coursera,92.2357,3.0665715
5144,Course_5144,Design,17,111,54.45493,Coursera,26.006693,4.7226496
5157,Course_5157,Finance,37,1901,88.20657,Coursera,88.70575,3.6334808
5167,Course_5167,Design,83,3565,85.09756,Coursera,188.85022,4.7685432
5172,Course_5172,Design,67,2227,94.21316,Coursera,40.21459,3.3573093
5173,Course_5173,Technology,81,1953,81.56453,Coursera,56.859264,3.0218918
5176,Course_5176,Finance,80,824,59.73069,Coursera,22.652967,3.3924146
5185,Course_5185,AI,84,4848,97.613785,Coursera,114.86679,3.4281433
5190,Course_5190,Technology,22,3203,61.1396,Coursera,12.808967,4.636174
5191,Course_5191,Finance,76,4695,72.63991,Coursera,174.395,3.1830735
5198,Course_5198,Finance,68,4279,79.949455,Coursera,122.379295,4.2063527
5202,Course_5202,Business,25,2679,81.3285,Coursera,126.4489,3.134802
5209,Course_5209,Programming,66,2546,53.47153,Coursera,18.63399,4.5980563
5213,Course_5213,Finance,54,773,56.17745,Coursera,180.84978,4.3904896
5216,Course_5216,AI,19,1405,84.96657,Coursera,92.95123,3.2907777
5218,Course_5218,Technology,43,257,98.43025,Coursera,84.417755,4.3127465
5219,Course_5219,Finance,28,331,66.467545,Coursera,96.62357,3.0101984
5220,Course_5220,Programming,100,669,94.18369,Coursera,82.47454,4.008304
5222,Course_5222,Marketing,66,910,67.72797,Coursera,80.2897,4.334612
5224,Course_5224,Design,14,533,70.674225,Coursera,197.62303,4.8448143
5225,Course_5225,Design,100,2064,91.50112,Coursera,130.54013,4.8135705
5236,Course_5236,Business,24,511,60.77082,Coursera,142.22116,3.576807
5239,Course_5239,Data Science,36,4723,86.32105,Coursera,190.93529,4.1644206
5240,Course_5240,Marketing,17,2904,86.41928,Coursera,67.57017,4.122416
5241,Course_5241,Programming,82,3864,88.42372,Coursera,198.1398,3.0746133
5245,Course_5245,Business,66,2338,66.24985,Coursera,34.60744,3.0695014
5247,Course_5247,Design,38,3700,58.973915,Coursera,93.690384,3.441517
5250,Course_5250,Marketing,25,2707,78.98715,Coursera,137.2494,3.0882356
5252,Course_5252,Marketing,19,1313,82.06804,Coursera,138.3409,4.1915455
5262,Course_5262,Office Tools,14,4408,86.84446,Coursera,87.674194,4.3346415
5270,Course_5270,Office Tools,92,2116,57.001366,Coursera,104.714355,4.8936105
5275,Course_5275,Marketing,76,2869,74.627914,Coursera,147.64832,3.8857415
5276,Course_5276,Design,38,368,94.708084,Coursera,118.049545,4.5378685
5284,Course_5284,Programming,42,711,54.168594,Coursera,146.24042,3.3808773
5289,Course_5289,Marketing,99,766,80.73521,Coursera,134.08731,3.283524
5297,Course_5297,Programming,49,3153,97.83366,Coursera,42.249714,4.3390164
5309,Course_5309,Programming,75,367,77.95639,Coursera,173.63263,4.044051
5316,Course_5316,Technology,78,4126,52.69301,Coursera,161.64613,3.3209026
5319,Course_5319,Business,63,626,57.44194,Coursera,143.34702,4.495904
5324,Course_5324,AI,32,3703,55.53381,Coursera,146.99197,4.565883
5327,Course_5327,Design,31,4525,81.77801,Coursera,154.50891,4.5618906
5330,Course_5330,Office Tools,99,3171,57.091984,Coursera,49.87303,3.8241687
5336,Course_5336,Office Tools,82,4298,94.70148,Coursera,132.4217,4.720658
5339,Course_5339,Technology,78,201,58.250633,Coursera,49.40511,4.3235755
5341,Course_5341,Programming,63,2781,81.55772,Coursera,133.98903,4.308927
5345,Course_5345,Design,100,3780,97.99735,Coursera,134.73242,3.144473
5347,Course_5347,Design,93,1315,52.908764,Coursera,192.41356,3.0017564
5348,Course_5348,Technology,20,585,67.316216,Coursera,42.900543,4.515565
5355,Course_5355,Marketing,58,1543,53.963764,Coursera,19.178038,3.8230324
5359,Course_5359,Design,65,2969,80.80198,Coursera,105.04829,3.882895
5360,Course_5360,Technology,17,2754,65.88949,Coursera,99.99344,4.145399
5361,Course_5361,Programming,35,1499,74.70786,Coursera,176.97812,3.5294933
5363,Course_5363,Technology,44,1851,50.7009,Coursera,148.14877,3.7960892
5364,Course_5364,Data Science,78,353,66.00286,Coursera,100.56963,4.6530294
5368,Course_5368,Design,52,4769,68.818954,Coursera,140.66556,3.51267
5372,Course_5372,AI,66,2366,82.6094,Coursera,73.59761,3.05062
5378,Course_5378,AI,38,3823,75.92025,Coursera,192.75096,3.1639934
5379,Course_5379,Business,62,2692,69.205864,Coursera,22.652386,4.4735446
5381,Course_5381,AI,34,3132,86.993965,Coursera,195.96599,3.872053
5382,Course_5382,Office Tools,59,3395,82.70386,Coursera,118.602715,4.35363
5383,Course_5383,Office Tools,35,2730,92.77628,Coursera,165.83511,3.0653346
5385,Course_5385,Technology,74,1421,59.071594,Coursera,34.117104,3.7577899
5390,Course_5390,Design,21,1918,81.055824,Coursera,65.506165,4.1724424
5397,Course_5397,Design,57,4679,90.06773,Coursera,144.9689,4.7782297
5399,Course_5399,Technology,44,4578,93.51228,Coursera,33.26353,3.20223
5403,Course_5403,Finance,29,1958,88.57196,Coursera,161.24336,4.007561
5406,Course_5406,Marketing,34,2445,63.84524,Coursera,189.86711,3.4233422
5409,Course_5409,Technology,20,343,75.739426,Coursera,32.475468,3.4734828
5410,Course_5410,Business,56,727,74.086555,Coursera,10.163843,3.1671524
5413,Course_5413,Programming,100,1906,93.44014,Coursera,183.01073,3.9788077
5420,Course_5420,AI,51,4354,77.70142,Coursera,188.44656,4.474415
5423,Course_5423,Finance,53,571,59.822517,Coursera,109.255196,3.3378632
5425,Course_5425,Office Tools,10,2015,83.68345,Coursera,99.922905,3.9093447
5435,Course_5435,Office Tools,60,168,88.24323,Coursera,115.269844,3.7372622
5441,Course_5441,Technology,66,1485,82.546906,Coursera,190.20723,3.235679
5442,Course_5442,Data Science,28,4122,74.92178,Coursera,168.53319,4.99371
5443,Course_5443,Office Tools,12,2401,93.55611,Coursera,153.53902,4.8539143
5444,Course_5444,Design,42,430,67.95115,Coursera,190.2198,4.6922126
5449,Course_5449,Technology,91,3064,70.10258,Coursera,154.01266,3.2810657
5453,Course_5453,AI,84,3097,95.886314,Coursera,181.56213,3.4914694
5472,Course_5472,Finance,83,3495,94.46829,Coursera,109.329956,4.8780627
5478,Course_5478,Office Tools,78,3297,56.21353,Coursera,19.895037,4.626064
5480,Course_5480,Marketing,24,4396,83.844696,Coursera,60.918022,3.3698978
5482,Course_5482,Programming,66,1785,76.53643,Coursera,97.09452,4.3201528
5491,Course_5491,Finance,37,3684,88.02421,Coursera,111.82154,3.8366287
5497,Course_5497,Marketing,65,242,77.19337,Coursera,117.91362,4.1467514
5505,Course_5505,Programming,90,653,93.53096,Coursera,132.32738,4.636528
5516,Course_5516,Office Tools,77,583,52.30286,Coursera,113.827126,4.177918
5519,Course_5519,Business,74,4462,74.3939,Coursera,106.36211,3.8368351
5520,Course_5520,Marketing,27,1205,87.35039,Coursera,29.345543,3.9203398
5522,Course_5522,AI,42,3567,55.941143,Coursera,128.15845,3.1656735
5540,Course_5540,Finance,72,3405,72.98956,Coursera,83.73814,3.7214134
5542,Course_5542,Design,40,1526,66.151215,Coursera,29.268993,3.2640386
5544,Course_5544,Business,57,2164,81.529274,Coursera,140.86443,3.2552292
5546,Course_5546,Design,78,1951,83.02619,Coursera,94.006546,4.3158827
5551,Course_5551,Marketing,78,2152,70.323715,Coursera,158.7191,3.157418
5552,Course_5552,Finance,52,1082,78.1222,Coursera,62.98612,4.544977
5554,Course_5554,Business,80,2126,54.314117,Coursera,151.22243,3.5420535
5558,Course_5558,Data Science,33,1186,75.90333,Coursera,81.62419,3.4216456
5559,Course_5559,AI,45,3962,65.23118,Coursera,52.77519,4.474079
5562,Course_5562,Programming,81,4497,91.704475,Coursera,177.35333,3.7157238
5564,Course_5564,Marketing,27,702,56.696323,Coursera,135.62778,3.1982129
5572,Course_5572,Finance,75,4049,89.9687,Coursera,157.38087,3.7679245
5575,Course_5575,Programming,86,1290,94.39417,Coursera,119.908424,4.398264
5594,Course_5594,Data Science,10,370,61.060295,Coursera,132.47672,4.6325555
5599,Course_5599,Technology,92,3910,60.754963,Coursera,188.20471,3.0746012
5603,Course_5603,Marketing,81,1385,83.47633,Coursera,76.018135,3.5868912
5606,Course_5606,Marketing,100,706,62.87399,Coursera,69.21485,3.3878973
5609,Course_5609,Business,46,2089,55.03151,Coursera,165.8146,3.6076117
5610,Course_5610,Business,85,4288,62.570957,Coursera,163.26976,3.138331
5615,Course_5615,Programming,77,939,94.641495,Coursera,81.31584,4.2378983
5616,Course_5616,Finance,53,3964,85.65298,Coursera,133.3353,4.439505
5617,Course_5617,Data Science,57,2529,91.08943,Coursera,177.13925,3.2376082
5621,Course_5621,Design,96,3263,91.798775,Coursera,80.95818,4.7091227
5624,Course_5624,Finance,33,2231,82.78913,Coursera,86.02471,3.8811877
5626,Course_5626,Technology,31,588,90.02273,Coursera,174.81577,3.8750875
5627,Course_5627,Finance,80,2225,90.58178,Coursera,176.73679,3.7991014
5632,Course_5632,Office Tools,21,227,89.23409,Coursera,29.770414,4.9694076
5636,Course_5636,Finance,67,3105,68.958885,Coursera,85.7623,4.974604
5637,Course_5637,Business,99,2806,93.687614,Coursera,23.624786,3.6022403
5638,Course_5638,Finance,87,3165,76.40944,Coursera,57.89317,3.805717
5651,Course_5651,AI,68,2280,50.944557,Coursera,79.678185,4.9157786
5652,Course_5652,Programming,49,1952,92.42909,Coursera,115.370544,3.3899179
5654,Course_5654,AI,58,1518,83.75275,Coursera,33.48243,3.6018114
5657,Course_5657,AI,29,1016,82.93398,Coursera,113.95028,4.0330486
5659,Course_5659,Office Tools,32,185,97.5565,Coursera,133.47116,4.832219
5664,Course_5664,Programming,57,4226,91.00577,Coursera,65.55947,4.0628586
5665,Course_5665,Business,94,4808,62.393383,Coursera,48.580105,4.576047
5666,Course_5666,Programming,85,2872,78.19818,Coursera,164.2517,3.634048
5682,Course_5682,Finance,95,1700,89.08155,Coursera,179.5243,3.134372
5683,Course_5683,Finance,89,855,78.50799,Coursera,189.21625,4.2998085
5684,Course_5684,Data Science,94,1572,65.59861,Coursera,56.852936,3.1662004
5686,Course_5686,Office Tools,54,4300,69.52275,Coursera,177.15039,4.9913225
5690,Course_5690,Technology,93,1215,93.837845,Coursera,37.36188,3.905306
5691,Course_5691,Marketing,13,314,79.787605,Coursera,156.13507,4.601195
5692,Course_5692,Data Science,58,2962,70.78901,Coursera,68.4943,4.88715
5693,Course_5693,AI,60,2404,53.28329,Coursera,147.29773,3.7154918
5695,Course_5695,AI,25,4698,65.94748,Coursera,151.44298,3.3637345
5696,Course_5696,Finance,99,4014,98.08452,Coursera,193.21954,4.466102
5699,Course_5699,Finance,34,131,91.61851,Coursera,198.22768,3.79272
5700,Course_5700,Marketing,82,3437,68.12958,Coursera,157.20149,3.8453794
5701,Course_5701,Business,100,4315,70.00836,Coursera,107.40136,3.7019048
5708,Course_5708,AI,34,2221,63.69689,Coursera,188.47058,3.1460996
5711,Course_5711,Data Science,21,2622,72.225464,Coursera,160.12502,4.114816
5716,Course_5716,Programming,80,2207,72.16531,Coursera,197.2397,4.0774784
5723,Course_5723,Office Tools,14,4033,67.35988,Coursera,68.04787,3.251166
5725,Course_5725,Marketing,75,4463,67.01257,Coursera,155.80812,4.036624
5731,Course_5731,Technology,54,746,94.3743,Coursera,153.9819,4.5373344
5734,Course_5734,Programming,39,668,66.27218,Coursera,97.84889,4.5016594
5735,Course_5735,Business,87,3838,94.42761,Coursera,149.43024,4.8619823
5737,Course_5737,Technology,49,4685,72.183044,Coursera,23.635536,4.5762024
5739,Course_5739,Technology,81,294,70.83954,Coursera,174.12035,3.3876674
5741,Course_5741,Finance,60,2274,50.208088,Coursera,148.47151,4.765465
5742,Course_5742,Office Tools,28,519,96.562584,Coursera,123.96113,3.6096768
5752,Course_5752,Office Tools,32,3894,87.18459,Coursera,52.664864,4.9924893
5756,Course_5756,Office Tools,21,1294,51.68622,Coursera,129.95908,4.3614454
5772,Course_5772,Office Tools,30,3360,54.659138,Coursera,46.42669,4.349145
5774,Course_5774,Office Tools,76,1484,86.22245,Coursera,155.31839,4.3321867
5775,Course_5775,Business,13,1002,76.16659,Coursera,145.8085,4.209807
5778,Course_5778,Programming,44,4382,93.933136,Coursera,147.28418,3.1770241
5779,Course_5779,Programming,75,2113,94.18843,Coursera,188.88013,4.680649
5786,Course_5786,Programming,28,2807,93.386475,Coursera,194.10353,3.3341293
5794,Course_5794,Office Tools,69,2949,64.13712,Coursera,179.00165,4.748404
5800,Course_5800,Office Tools,96,3869,78.80411,Coursera,15.046318,4.6766553
5802,Course_5802,Programming,98,2676,90.45977,Coursera,76.26459,4.4654408
5804,Course_5804,Data Science,92,1080,55.02954,Coursera,55.43423,4.0802393
5809,Course_5809,Finance,49,3381,99.11529,Coursera,56.46789,3.5395463
5815,Course_5815,Technology,83,1334,67.79616,Coursera,77.471596,3.276126
5816,Course_5816,Technology,11,714,55.69637,Coursera,119.76321,3.9758866
5817,Course_5817,AI,69,2064,87.885475,Coursera,68.23984,4.545378
5821,Course_5821,Finance,23,3342,96.985146,Coursera,46.012676,4.0543404
5826,Course_5826,Office Tools,33,697,92.3026,Coursera,31.879114,3.5866163
5827,Course_5827,Office Tools,63,669,58.50582,Coursera,59.95954,4.059261
5829,Course_5829,Design,69,3048,84.12693,Coursera,77.29585,4.231379
5832,Course_5832,Marketing,73,1130,63.85749,Coursera,30.38806,3.5946825
5833,Course_5833,Business,41,2059,81.34801,Coursera,111.57493,4.7197676
5841,Course_5841,AI,78,572,52.18824,Coursera,42.200493,3.9133968
5845,Course_5845,Design,30,4963,73.96574,Coursera,66.63755,3.7940037
5860,Course_5860,Business,50,2680,83.858894,Coursera,126.65961,3.4539418
5863,Course_5863,AI,87,827,78.524345,Coursera,180.78088,4.457645
5865,Course_5865,Programming,96,2624,94.22172,Coursera,29.812119,4.519925
5867,Course_5867,Technology,36,4855,61.009434,Coursera,34.586124,4.088932
5868,Course_5868,Programming,86,212,70.84191,Coursera,170.22166,3.1746304
5872,Course_5872,Business,17,4596,77.62853,Coursera,16.879654,4.0561447
5873,Course_5873,AI,87,3847,77.83102,Coursera,25.719433,3.6064634
5888,Course_5888,Office Tools,32,4512,91.269005,Coursera,190.88266,4.6605816
5889,Course_5889,Office Tools,88,2516,52.55955,Coursera,31.794615,3.3258607
5893,Course_5893,Programming,28,1054,78.84283,Coursera,94.97629,3.072465
5894,Course_5894,Design,59,464,92.85554,Coursera,131.34192,3.2838593
5899,Course_5899,Marketing,71,3361,54.682945,Coursera,60.997368,4.1271906
5906,Course_5906,Technology,14,1491,67.87293,Coursera,196.48038,4.2005405
5914,Course_5914,Design,14,1627,96.926544,Coursera,115.74288,3.8374097
5920,Course_5920,Office Tools,18,1786,63.006657,Coursera,148.90546,4.5881243
5924,Course_5924,Data Science,36,1620,82.724236,Coursera,156.64027,3.4168766
5930,Course_5930,Data Science,55,2141,74.173256,Coursera,195.61198,4.236011
5942,Course_5942,Office Tools,65,1729,55.794865,Coursera,11.774099,4.746005
5958,Course_5958,Programming,69,2749,70.53268,Coursera,57.623814,3.4497013
5964,Course_5964,Finance,10,3080,98.4167,Coursera,147.29648,3.750153
5971,Course_5971,Design,83,1814,55.816216,Coursera,49.040382,3.3403409
5972,Course_5972,Design,34,2870,72.981804,Coursera,19.719757,4.4609766
5984,Course_5984,Technology,37,4316,66.19593,Coursera,164.30264,3.4543009
5986,Course_5986,Business,79,905,55.094257,Coursera,14.895255,4.9269876
5995,Course_5995,Technology,93,2571,71.41417,Coursera,167.79541,4.747282
5997,Course_5997,Finance,20,289,95.72668,Coursera,185.12622,3.287787
5998,Course_5998,Business,20,2593,67.936516,Coursera,144.0349,4.0074058
5999,Course_5999,AI,39,4066,57.465862,Coursera,126.29378,3.1682785
6000,Course_6000,Marketing,62,1481,80.26153,Coursera,108.75669,3.786706
6002,Course_6002,Finance,30,2156,52.902287,Coursera,19.756039,4.1274543
6004,Course_6004,AI,80,3782,59.630817,Coursera,177.51674,4.446063
6005,Course_6005,AI,85,1243,69.50953,Coursera,196.89452,3.4973612
6011,Course_6011,Data Science,21,4453,91.13051,Coursera,136.83084,3.217489
6013,Course_6013,Marketing,54,394,56.035007,Coursera,82.41449,4.114366
6015,Course_6015,Data Science,65,4121,61.577682,Coursera,172.29277,3.0721297
6020,Course_6020,Programming,78,4815,91.70568,Coursera,183.01787,4.21661
6026,Course_6026,Business,85,1319,63.53092,Coursera,18.553314,4.8361497
6029,Course_6029,Technology,34,642,68.12462,Coursera,183.37372,3.0359497
6030,Course_6030,AI,21,2118,87.099556,Coursera,196.59001,3.5460975
6032,Course_6032,Technology,87,4330,86.355385,Coursera,176.83832,4.5894456
6036,Course_6036,Data Science,32,447,96.13999,Coursera,165.47516,4.1162653
6039,Course_6039,Marketing,66,1403,85.881165,Coursera,99.71521,3.9876895
6044,Course_6044,Design,49,941,50.924812,Coursera,91.19627,4.7111063
6045,Course_6045,Data Science,36,251,99.44482,Coursera,79.60133,3.4512162
6046,Course_6046,Design,56,1378,57.792366,Coursera,48.159004,4.6553817
6048,Course_6048,Design,99,3949,75.93915,Coursera,88.51041,4.11208
6051,Course_6051,Programming,61,1710,84.95507,Coursera,154.14821,3.5290644
6052,Course_6052,Marketing,10,1333,97.94735,Coursera,53.36328,3.5736744
6055,Course_6055,Marketing,21,2836,88.642784,Coursera,131.00018,4.231748
6060,Course_6060,Design,98,291,50.308983,Coursera,80.45199,4.2110834
6064,Course_6064,Marketing,16,3982,99.40441,Coursera,29.64614,3.5142255
6067,Course_6067,Office Tools,73,4745,74.12214,Coursera,94.16405,4.9052114
6081,Course_6081,Design,46,4943,88.537445,Coursera,64.62444,4.148681
6084,Course_6084,Technology,27,4326,75.132286,Coursera,152.94176,3.9716148
6087,Course_6087,Technology,31,2190,85.00161,Coursera,81.131355,4.7360134
6089,Course_6089,Data Science,74,1152,64.74746,Coursera,179.07478,4.3467216
6092,Course_6092,AI,18,1929,94.79539,Coursera,79.6669,3.1836636
6094,Course_6094,Data Science,92,3055,89.55024,Coursera,56.574677,4.077688
6102,Course_6102,AI,74,410,73.76154,Coursera,132.09167,3.5167112
6103,Course_6103,Finance,35,655,81.02956,Coursera,136.77727,4.6456733
6104,Course_6104,Technology,17,256,71.04657,Coursera,74.06338,4.855205
6107,Course_6107,Office Tools,99,1378,63.80651,Coursera,153.52933,3.9088242
6113,Course_6113,AI,46,670,77.17022,Coursera,119.947685,3.3215215
6119,Course_6119,Business,19,185,80.72345,Coursera,64.307144,3.986845
6122,Course_6122,AI,82,381,91.782364,Coursera,140.15923,3.6330814
6129,Course_6129,Marketing,22,3435,82.76843,Coursera,197.28552,3.3900113
6131,Course_6131,Technology,81,3393,50.876705,Coursera,125.08811,3.1435661
6134,Course_6134,Technology,80,2717,84.12321,Coursera,125.3783,3.2814605
6135,Course_6135,Marketing,70,1152,86.16754,Coursera,157.5935,4.541093
6136,Course_6136,Finance,66,1543,80.29831,Coursera,150.08319,3.117285
6140,Course_6140,Marketing,86,2786,65.65238,Coursera,27.254807,4.591353
6141,Course_6141,Design,27,636,63.7334,Coursera,159.58636,4.9168277
6142,Course_6142,Marketing,28,4810,53.783062,Coursera,78.6216,4.301325
6146,Course_6146,Finance,56,2006,95.24323,Coursera,90.7753,3.1976593
6151,Course_6151,Design,74,3149,70.13187,Coursera,23.366638,4.494261
6155,Course_6155,Finance,21,4560,57.100567,Coursera,148.14594,4.2723823
6157,Course_6157,Technology,43,364,76.10807,Coursera,14.604049,3.8105645
6160,Course_6160,Office Tools,36,2543,68.815346,Coursera,10.091553,3.172353
6162,Course_6162,Programming,41,1770,74.81929,Coursera,31.542643,3.993234
6169,Course_6169,Design,96,375,68.22907,Coursera,146.35176,4.592124
6171,Course_6171,Programming,24,904,56.0559,Coursera,166.89528,4.0720024
6176,Course_6176,Marketing,20,4809,53.34916,Coursera,179.31546,4.5277257
6180,Course_6180,AI,93,823,76.07496,Coursera,88.124306,3.3284392
6187,Course_6187,Marketing,22,1011,76.8203,Coursera,31.595499,3.456422
6192,Course_6192,Design,47,1426,72.21789,Coursera,114.80954,3.461857
6194,Course_6194,Data Science,56,2985,83.45439,Coursera,126.794586,4.0938225
6196,Course_6196,Finance,55,2364,65.56366,Coursera,162.89781,4.0273542
6197,Course_6197,Design,45,4087,60.397102,Coursera,92.941925,4.2209005
6199,Course_6199,AI,87,4718,66.63276,Coursera,155.32658,3.314717
6202,Course_6202,Office Tools,14,1411,56.728363,Coursera,54.763676,4.3737435
6206,Course_6206,Finance,58,1898,90.322945,Coursera,63.82817,4.855304
6209,Course_6209,Business,45,973,99.42912,Coursera,132.58536,4.051126
6213,Course_6213,Data Science,75,2563,86.72081,Coursera,39.235207,4.942178
6214,Course_6214,Design,10,3235,54.78148,Coursera,122.191,4.4399853
6220,Course_6220,Finance,84,3353,61.363552,Coursera,78.371704,3.8958638
6221,Course_6221,Data Science,39,3144,67.16022,Coursera,65.03559,3.5867856
6225,Course_6225,Finance,21,497,73.733246,Coursera,124.046585,3.5972633
6228,Course_6228,Office Tools,76,1929,63.103855,Coursera,25.037521,4.812448
6229,Course_6229,Data Science,84,2493,75.3011,Coursera,130.78453,3.02272
6231,Course_6231,AI,69,4723,63.009113,Coursera,179.15602,4.2191935
6235,Course_6235,AI,39,3462,73.03297,Coursera,19.460226,3.654476
6240,Course_6240,Data Science,69,4580,96.98808,Coursera,128.25333,3.246166
6249,Course_6249,Programming,59,1611,73.31498,Coursera,186.99353,4.857604
6252,Course_6252,Data Science,12,1441,59.63027,Coursera,131.22176,4.0588107
6254,Course_6254,Business,74,2481,69.43503,Coursera,164.0936,3.5715423
6260,Course_6260,Data Science,28,3584,93.48787,Coursera,10.853074,3.4574218
6275,Course_6275,Data Science,36,1718,79.99844,Coursera,66.51363,4.0349
6289,Course_6289,Design,85,473,91.86594,Coursera,156.68982,3.2618854
6292,Course_6292,Finance,45,4873,72.75648,Coursera,108.723236,3.1571317
6294,Course_6294,Office Tools,97,2779,53.15813,Coursera,93.33734,3.3548274
6301,Course_6301,Programming,42,1807,92.04813,Coursera,130.72565,3.9975014
6311,Course_6311,Programming,45,3301,76.787285,Coursera,195.88881,4.357164
6316,Course_6316,Marketing,66,3157,70.01809,Coursera,27.717173,4.791714
6317,Course_6317,Data Science,78,4396,83.26148,Coursera,148.23967,4.7430267
6318,Course_6318,Design,75,1043,77.91685,Coursera,58.831844,3.5426757
6327,Course_6327,Marketing,19,457,94.874176,Coursera,97.9134,4.4539843
6333,Course_6333,Data Science,51,1919,81.41452,Coursera,136.11308,3.7430577
6351,Course_6351,Marketing,67,2517,97.86738,Coursera,67.25305,4.928767
6352,Course_6352,Technology,97,3374,99.854034,Coursera,123.17001,3.4532754
6359,Course_6359,Programming,72,4616,54.08617,Coursera,95.9277,3.4458683
6366,Course_6366,AI,22,1940,91.46805,Coursera,166.2171,3.9647794
6370,Course_6370,Data Science,90,2787,75.65902,Coursera,154.94073,3.7020285
6372,Course_6372,Technology,62,1730,58.566196,Coursera,84.774216,3.3743794
6375,Course_6375,Office Tools,25,3336,56.880913,Coursera,194.56906,4.9552116
6381,Course_6381,Design,59,4526,96.17592,Coursera,182.18913,4.7910833
6387,Course_6387,Office Tools,58,4907,72.99481,Coursera,195.1072,3.551485
6390,Course_6390,AI,52,2437,77.17188,Coursera,130.53763,4.372052
6397,Course_6397,Finance,43,4909,83.00992,Coursera,85.81513,4.0743303
6401,Course_6401,Data Science,11,994,56.782516,Coursera,123.41863,3.158561
6403,Course_6403,Design,77,1216,53.93546,Coursera,196.99823,4.40548
6411,Course_6411,Marketing,13,2600,98.40553,Coursera,162.60541,4.084825
6415,Course_6415,Business,20,4886,57.681156,Coursera,149.34573,3.90176
6421,Course_6421,Data Science,21,1734,55.33566,Coursera,26.106403,4.484253
6433,Course_6433,Marketing,63,4822,76.64963,Coursera,118.97098,3.2590396
6437,Course_6437,Data Science,36,2992,55.26975,Coursera,45.509975,3.0478387
6439,Course_6439,Data Science,32,2558,78.23235,Coursera,67.33201,4.1117578
6443,Course_6443,Data Science,49,3056,98.13138,Coursera,70.585434,3.8425412
6458,Course_6458,AI,22,3174,52.249977,Coursera,87.11307,3.5350301
6468,Course_6468,Programming,53,1093,79.2174,Coursera,87.89794,3.6880805
6470,Course_6470,Design,12,3133,66.3514,Coursera,182.18163,3.6905646
6480,Course_6480,Data Science,74,3482,84.20427,Coursera,117.8653,4.1117845
6481,Course_6481,Marketing,34,2098,96.30685,Coursera,199.52226,3.4583662
6482,Course_6482,AI,98,738,87.62117,Coursera,179.3745,3.8999126
6485,Course_6485,Business,38,135,81.974335,Coursera,172.04773,4.0550075
6488,Course_6488,Office Tools,58,2369,92.641594,Coursera,181.6666,4.1522546
6490,Course_6490,Design,41,4884,57.080208,Coursera,73.49821,3.0209138
6491,Course_6491,Business,34,2983,72.148674,Coursera,62.39435,4.5250516
6497,Course_6497,Office Tools,53,616,85.26188,Coursera,193.04181,3.897827
6502,Course_6502,Design,82,2003,53.854218,Coursera,100.27529,3.6016798
6505,Course_6505,Marketing,12,2609,85.54531,Coursera,95.34386,4.724767
6514,Course_6514,Office Tools,53,2795,72.46979,Coursera,148.52551,3.6217365
6517,Course_6517,Office Tools,31,3930,97.234924,Coursera,62.405758,3.365874
6520,Course_6520,Technology,58,4355,79.50978,Coursera,27.802385,4.376586
6524,Course_6524,Finance,49,3370,96.16898,Coursera,83.69045,3.8989773
6526,Course_6526,Business,57,2289,94.016655,Coursera,144.37819,3.3531632
6529,Course_6529,Data Science,40,211,62.87689,Coursera,57.502975,4.042212
6530,Course_6530,Marketing,35,4259,51.512875,Coursera,26.98065,3.8933387
6532,Course_6532,Design,61,3511,80.94727,Coursera,166.72812,3.9570832
6536,Course_6536,Business,70,830,54.1984,Coursera,173.3289,4.283854
6537,Course_6537,Programming,22,2207,99.15124,Coursera,197.80728,3.081405
6546,Course_6546,Marketing,49,3470,99.45441,Coursera,117.57067,4.4122734
6550,Course_6550,Design,86,282,78.91911,Coursera,69.2456,4.2189364
6554,Course_6554,Data Science,85,1413,88.644516,Coursera,187.3505,3.4501114
6555,Course_6555,Office Tools,11,4506,64.24733,Coursera,139.50308,3.0096493
6557,Course_6557,Finance,92,3247,97.49029,Coursera,32.342804,3.3815067
6565,Course_6565,Programming,87,4318,99.18111,Coursera,27.94554,3.80585
6570,Course_6570,AI,98,1765,50.60311,Coursera,76.6162,3.3597484
6571,Course_6571,Data Science,62,4386,79.616875,Coursera,88.98467,4.5789995
6573,Course_6573,Business,77,3634,86.7809,Coursera,24.74583,4.6780376
6575,Course_6575,Business,13,288,57.302086,Coursera,55.186142,3.9041367
6577,Course_6577,Design,82,2608,69.42151,Coursera,123.952415,4.4029517
6582,Course_6582,AI,90,1984,55.724724,Coursera,154.44164,3.7789059
6584,Course_6584,Design,15,3725,91.83913,Coursera,15.08412,4.4216948
6589,Course_6589,Data Science,98,2679,56.013985,Coursera,73.47016,4.916789
6590,Course_6590,Finance,22,3124,76.13657,Coursera,94.76951,4.5136867
6595,Course_6595,Finance,32,2297,95.79996,Coursera,138.41937,3.675471
6596,Course_6596,Data Science,56,2553,65.581894,Coursera,25.810404,4.3809013
6597,Course_6597,Design,34,3874,73.41258,Coursera,101.28618,3.6649113
6598,Course_6598,AI,41,4425,89.71082,Coursera,142.50381,3.2268243
6599,Course_6599,Data Science,45,2618,79.748924,Coursera,145.38794,4.944363
6600,Course_6600,Marketing,48,3836,59.547585,Coursera,57.851906,4.429398
6602,Course_6602,Office Tools,53,284,67.341896,Coursera,96.68199,3.0150862
6604,Course_6604,Design,61,868,85.80098,Coursera,192.76508,3.4524655
6607,Course_6607,Business,97,3766,81.63193,Coursera,157.95659,3.3206046
6620,Course_6620,AI,52,3689,50.72009,Coursera,102.72067,4.0755396
6621,Course_6621,Business,87,3455,91.57106,Coursera,134.78026,3.5179462
6627,Course_6627,Business,52,2052,67.54105,Coursera,190.62741,3.2202027
6641,Course_6641,Data Science,63,4057,88.93332,Coursera,170.87451,3.350267
6648,Course_6648,Business,29,4645,73.53765,Coursera,18.561388,3.5480776
6649,Course_6649,Marketing,69,2269,73.06752,Coursera,170.16791,3.0995297
6650,Course_6650,AI,27,2341,89.54983,Coursera,168.38077,4.5123158
6668,Course_6668,Technology,22,4599,96.91807,Coursera,116.57368,3.86191
6669,Course_6669,Design,35,3261,87.37685,Coursera,99.070206,4.7664804
6671,Course_6671,Business,21,4647,58.47987,Coursera,154.4608,4.890687
6673,Course_6673,Business,78,2029,52.201057,Coursera,80.59589,3.6122832
6674,Course_6674,Programming,71,672,91.83139,Coursera,27.821129,3.4089768
6675,Course_6675,Technology,34,4358,90.570206,Coursera,96.1029,4.012854
6677,Course_6677,Design,48,1906,90.186356,Coursera,119.52933,4.363955
6683,Course_6683,Business,25,4440,64.70102,Coursera,72.95667,4.8650665
6687,Course_6687,Office Tools,13,1232,76.80808,Coursera,129.5277,4.9827256
6692,Course_6692,AI,55,4385,58.044952,Coursera,83.986534,3.9703724
6697,Course_6697,Technology,26,2735,82.376114,Coursera,61.11989,3.5103774
6703,Course_6703,Design,97,1926,78.67455,Coursera,153.26476,4.817425
6704,Course_6704,Office Tools,47,3338,79.99332,Coursera,128.41759,3.7217171
6711,Course_6711,Finance,48,1615,73.96794,Coursera,124.645836,4.4797378
6713,Course_6713,AI,14,4417,65.655556,Coursera,17.824816,4.2712646
6714,Course_6714,Office Tools,46,734,76.76894,Coursera,36.96305,4.5069685
6715,Course_6715,Marketing,100,1008,59.204567,Coursera,165.05977,3.4640474
6717,Course_6717,Business,41,2455,87.70261,Coursera,174.33418,4.098186
6728,Course_6728,Marketing,20,3034,94.834785,Coursera,145.28323,3.088878
6731,Course_6731,Office Tools,99,2557,88.26247,Coursera,181.35352,4.269619
6738,Course_6738,Office Tools,58,4953,93.61836,Coursera,77.55665,4.470198
6743,Course_6743,Business,27,4057,65.189575,Coursera,134.58725,3.3894856
6744,Course_6744,Business,87,4201,54.712353,Coursera,120.26941,3.1230202
6745,Course_6745,Finance,99,3364,76.22186,Coursera,162.80518,3.478521
6746,Course_6746,Technology,48,4443,65.74613,Coursera,113.57669,4.1420813
6749,Course_6749,Programming,23,3584,80.925415,Coursera,119.02907,3.70387
6750,Course_6750,Programming,29,4082,64.05214,Coursera,48.729015,3.9176097
6752,Course_6752,Office Tools,37,3298,55.514114,Coursera,108.479126,4.114376
6756,Course_6756,Finance,75,2071,57.880642,Coursera,118.10151,4.5551147
6760,Course_6760,Technology,13,989,55.676346,Coursera,72.813225,4.2890058
6768,Course_6768,Marketing,96,4081,50.249596,Coursera,127.90396,4.2762656
6769,Course_6769,Design,56,2424,97.19276,Coursera,20.974688,4.057127
6770,Course_6770,Programming,59,910,52.47421,Coursera,188.9437,4.796364
6771,Course_6771,Office Tools,38,1458,64.327995,Coursera,60.790424,4.5530763
6772,Course_6772,Technology,93,464,56.856094,Coursera,57.167374,4.277836
6775,Course_6775,Marketing,29,4454,93.16892,Coursera,93.18722,3.8510852
6781,Course_6781,Marketing,28,1393,98.316414,Coursera,177.21461,3.8087063
6783,Course_6783,Design,40,2368,77.60851,Coursera,171.2921,4.879373
6788,Course_6788,Programming,26,3911,95.56325,Coursera,178.25137,3.3813221
6789,Course_6789,Design,85,486,54.525635,Coursera,143.8182,3.68009
6791,Course_6791,Design,46,2841,57.35639,Coursera,188.29684,4.377658
6793,Course_6793,Marketing,88,2274,86.071846,Coursera,39.627518,3.5763106
6794,Course_6794,Office Tools,69,2956,86.12393,Coursera,114.41819,3.1564114
6803,Course_6803,Data Science,81,3991,91.92921,Coursera,197.2502,3.420219
6806,Course_6806,Marketing,41,3964,97.70721,Coursera,140.62968,4.1810694
6807,Course_6807,Office Tools,67,3475,93.045815,Coursera,38.14558,3.3165278
6810,Course_6810,Finance,26,1258,56.17622,Coursera,134.94269,3.0150533
6820,Course_6820,Technology,38,3442,73.18143,Coursera,111.55397,3.5462189
6827,Course_6827,Programming,65,1582,60.311985,Coursera,86.14589,3.684348
6831,Course_6831,Business,62,137,54.553177,Coursera,53.91951,4.7827764
6836,Course_6836,Business,84,3911,52.01772,Coursera,91.88635,4.780183
6845,Course_6845,Design,98,386,79.47162,Coursera,86.18217,4.772717
6850,Course_6850,Marketing,88,4422,65.150764,Coursera,59.80055,4.996797
6852,Course_6852,Data Science,69,4072,89.22048,Coursera,169.79951,3.648482
6867,Course_6867,Data Science,10,2068,87.10841,Coursera,183.05688,3.2597704
6882,Course_6882,Programming,77,1213,61.23273,Coursera,165.89818,4.6157985
6883,Course_6883,Programming,10,1319,56.312183,Coursera,66.528175,4.2527876
6894,Course_6894,Design,75,765,51.205975,Coursera,88.72091,4.5206857
6896,Course_6896,Data Science,18,2486,75.46782,Coursera,119.21958,3.7026825
6899,Course_6899,Marketing,41,2294,63.728333,Coursera,16.751602,3.814542
6900,Course_6900,Data Science,69,1881,61.160618,Coursera,99.67658,4.872065
6904,Course_6904,Business,19,1731,60.461834,Coursera,72.59902,4.561938
6905,Course_6905,Business,70,2344,83.25675,Coursera,101.68192,4.464204
6907,Course_6907,Design,84,2996,72.750534,Coursera,39.692963,3.523862
6915,Course_6915,AI,90,802,52.10248,Coursera,100.64663,3.9013736
6917,Course_6917,Business,59,238,89.4277,Coursera,156.44339,3.24151
6921,Course_6921,Technology,59,368,57.302307,Coursera,32.620804,3.5181105
6923,Course_6923,Business,59,1385,97.61052,Coursera,29.379496,3.1769137
6926,Course_6926,Office Tools,13,993,61.542534,Coursera,189.12231,3.2971182
6932,Course_6932,Finance,22,1016,63.26348,Coursera,27.189009,3.2561414
6934,Course_6934,Business,81,2242,99.195694,Coursera,16.914698,3.8419268
6935,Course_6935,Business,40,2797,67.00823,Coursera,50.474785,4.6164126
6938,Course_6938,Technology,96,4555,68.482185,Coursera,97.171265,3.947901
6940,Course_6940,Office Tools,78,4075,98.01741,Coursera,181.2652,3.2779055
6951,Course_6951,Design,21,2395,78.50208,Coursera,66.83537,4.1911564
6954,Course_6954,Data Science,81,4760,75.65874,Coursera,187.918,4.309418
6957,Course_6957,Office Tools,38,680,85.298325,Coursera,141.79057,3.8443003
6958,Course_6958,Technology,37,2812,90.25662,Coursera,65.32709,4.5682964
6965,Course_6965,Programming,48,1564,82.75356,Coursera,137.11848,4.7594004
6968,Course_6968,Technology,61,4041,94.088264,Coursera,101.95811,4.3265595
6980,Course_6980,Finance,42,3596,67.45128,Coursera,12.00482,3.8586128
6984,Course_6984,Marketing,67,626,50.74475,Coursera,143.57364,3.9420245
6989,Course_6989,Data Science,47,3949,99.79454,Coursera,32.087948,4.946925
6993,Course_6993,Business,56,1270,52.58101,Coursera,172.36021,4.194326
6996,Course_6996,AI,94,4954,56.841705,Coursera,127.78952,3.568767
7002,Course_7002,Finance,32,106,76.21039,Coursera,123.17068,4.7833385
7007,Course_7007,AI,94,3168,68.982895,Coursera,129.49396,4.348797
7008,Course_7008,Finance,98,2947,60.866875,Coursera,13.869666,4.2739224
7009,Course_7009,AI,93,2840,83.6046,Coursera,46.12475,3.2103758
7020,Course_7020,Business,14,1458,82.706,Coursera,36.872913,4.4107137
7025,Course_7025,Marketing,58,1697,85.16961,Coursera,173.57008,3.352502
7028,Course_7028,Data Science,20,1415,67.00328,Coursera,43.37704,4.9399767
7037,Course_7037,Office Tools,98,2935,93.03217,Coursera,87.87342,3.5873759
7038,Course_7038,Office Tools,11,4569,87.70343,Coursera,172.84233,3.2492926
7040,Course_7040,Design,39,1489,59.5437,Coursera,30.311104,3.5534422
7052,Course_7052,Programming,21,2614,75.552345,Coursera,142.07635,3.8588972
7053,Course_7053,Finance,89,3482,88.72239,Coursera,123.33427,4.2145543
7057,Course_7057,Business,59,3628,80.724976,Coursera,147.21274,3.0613592
7060,Course_7060,Business,59,2256,88.64699,Coursera,189.10979,4.4133406
7063,Course_7063,Data Science,21,2540,66.12281,Coursera,197.15546,3.3259974
7069,Course_7069,Marketing,88,2004,90.51564,Coursera,34.583622,3.0731246
7077,Course_7077,Programming,90,1538,93.46175,Coursera,116.76401,3.5815146
7083,Course_7083,Data Science,18,847,94.52852,Coursera,60.303272,4.8889074
7087,Course_7087,AI,32,3246,50.40553,Coursera,115.64422,4.88544
7088,Course_7088,Design,29,4345,76.02122,Coursera,90.8974,4.3393607
7089,Course_7089,Marketing,86,4454,63.460915,Coursera,157.86572,3.7807364
7095,Course_7095,Programming,85,1121,66.100464,Coursera,119.17318,4.7656875
7097,Course_7097,Business,40,3080,73.15628,Coursera,196.06866,4.3537493
7098,Course_7098,Marketing,91,365,70.42081,Coursera,108.100395,4.216506
7100,Course_7100,AI,55,2647,76.413284,Coursera,20.804085,4.452221
7101,Course_7101,Marketing,98,2567,86.08734,Coursera,94.52037,3.6034334
7102,Course_7102,Business,50,4899,68.59819,Coursera,34.95564,3.0164957
7103,Course_7103,Design,76,924,88.138885,Coursera,61.598053,4.2171082
7106,Course_7106,Finance,14,2551,74.28785,Coursera,75.70529,3.3629475
7110,Course_7110,AI,29,982,82.30929,Coursera,102.938545,3.7568145
7111,Course_7111,Office Tools,53,2300,93.18231,Coursera,137.46716,3.7612226
7112,Course_7112,Office Tools,58,481,74.9075,Coursera,30.084032,4.4715767
7113,Course_7113,AI,51,3015,61.237774,Coursera,58.320114,4.8495274
7115,Course_7115,AI,63,4897,77.25392,Coursera,78.90437,4.707688
7124,Course_7124,Finance,18,4717,77.89659,Coursera,22.812773,3.5343995
7127,Course_7127,Finance,39,388,73.9462,Coursera,32.556133,4.626313
7129,Course_7129,Business,42,947,56.94474,Coursera,79.969185,4.508843
7132,Course_7132,Business,56,3759,50.59285,Coursera,40.519943,4.7247305
7138,Course_7138,Business,55,3026,62.489902,Coursera,59.759182,3.70562
7140,Course_7140,Business,15,1035,72.73584,Coursera,199.1718,3.0383363
7141,Course_7141,Finance,11,3261,79.40798,Coursera,87.65644,4.3768644
7143,Course_7143,Programming,83,4648,58.418884,Coursera,149.56062,3.9803612
7144,Course_7144,Design,39,934,75.3795,Coursera,58.00628,3.7655175
7146,Course_7146,Design,61,2298,99.841064,Coursera,185.6024,3.684279
7149,Course_7149,Business,92,1107,87.60848,Coursera,12.4695635,4.2850595
7150,Course_7150,Business,13,4233,90.9671,Coursera,123.15654,3.5994663
7151,Course_7151,Programming,91,997,82.68607,Coursera,128.32014,4.601234
7155,Course_7155,Finance,28,419,55.107395,Coursera,128.38495,3.4934244
7157,Course_7157,Finance,88,2242,71.11869,Coursera,112.91579,3.224918
7161,Course_7161,Office Tools,55,1003,93.5539,Coursera,114.15834,4.693269
7164,Course_7164,Finance,70,1790,62.542263,Coursera,11.5133095,4.6990557
7169,Course_7169,AI,10,2527,92.29964,Coursera,165.84204,4.479522
7180,Course_7180,Data Science,73,4524,76.682076,Coursera,119.56371,3.3861775
7200,Course_7200,Technology,22,2491,76.09286,Coursera,136.08252,4.66164
7201,Course_7201,Office Tools,17,239,83.66666,Coursera,191.7605,3.374818
7203,Course_7203,Design,41,4170,68.35726,Coursera,109.02292,4.526549
7205,Course_7205,Business,63,2046,95.79205,Coursera,162.2002,4.2897434
7206,Course_7206,Data Science,29,4114,79.57306,Coursera,139.04568,4.0483775
7208,Course_7208,Design,12,2285,95.50035,Coursera,125.13073,3.0833435
7209,Course_7209,Programming,98,1490,81.839134,Coursera,80.83991,3.548633
7212,Course_7212,Programming,90,1262,58.932636,Coursera,43.874268,4.2047677
7217,Course_7217,Marketing,94,756,98.0372,Coursera,31.780558,4.8158064
7218,Course_7218,Marketing,27,3277,60.129097,Coursera,75.97333,4.0806823
7223,Course_7223,Technology,37,870,90.45459,Coursera,157.0725,4.735155
7230,Course_7230,Data Science,53,3282,68.71675,Coursera,173.94919,4.4648094
7242,Course_7242,Programming,47,1072,73.32954,Coursera,43.249165,4.6882744
7244,Course_7244,Marketing,16,2610,56.352158,Coursera,88.798325,3.1691697
7251,Course_7251,AI,41,3437,56.892937,Coursera,85.24523,4.801259
7254,Course_7254,Business,33,4579,93.206184,Coursera,112.90625,3.9924445
7258,Course_7258,Programming,50,2762,51.28155,Coursera,199.00104,4.102265
7260,Course_7260,Technology,91,446,97.215904,Coursera,20.754297,3.0231297
7265,Course_7265,Design,85,1521,55.551746,Coursera,119.26415,4.562122
7270,Course_7270,Technology,83,382,74.74149,Coursera,14.917236,4.478514
7271,Course_7271,Technology,56,2699,68.98301,Coursera,28.023798,3.878545
7275,Course_7275,Marketing,83,2096,88.410324,Coursera,109.11522,3.3616123
7279,Course_7279,Office Tools,28,3761,86.64648,Coursera,184.63782,3.0296159
7281,Course_7281,AI,10,4979,80.38119,Coursera,197.43883,4.7821007
7284,Course_7284,Technology,67,3411,67.86288,Coursera,168.00565,3.1231446
7290,Course_7290,Business,43,4760,73.23768,Coursera,126.400764,4.250826
7296,Course_7296,Finance,30,2547,86.00107,Coursera,29.85378,4.400438
7299,Course_7299,Finance,51,4346,92.34021,Coursera,118.66809,4.913048
7301,Course_7301,Design,23,4546,58.35999,Coursera,85.923096,4.269397
7302,Course_7302,Programming,31,1372,87.974236,Coursera,144.18904,4.5769086
7308,Course_7308,Office Tools,46,3365,91.66895,Coursera,149.74829,3.2982247
7323,Course_7323,Design,71,2720,57.79687,Coursera,20.865541,3.2627335
7326,Course_7326,Data Science,99,3864,56.01659,Coursera,158.72636,4.4327435
7330,Course_7330,Finance,48,1930,66.32458,Coursera,75.15524,4.552985
7333,Course_7333,Marketing,92,1039,65.44654,Coursera,131.76543,3.4757888
7342,Course_7342,Technology,49,2253,95.55275,Coursera,156.03526,4.079158
7344,Course_7344,Office Tools,69,1571,64.857666,Coursera,190.95563,3.0672073
7348,Course_7348,Business,60,1547,79.65667,Coursera,146.14049,4.6394525
7353,Course_7353,AI,31,2991,77.59277,Coursera,128.89001,4.0026326
7354,Course_7354,Office Tools,28,2432,50.009052,Coursera,188.08246,3.4661205
7356,Course_7356,Programming,18,1912,98.16628,Coursera,16.016794,3.138005
7357,Course_7357,Marketing,58,2726,88.23304,Coursera,156.20325,4.206149
7360,Course_7360,Business,15,3596,91.270996,Coursera,89.9861,4.3504667
7365,Course_7365,Office Tools,46,2081,88.02744,Coursera,25.325136,4.570781
7366,Course_7366,Programming,24,4138,75.67628,Coursera,22.462337,3.480126
7371,Course_7371,Design,13,3839,84.09288,Coursera,72.70517,3.9533322
7373,Course_7373,AI,97,4248,79.65099,Coursera,134.6863,4.464799
7374,Course_7374,Finance,71,3203,68.269646,Coursera,60.894516,3.8055103
7377,Course_7377,AI,72,2130,60.76275,Coursera,21.80395,3.7305367
7378,Course_7378,Design,76,4073,79.32561,Coursera,70.98841,4.2683377
7379,Course_7379,Business,65,4672,63.875023,Coursera,187.1641,3.8224654
7385,Course_7385,Business,33,3516,92.84735,Coursera,125.427605,3.7606242
7392,Course_7392,Data Science,82,4572,83.79899,Coursera,124.97646,4.717411
7399,Course_7399,Business,50,1879,69.3004,Coursera,86.77308,4.2022185
7402,Course_7402,Office Tools,43,2446,86.53514,Coursera,189.55055,3.9441543
7406,Course_7406,Marketing,10,1382,86.62591,Coursera,75.17513,4.111777
7407,Course_7407,Programming,54,1932,90.341866,Coursera,181.52649,4.2942896
7408,Course_7408,Design,27,4594,53.129757,Coursera,97.12296,3.4263287
7410,Course_7410,Design,63,4924,58.75763,Coursera,132.9093,4.8979983
7413,Course_7413,Data Science,27,4312,91.34777,Coursera,153.5264,3.371131
7416,Course_7416,Programming,14,432,63.24278,Coursera,81.32986,3.970116
7423,Course_7423,Programming,49,3129,96.25342,Coursera,129.34944,4.8216796
7425,Course_7425,Marketing,83,4570,60.3243,Coursera,153.41101,4.992335
7428,Course_7428,Programming,23,233,58.02749,Coursera,112.28595,3.056668
7432,Course_7432,Office Tools,28,3177,74.23654,Coursera,15.35223,4.352232
7434,Course_7434,Office Tools,81,3369,91.05628,Coursera,67.04273,3.3279498
7435,Course_7435,Data Science,10,4143,83.94907,Coursera,40.48875,4.261297
7439,Course_7439,Technology,68,2708,56.03003,Coursera,12.068532,3.8371632
7440,Course_7440,AI,97,2270,82.422516,Coursera,111.19252,4.84614
7442,Course_7442,AI,39,2566,78.590096,Coursera,56.457096,4.7239294
7445,Course_7445,Data Science,84,4502,76.73821,Coursera,188.97792,4.523404
7447,Course_7447,Programming,28,2811,79.388016,Coursera,187.97403,3.9804146
7452,Course_7452,Marketing,15,2257,58.03971,Coursera,46.393074,4.402441
7455,Course_7455,Marketing,82,3968,53.018414,Coursera,58.553127,4.425561
7456,Course_7456,AI,33,2868,62.99473,Coursera,28.071405,3.0118191
7460,Course_7460,AI,81,3588,56.070526,Coursera,160.97389,4.1983895
7461,Course_7461,Design,37,4251,60.7699,Coursera,38.157646,4.948523
7469,Course_7469,Data Science,16,3454,56.383327,Coursera,137.83049,3.4381962
7477,Course_7477,Data Science,33,199,88.6273,Coursera,109.400314,3.5383048
7482,Course_7482,AI,89,4345,52.815735,Coursera,32.093605,4.169518
7483,Course_7483,Programming,89,963,92.607185,Coursera,20.951056,3.1847544
7491,Course_7491,AI,45,888,90.86998,Coursera,51.69517,3.3956811
7495,Course_7495,Marketing,76,2285,79.403275,Coursera,165.05788,4.5971327
7496,Course_7496,Business,64,4966,91.12464,Coursera,48.84573,4.874365
7497,Course_7497,Design,31,4519,67.42163,Coursera,52.379982,4.428255
7500,Course_7500,AI,66,849,61.246086,Coursera,106.671745,3.99622
7501,Course_7501,Technology,97,439,77.46991,Coursera,101.6687,3.7838085
7506,Course_7506,AI,50,4484,90.27704,Coursera,27.028275,3.639236
7507,Course_7507,Data Science,18,2698,78.03042,Coursera,130.97218,3.705654
7512,Course_7512,Business,86,1324,53.36726,Coursera,37.83543,3.1643815
7513,Course_7513,Programming,10,3931,89.33611,Coursera,10.1164875,4.5413117
7516,Course_7516,Data Science,67,1645,65.030556,Coursera,182.02357,4.4511566
7533,Course_7533,Design,68,4384,53.670017,Coursera,116.28895,4.314903
7547,Course_7547,Office Tools,20,4788,82.631035,Coursera,82.46357,3.766654
7549,Course_7549,Data Science,54,1219,75.70942,Coursera,192.15187,4.8331046
7554,Course_7554,Programming,74,4495,88.91521,Coursera,64.04617,3.7919185
7564,Course_7564,Office Tools,97,1345,81.90304,Coursera,130.0184,3.2868817
7565,Course_7565,Marketing,94,4097,67.6351,Coursera,193.84175,4.0721064
7566,Course_7566,Design,46,304,57.352398,Coursera,145.1418,4.847892
7568,Course_7568,Business,83,2986,82.482376,Coursera,17.15396,4.088953
7569,Course_7569,Business,57,1626,72.23196,Coursera,25.510555,4.8210173
7570,Course_7570,Design,80,4919,51.3571,Coursera,150.59732,3.8877914
7574,Course_7574,Technology,10,2501,87.43424,Coursera,190.08513,3.0651371
7588,Course_7588,Technology,37,4776,78.95549,Coursera,156.36118,3.1875339
7589,Course_7589,Business,23,373,63.35964,Coursera,39.72428,3.7346308
7592,Course_7592,Design,92,4971,80.106285,Coursera,130.00192,3.6661296
7595,Course_7595,Data Science,50,1129,89.710884,Coursera,117.923195,3.7234414
7598,Course_7598,Design,59,3265,80.24525,Coursera,32.835274,3.5910113
7610,Course_7610,Technology,58,1472,89.519104,Coursera,141.23448,4.1543636
7614,Course_7614,AI,47,3128,74.65184,Coursera,194.4115,3.6721056
7615,Course_7615,Office Tools,76,3548,80.917015,Coursera,144.22752,4.16991
7619,Course_7619,Business,27,688,89.22461,Coursera,116.43153,3.05004
7621,Course_7621,Business,48,1939,54.963097,Coursera,132.26125,3.7942917
7624,Course_7624,Design,69,4596,57.11711,Coursera,30.225872,3.4517813
7627,Course_7627,AI,31,4989,69.3701,Coursera,173.07332,3.4645805
7632,Course_7632,Marketing,85,4663,71.20714,Coursera,161.91222,3.1593807
7634,Course_7634,Marketing,59,3254,89.7344,Coursera,20.669039,4.8015194
7635,Course_7635,Programming,42,1660,91.15019,Coursera,175.15448,3.7433972
7636,Course_7636,Finance,45,4701,92.81329,Coursera,165.77373,4.13226
7645,Course_7645,Office Tools,20,1940,90.63005,Coursera,159.62257,4.932917
7646,Course_7646,Design,42,4811,84.68062,Coursera,63.732616,3.8133469
7652,Course_7652,Data Science,76,514,97.78844,Coursera,183.32654,3.9008467
7653,Course_7653,Finance,36,2979,70.82018,Coursera,36.850822,3.746555
7656,Course_7656,Marketing,72,3442,77.030045,Coursera,54.386826,3.758783
7657,Course_7657,Marketing,16,4842,99.119896,Coursera,18.91617,3.9172378
7660,Course_7660,Office Tools,43,4543,53.85949,Coursera,110.684494,3.3166287
7667,Course_7667,Technology,22,1209,78.42426,Coursera,47.875584,3.5951877
7670,Course_7670,Business,69,3144,68.50159,Coursera,81.80651,3.989207
7671,Course_7671,Technology,91,2869,90.48218,Coursera,32.14139,3.0861511
7672,Course_7672,Business,84,316,73.96332,Coursera,169.43304,3.0310817
7674,Course_7674,Office Tools,25,4369,76.03263,Coursera,160.24704,3.4769647
7676,Course_7676,AI,82,4538,69.983215,Coursera,190.11882,4.868564
7677,Course_7677,Business,57,1808,85.155846,Coursera,139.21846,4.4665904
7684,Course_7684,Data Science,28,2605,83.92498,Coursera,195.46193,4.5018263
7687,Course_7687,Office Tools,45,2860,78.431404,Coursera,181.40135,4.137622
7693,Course_7693,Technology,20,1873,74.319214,Coursera,199.89618,3.7913036
7694,Course_7694,Design,60,416,79.91502,Coursera,142.1616,4.9339986
7695,Course_7695,Business,15,3694,59.467556,Coursera,70.73333,3.092472
7696,Course_7696,Business,13,919,80.33158,Coursera,173.52255,3.0437868
7700,Course_7700,Technology,28,2614,82.05875,Coursera,162.00363,4.9296107
7705,Course_7705,Office Tools,48,795,73.468864,Coursera,26.607252,4.011123
7706,Course_7706,Design,88,3208,56.829426,Coursera,36.34593,4.2828393
7707,Course_7707,Design,97,1782,67.2704,Coursera,53.134995,3.6609879
7709,Course_7709,Data Science,85,2951,60.33226,Coursera,194.54642,3.0211422
7712,Course_7712,Technology,78,4608,56.069157,Coursera,120.35632,3.6363604
7714,Course_7714,Marketing,91,1240,98.253586,Coursera,40.601448,3.3797724
7718,Course_7718,Technology,68,2998,50.83122,Coursera,61.738476,3.0685036
7726,Course_7726,AI,19,4803,70.75475,Coursera,115.911446,4.2023945
7732,Course_7732,Technology,29,3937,96.75815,Coursera,109.400764,3.4616582
7733,Course_7733,Finance,86,3589,54.43826,Coursera,186.22768,4.897617
7737,Course_7737,Marketing,32,2125,89.926445,Coursera,149.88895,3.4882588
7741,Course_7741,Design,90,2242,69.0322,Coursera,40.438164,4.9014955
7742,Course_7742,Office Tools,40,2545,69.55498,Coursera,46.29331,4.266632
7749,Course_7749,Office Tools,22,4039,85.82005,Coursera,25.873514,4.2655826
7750,Course_7750,Programming,10,3694,79.88139,Coursera,52.826195,4.185424
7753,Course_7753,Office Tools,27,2732,87.84642,Coursera,114.970024,3.4594147
7757,Course_7757,Office Tools,42,2236,58.31296,Coursera,91.18256,3.791179
7759,Course_7759,AI,34,3280,79.00516,Coursera,159.55574,3.6888745
7761,Course_7761,AI,51,674,50.03117,Coursera,197.36482,3.6103299
7769,Course_7769,Finance,76,469,78.516975,Coursera,128.83797,3.0920205
7772,Course_7772,Programming,61,2934,62.139946,Coursera,55.894737,4.1880264
7775,Course_7775,Data Science,57,2854,60.59397,Coursera,114.95219,4.3401055
7776,Course_7776,Office Tools,66,2824,70.68793,Coursera,134.21736,4.59618
7782,Course_7782,Data Science,63,3762,62.177197,Coursera,24.697332,3.510187
7797,Course_7797,Programming,19,2342,97.483246,Coursera,175.13194,4.172564
7799,Course_7799,Business,14,1810,86.688515,Coursera,16.442814,4.741794
7803,Course_7803,Technology,46,2156,69.67802,Coursera,164.58167,3.7704327
7812,Course_7812,AI,66,3749,51.30235,Coursera,79.56392,4.948697
7814,Course_7814,Technology,17,4714,98.40314,Coursera,51.6719,4.6492004
7820,Course_7820,Data Science,77,1601,96.995,Coursera,186.16055,4.0580506
7824,Course_7824,Business,21,2463,89.84015,Coursera,140.88992,4.9698915
7828,Course_7828,Technology,22,3318,81.976234,Coursera,60.339638,3.6751988
7834,Course_7834,Office Tools,69,2869,73.586044,Coursera,195.15025,3.92467
7835,Course_7835,AI,22,1398,92.44168,Coursera,30.55121,3.97379
7838,Course_7838,Data Science,91,1366,57.97486,Coursera,43.450436,3.5597413
7844,Course_7844,Business,72,4457,71.07984,Coursera,131.54764,4.997627
7846,Course_7846,Data Science,87,115,84.31787,Coursera,152.76031,3.186572
7850,Course_7850,Design,93,3788,81.14416,Coursera,41.32207,4.0975733
7862,Course_7862,Technology,22,3182,74.433624,Coursera,71.18664,4.844123
7874,Course_7874,Marketing,28,3859,73.565926,Coursera,18.636621,3.9627264
7879,Course_7879,Finance,19,566,98.566734,Coursera,191.77348,3.3835416
7882,Course_7882,Technology,89,4209,75.530914,Coursera,92.69952,3.2644575
7885,Course_7885,Design,77,1254,98.58867,Coursera,185.49281,4.2534604
7889,Course_7889,Technology,90,575,55.818035,Coursera,123.21697,3.2561264
7890,Course_7890,Programming,44,4288,79.458084,Coursera,89.96788,4.646397
7891,Course_7891,Data Science,36,2872,56.443096,Coursera,80.13496,3.63186
7898,Course_7898,Finance,42,2977,64.91947,Coursera,69.39884,3.5727801
7899,Course_7899,Marketing,49,4862,59.39014,Coursera,127.93331,4.474902
7910,Course_7910,Marketing,70,4047,72.54462,Coursera,173.33038,4.34401
7919,Course_7919,Programming,43,3062,76.62873,Coursera,100.25284,3.3956137
7924,Course_7924,Design,64,2902,94.3915,Coursera,179.20575,3.127144
7928,Course_7928,Marketing,91,3941,99.54454,Coursera,42.128685,4.8679724
7930,Course_7930,AI,94,763,53.79324,Coursera,131.8885,4.498581
7935,Course_7935,Business,15,1967,53.939457,Coursera,54.104412,4.7186575
7941,Course_7941,Programming,48,3626,51.09963,Coursera,32.159718,3.3359962
7945,Course_7945,Programming,28,3840,78.38396,Coursera,189.86235,3.928683
7950,Course_7950,Data Science,18,1007,94.884415,Coursera,175.61201,4.3467126
7954,Course_7954,Marketing,96,4209,66.755974,Coursera,80.300095,4.742093
7963,Course_7963,Programming,82,2460,97.332306,Coursera,154.9795,3.677273
7966,Course_7966,Finance,49,4459,74.61031,Coursera,186.42964,3.0749843
7970,Course_7970,Design,91,2798,81.40393,Coursera,53.025593,3.34288
7973,Course_7973,Marketing,45,910,77.87172,Coursera,96.54954,4.06162
7974,Course_7974,Design,31,4317,54.070053,Coursera,54.243267,3.6603878
7978,Course_7978,AI,29,3106,70.75362,Coursera,183.6648,4.3167424
7981,Course_7981,Technology,21,3297,74.10938,Coursera,193.94478,4.111814
7982,Course_7982,Design,35,568,98.734505,Coursera,187.20915,4.090012
7984,Course_7984,Business,11,796,57.58393,Coursera,111.68798,3.3041956
7987,Course_7987,Finance,11,4181,86.19201,Coursera,189.32018,3.3711073
8002,Course_8002,Office Tools,41,732,91.91519,Coursera,158.25536,3.2863474
8005,Course_8005,Finance,67,2977,75.5629,Coursera,93.38881,3.9004362
8010,Course_8010,AI,99,2374,62.556843,Coursera,117.03022,3.9512372
8020,Course_8020,Business,58,1321,73.17057,Coursera,102.710075,3.466254
8025,Course_8025,Business,48,4812,64.52438,Coursera,126.58024,3.545369
8027,Course_8027,Data Science,50,2053,76.00204,Coursera,194.33572,4.5119295
8030,Course_8030,Marketing,18,1402,73.57359,Coursera,71.49716,4.783643
8031,Course_8031,Business,23,3503,83.88399,Coursera,151.85822,4.00159
8032,Course_8032,Technology,27,2764,94.58243,Coursera,78.24527,3.357364
8036,Course_8036,Finance,71,3256,67.63598,Coursera,49.247932,4.123892
8039,Course_8039,AI,60,3179,57.50156,Coursera,168.61649,4.837778
8040,Course_8040,Technology,43,185,56.27393,Coursera,55.42279,4.213395
8043,Course_8043,Marketing,91,2559,58.376953,Coursera,198.27368,4.3219943
8049,Course_8049,Finance,75,3050,51.22978,Coursera,163.70937,4.3336797
8051,Course_8051,Design,95,684,84.95613,Coursera,44.14866,3.0832956
8055,Course_8055,Office Tools,37,1636,70.093735,Coursera,76.24207,4.922666
8056,Course_8056,Finance,82,4756,69.666916,Coursera,174.87674,4.938529
8058,Course_8058,Marketing,35,4734,94.66525,Coursera,73.02159,4.868766
8076,Course_8076,Marketing,18,4233,57.80429,Coursera,175.22389,4.2584777
8079,Course_8079,Business,89,399,59.72433,Coursera,115.05596,4.036076
8084,Course_8084,AI,15,251,68.73919,Coursera,127.35971,4.392442
8089,Course_8089,Technology,65,3872,75.61472,Coursera,178.76762,3.5149739
8090,Course_8090,Design,25,2316,68.08051,Coursera,172.77946,4.747149
8103,Course_8103,Business,76,3089,61.094746,Coursera,131.30182,3.3948371
8114,Course_8114,Finance,34,1018,75.89796,Coursera,197.81609,3.928076
8115,Course_8115,Marketing,34,2681,50.344746,Coursera,154.78404,4.1482487
8116,Course_8116,Design,33,3713,82.858154,Coursera,123.34797,3.394783
8117,Course_8117,Design,61,3293,52.15611,Coursera,160.56767,3.1288786
8121,Course_8121,Business,52,644,83.710335,Coursera,59.07952,3.0936093
8123,Course_8123,Finance,83,2201,67.53558,Coursera,153.26402,4.0859847
8124,Course_8124,Finance,87,3012,56.830368,Coursera,29.15475,4.8576455
8125,Course_8125,Office Tools,63,4075,55.07913,Coursera,163.48248,3.097001
8135,Course_8135,Business,62,4541,54.066162,Coursera,97.66412,4.3531947
8136,Course_8136,Design,83,3979,80.307495,Coursera,131.77248,4.9654527
8146,Course_8146,Technology,48,2000,82.41988,Coursera,100.17883,4.981191
8152,Course_8152,Finance,48,3558,51.375828,Coursera,98.17226,3.2073236
8159,Course_8159,Programming,24,3518,75.507675,Coursera,55.280807,4.7782784
8160,Course_8160,Office Tools,35,4933,79.14985,Coursera,12.691614,4.425818
8162,Course_8162,Design,61,255,62.143543,Coursera,13.072273,3.4393623
8165,Course_8165,Technology,94,1801,65.04025,Coursera,19.713438,3.9610054
8168,Course_8168,Marketing,36,3547,84.676155,Coursera,74.476265,3.264152
8169,Course_8169,Finance,35,1477,96.703316,Coursera,168.22815,4.766496
8170,Course_8170,Marketing,39,4788,88.3168,Coursera,190.65094,4.101068
8175,Course_8175,Data Science,58,3179,82.171715,Coursera,83.88174,4.251611
8176,Course_8176,Data Science,37,2487,62.977867,Coursera,117.55343,3.840797
8177,Course_8177,AI,84,344,73.051384,Coursera,52.162617,4.8466015
8182,Course_8182,Technology,71,4041,96.64605,Coursera,44.516747,4.44602
8186,Course_8186,Programming,76,1106,99.13819,Coursera,174.64331,4.3093457
8193,Course_8193,Design,28,3909,72.89432,Coursera,40.436153,4.623189
8199,Course_8199,Office Tools,71,2161,92.40141,Coursera,111.24698,3.8686786
8202,Course_8202,AI,69,4505,63.880493,Coursera,27.891724,4.9713035
8204,Course_8204,Marketing,93,4532,52.973286,Coursera,129.37381,4.1210556
8216,Course_8216,AI,82,4956,92.96581,Coursera,161.75447,4.5681734
8219,Course_8219,Business,27,1227,64.1212,Coursera,185.59917,4.4898753
8225,Course_8225,AI,60,334,95.02863,Coursera,17.935242,4.427937
8230,Course_8230,Technology,48,2082,60.31653,Coursera,186.82735,3.6408997
8237,Course_8237,Office Tools,22,2334,75.03671,Coursera,115.90474,4.135571
8238,Course_8238,Business,36,4571,52.635204,Coursera,188.224,3.9297032
8242,Course_8242,Design,28,3325,83.75089,Coursera,127.81494,4.8627677
8243,Course_8243,AI,70,3737,67.21606,Coursera,81.02584,4.4079657
8246,Course_8246,Programming,64,1904,81.45569,Coursera,114.579346,4.1390843
8252,Course_8252,Programming,25,4290,70.00635,Coursera,114.06278,3.2033815
8263,Course_8263,AI,64,4300,86.88194,Coursera,130.17776,4.086153
8265,Course_8265,Technology,63,3120,72.20819,Coursera,12.356661,4.425248
8266,Course_8266,AI,29,4770,84.951195,Coursera,170.79541,3.4573414
8267,Course_8267,Data Science,49,690,65.61407,Coursera,80.1686,3.5880976
8271,Course_8271,Finance,54,3081,90.128716,Coursera,195.0209,4.1042953
8274,Course_8274,Programming,50,1612,93.711784,Coursera,136.03337,4.083589
8278,Course_8278,Finance,70,676,61.96811,Coursera,50.74126,4.7259436
8282,Course_8282,Office Tools,84,4969,88.30938,Coursera,162.409,4.8391576
8285,Course_8285,Finance,66,4710,71.28131,Coursera,174.61122,4.010203
8289,Course_8289,Marketing,15,1811,80.13585,Coursera,151.30992,3.0198207
8295,Course_8295,Business,38,1036,65.27897,Coursera,151.42657,4.331814
8297,Course_8297,Data Science,69,1400,55.715034,Coursera,152.77165,4.7310143
8309,Course_8309,AI,29,1586,56.32882,Coursera,148.06628,3.7876742
8313,Course_8313,Programming,85,331,56.109867,Coursera,55.45688,3.7447846
8316,Course_8316,Office Tools,92,1686,85.96484,Coursera,58.477757,3.02918
8319,Course_8319,Office Tools,17,2515,77.46622,Coursera,130.25076,3.7850318
8328,Course_8328,Finance,13,3281,57.69843,Coursera,145.30405,4.6873536
8329,Course_8329,Finance,94,3239,92.100395,Coursera,34.8053,3.550927
8331,Course_8331,Finance,51,2617,96.37941,Coursera,39.38229,4.1342397
8333,Course_8333,Design,64,2312,83.317986,Coursera,45.42988,3.7219644
8335,Course_8335,AI,19,1196,84.21462,Coursera,173.00516,4.8188343
8339,Course_8339,Finance,84,1700,96.76829,Coursera,100.946236,4.7704635
8341,Course_8341,Office Tools,12,4497,91.918526,Coursera,33.601936,3.7204232
8342,Course_8342,Marketing,98,1242,56.582504,Coursera,197.30965,4.6026864
8377,Course_8377,AI,27,486,91.9482,Coursera,161.11835,4.8953485
8379,Course_8379,Marketing,71,189,99.78732,Coursera,42.61155,4.43093
8382,Course_8382,AI,33,1540,53.43671,Coursera,160.21455,3.7544127
8383,Course_8383,Marketing,17,1958,54.591225,Coursera,112.27208,3.273548
8393,Course_8393,Data Science,16,2049,69.71328,Coursera,101.33978,4.4880056
8398,Course_8398,Technology,28,3490,65.505,Coursera,29.161484,3.9686975
8400,Course_8400,Finance,30,4977,77.25952,Coursera,82.46313,4.315471
8401,Course_8401,Finance,68,3288,97.750114,Coursera,129.44939,4.2530417
8402,Course_8402,Programming,49,2114,77.878685,Coursera,148.92313,3.2766023
8406,Course_8406,Design,42,1866,70.280266,Coursera,62.820816,3.1404696
8411,Course_8411,Business,73,567,76.5196,Coursera,136.05281,3.1160088
8415,Course_8415,Programming,20,1814,75.408165,Coursera,190.18456,4.1974273
8419,Course_8419,Programming,81,2571,77.57131,Coursera,174.11327,3.635512
8420,Course_8420,Programming,53,2064,58.22343,Coursera,37.70438,3.4897046
8423,Course_8423,Finance,64,4606,87.56876,Coursera,130.60327,4.126014
8430,Course_8430,Marketing,90,2029,86.39947,Coursera,105.65301,4.344094
8437,Course_8437,AI,40,4635,91.50119,Coursera,20.115416,4.8418684
8443,Course_8443,Technology,10,4599,53.1468,Coursera,128.20505,3.5556884
8452,Course_8452,Finance,73,2104,76.55303,Coursera,109.07231,4.7588124
8459,Course_8459,AI,85,4045,98.43871,Coursera,14.202537,4.616255
8462,Course_8462,Technology,10,3026,83.80387,Coursera,64.69329,4.9055305
8463,Course_8463,Technology,25,3714,73.10771,Coursera,196.20802,3.7046103
8466,Course_8466,Design,30,1163,71.327675,Coursera,126.931496,4.981037
8470,Course_8470,Business,79,1704,70.56683,Coursera,30.23477,3.474069
8482,Course_8482,Office Tools,68,4015,66.736565,Coursera,24.781496,3.7735925
8487,Course_8487,Data Science,15,1828,83.5029,Coursera,172.08693,3.788472
8488,Course_8488,Programming,70,2070,85.001755,Coursera,91.217445,4.735906
8494,Course_8494,Programming,22,1405,67.36846,Coursera,133.35324,3.2405648
8496,Course_8496,Business,82,2516,93.64027,Coursera,140.23238,4.666008
8506,Course_8506,Office Tools,58,1934,72.3338,Coursera,179.06075,4.709932
8510,Course_8510,Marketing,24,1166,90.76167,Coursera,76.08565,4.541598
8511,Course_8511,Finance,54,3026,79.79869,Coursera,66.251625,3.2671034
8527,Course_8527,Business,62,2722,83.37831,Coursera,188.48404,4.181364
8533,Course_8533,AI,13,2292,75.43374,Coursera,122.43484,4.895719
8536,Course_8536,Data Science,45,554,52.138435,Coursera,167.54314,4.0124574
8542,Course_8542,Technology,91,618,95.66328,Coursera,123.38709,4.28213
8548,Course_8548,Office Tools,42,3782,88.28389,Coursera,93.12511,3.7118537
8551,Course_8551,Data Science,84,4361,67.394905,Coursera,185.7403,4.4637995
8567,Course_8567,Design,92,163,88.07889,Coursera,17.848175,4.5896525
8580,Course_8580,Office Tools,62,2927,86.87997,Coursera,72.46518,3.7025316
8581,Course_8581,AI,32,4102,56.605995,Coursera,70.737434,4.1490064
8587,Course_8587,Design,82,477,72.53852,Coursera,180.09764,4.0892477
8598,Course_8598,Office Tools,97,3839,90.675385,Coursera,146.66878,4.7777605
8599,Course_8599,Data Science,17,4039,61.646156,Coursera,25.159424,3.544433
8603,Course_8603,Marketing,17,2482,72.7032,Coursera,159.9564,4.8617425
8607,Course_8607,Finance,71,3595,91.43555,Coursera,71.449684,4.1462812
8608,Course_8608,Marketing,48,2514,89.645035,Coursera,57.31021,4.8069067
8612,Course_8612,Technology,50,498,62.369797,Coursera,135.81065,3.7476218
8617,Course_8617,Technology,85,3135,93.0586,Coursera,27.60905,3.8926735
8620,Course_8620,Marketing,23,4997,87.82364,Coursera,139.85056,4.2065215
8622,Course_8622,Office Tools,53,2034,62.890915,Coursera,154.02162,3.669117
8627,Course_8627,Design,41,3978,75.57335,Coursera,197.7773,4.91824
8629,Course_8629,Finance,67,1249,69.780174,Coursera,20.717438,3.8052716
8630,Course_8630,Finance,13,2019,90.52308,Coursera,77.55978,3.020075
8636,Course_8636,Technology,17,169,55.127518,Coursera,90.70044,3.3146448
8637,Course_8637,AI,11,681,84.04987,Coursera,95.90507,4.7195873
8639,Course_8639,Technology,28,174,76.60652,Coursera,41.24351,3.5884523
8640,Course_8640,Data Science,15,4908,87.18806,Coursera,186.6876,3.1100218
8642,Course_8642,Design,32,745,94.989456,Coursera,93.321655,4.349338
8649,Course_8649,AI,91,3266,94.19363,Coursera,47.217697,4.5504365
8650,Course_8650,Office Tools,40,1426,53.905537,Coursera,26.922546,3.4145508
8654,Course_8654,Business,53,2202,50.223476,Coursera,105.08955,4.0918407
8655,Course_8655,Programming,99,2887,57.67122,Coursera,82.07549,4.7042775
8661,Course_8661,Finance,72,2079,60.98755,Coursera,78.33859,4.5291495
8663,Course_8663,AI,100,1768,78.19548,Coursera,132.10127,3.6428058
8666,Course_8666,Programming,66,2037,90.31878,Coursera,144.55807,4.632565
8688,Course_8688,Office Tools,17,4976,66.31759,Coursera,58.942455,4.7397594
8694,Course_8694,Design,12,4353,56.80583,Coursera,87.14224,4.360868
8697,Course_8697,Finance,39,1627,53.395443,Coursera,191.42834,3.2661552
8704,Course_8704,Office Tools,71,3628,87.72643,Coursera,168.8072,3.8050375
8707,Course_8707,Business,44,1276,51.412056,Coursera,123.362434,4.4468894
8711,Course_8711,AI,68,2102,81.358185,Coursera,177.51543,4.7974744
8719,Course_8719,Data Science,94,245,60.363613,Coursera,164.47374,4.4714947
8721,Course_8721,Design,48,2875,60.44798,Coursera,31.842987,3.1918404
8725,Course_8725,Data Science,14,1198,58.958767,Coursera,158.57332,4.769525
8727,Course_8727,AI,93,3877,65.44409,Coursera,33.3845,4.3485603
8733,Course_8733,AI,50,4421,67.60931,Coursera,28.83176,4.402134
8736,Course_8736,Finance,13,3474,56.56491,Coursera,148.15746,4.1954346
8742,Course_8742,Design,79,4301,78.006645,Coursera,104.20439,4.682397
8746,Course_8746,AI,64,1302,53.05016,Coursera,17.47736,4.5864305
8747,Course_8747,Finance,53,930,76.469864,Coursera,196.99313,3.7761672
8748,Course_8748,Office Tools,19,1088,90.92962,Coursera,114.33927,4.8148975
8752,Course_8752,Business,36,4223,92.94763,Coursera,197.76424,3.9029715
8766,Course_8766,Data Science,93,3858,82.73554,Coursera,66.837135,3.41058
8769,Course_8769,Finance,36,3843,95.10142,Coursera,63.259495,3.6632946
8772,Course_8772,Technology,69,2432,59.179447,Coursera,84.50244,4.522203
8778,Course_8778,Data Science,81,506,85.93803,Coursera,39.479366,4.4426384
8783,Course_8783,Business,98,2592,59.486065,Coursera,81.464615,4.423144
8786,Course_8786,Marketing,74,3952,55.86334,Coursera,136.41125,3.9419482
8794,Course_8794,Data Science,76,3719,87.01694,Coursera,184.3017,3.8144815
8795,Course_8795,Marketing,83,3471,59.672077,Coursera,163.88094,4.687208
8797,Course_8797,Office Tools,43,1784,86.427864,Coursera,82.89904,4.411869
8799,Course_8799,Finance,34,2869,71.565895,Coursera,73.04079,4.7741723
8801,Course_8801,Programming,98,3023,96.9647,Coursera,86.65077,4.663133
8804,Course_8804,Finance,64,2750,61.166428,Coursera,187.98189,4.0528207
8812,Course_8812,Technology,51,3143,56.626453,Coursera,74.902336,3.1242383
8813,Course_8813,Programming,23,234,99.0534,Coursera,145.89624,3.6796327
8815,Course_8815,Design,23,695,74.8499,Coursera,63.32503,3.141951
8819,Course_8819,Technology,77,4005,94.67773,Coursera,61.096104,3.0211315
8821,Course_8821,Business,100,1249,78.484726,Coursera,68.94957,4.8694444
8829,Course_8829,Business,64,2611,97.76258,Coursera,187.55176,4.491319
8834,Course_8834,Office Tools,64,619,97.60721,Coursera,170.06479,3.6803393
8837,Course_8837,AI,84,4848,68.483025,Coursera,128.35143,3.629429
8838,Course_8838,Technology,70,3365,72.87811,Coursera,95.432236,4.290018
8844,Course_8844,Data Science,65,2225,63.49188,Coursera,90.61327,3.8241634
8845,Course_8845,Finance,16,3444,72.0288,Coursera,106.900764,4.044253
8861,Course_8861,Technology,45,4187,89.76925,Coursera,134.92712,3.3339932
8862,Course_8862,Finance,17,4772,98.45461,Coursera,100.0159,3.564095
8865,Course_8865,AI,35,648,98.860695,Coursera,57.936237,3.0575476
8866,Course_8866,AI,56,2695,62.003773,Coursera,17.661972,3.4264345
8867,Course_8867,Programming,62,1659,83.09446,Coursera,154.37244,3.01131
8869,Course_8869,Technology,49,1770,60.551136,Coursera,167.83635,3.2920938
8874,Course_8874,Finance,74,3934,99.39474,Coursera,35.2304,4.2125845
8875,Course_8875,Data Science,89,4963,81.645424,Coursera,25.44738,4.2418237
8889,Course_8889,Marketing,52,2415,58.717026,Coursera,158.69347,4.043708
8894,Course_8894,Business,81,4118,93.10002,Coursera,183.78314,3.779864
8898,Course_8898,AI,73,1806,71.50744,Coursera,79.22474,4.0503993
8903,Course_8903,Business,45,4393,74.29869,Coursera,30.294296,3.2888036
8919,Course_8919,Office Tools,25,3179,87.110634,Coursera,103.516754,4.125944
8921,Course_8921,Office Tools,94,1344,55.90914,Coursera,102.06694,4.6257563
8924,Course_8924,Office Tools,74,2467,80.484245,Coursera,107.11499,3.1937273
8929,Course_8929,Office Tools,30,2008,71.10279,Coursera,124.15962,4.9627104
8936,Course_8936,Office Tools,66,124,58.051567,Coursera,82.93347,3.596998
8940,Course_8940,Design,32,3757,61.81091,Coursera,182.69307,4.424818
8956,Course_8956,Technology,19,4612,70.62404,Coursera,86.17832,3.6609786
8961,Course_8961,Finance,41,425,77.56834,Coursera,13.89289,4.1667686
8963,Course_8963,Office Tools,98,3361,76.57998,Coursera,173.8485,4.717175
8965,Course_8965,Marketing,51,382,60.963634,Coursera,151.26921,4.1492267
8967,Course_8967,Design,35,540,92.178925,Coursera,149.71136,3.327171
8976,Course_8976,Technology,96,1577,83.14935,Coursera,150.8554,4.0596538
8983,Course_8983,Business,34,1704,90.25829,Coursera,43.39194,4.486537
8988,Course_8988,Office Tools,16,1387,59.111156,Coursera,97.9248,4.3489456
8992,Course_8992,Marketing,29,1076,65.21894,Coursera,84.95873,3.6761544
8997,Course_8997,Business,56,759,61.469345,Coursera,73.798965,3.8673122
9008,Course_9008,Office Tools,77,1079,68.818794,Coursera,75.68374,4.430439
9009,Course_9009,Data Science,12,367,81.37398,Coursera,73.589355,4.571201
9014,Course_9014,Marketing,21,3053,98.71272,Coursera,40.73803,4.5137234
9020,Course_9020,Business,72,2395,83.5776,Coursera,83.74002,3.6039977
9022,Course_9022,Design,94,3178,89.66241,Coursera,172.31395,3.6004133
9025,Course_9025,Finance,36,4865,87.97753,Coursera,124.58817,4.919025
9032,Course_9032,Design,67,4832,93.64574,Coursera,158.87154,4.952869
9036,Course_9036,Programming,46,3709,97.77134,Coursera,21.384546,3.802102
9040,Course_9040,Marketing,75,1188,59.28298,Coursera,63.637486,3.2914705
9041,Course_9041,Marketing,26,1019,67.115685,Coursera,121.538246,4.8666224
9044,Course_9044,AI,72,1255,90.490654,Coursera,113.39678,3.9722924
9050,Course_9050,Programming,24,3190,50.761017,Coursera,51.14123,3.1199617
9051,Course_9051,Data Science,71,795,88.06244,Coursera,75.60528,3.1175714
9054,Course_9054,Technology,84,841,54.4738,Coursera,66.76025,4.7358007
9062,Course_9062,Marketing,68,1886,84.838104,Coursera,164.70494,4.072859
9063,Course_9063,Programming,45,2978,80.628914,Coursera,91.894394,3.072465
9073,Course_9073,AI,72,3712,92.51497,Coursera,127.4748,3.1689541
9074,Course_9074,Marketing,59,2657,89.36387,Coursera,49.391438,3.507743
9086,Course_9086,Design,80,1946,50.78053,Coursera,100.257935,3.402951
9090,Course_9090,Office Tools,41,2680,60.430023,Coursera,187.77774,3.1025484
9093,Course_9093,Marketing,64,4238,86.0868,Coursera,121.740555,3.1001792
9098,Course_9098,Office Tools,97,2295,74.02022,Coursera,192.18825,3.1444533
9100,Course_9100,Business,33,4144,77.584694,Coursera,177.04593,4.5269384
9108,Course_9108,Business,78,4437,74.385544,Coursera,129.00058,3.7511597
9109,Course_9109,Marketing,36,1037,98.05143,Coursera,11.752966,3.350027
9111,Course_9111,Design,47,852,63.36864,Coursera,12.369292,3.7203844
9122,Course_9122,Business,16,136,77.68653,Coursera,28.641062,4.6658387
9129,Course_9129,Marketing,67,3744,62.06081,Coursera,26.8232,4.1203485
9130,Course_9130,Technology,84,2216,76.691475,Coursera,141.2432,4.579372
9135,Course_9135,Programming,86,982,50.09856,Coursera,81.19152,4.138884
9138,Course_9138,AI,18,4164,75.39926,Coursera,40.441944,3.6280932
9142,Course_9142,Finance,47,4783,68.91276,Coursera,83.38362,4.3354807
9143,Course_9143,Office Tools,14,1927,88.98875,Coursera,82.9299,3.204529
9144,Course_9144,Programming,62,1240,83.06418,Coursera,127.356636,3.0211363
9145,Course_9145,Business,90,3798,93.218506,Coursera,169.99841,3.5844684
9148,Course_9148,Programming,90,2227,72.8522,Coursera,125.08862,4.950225
9149,Course_9149,Design,97,247,70.57257,Coursera,131.34592,3.3168402
9152,Course_9152,Office Tools,38,709,72.032715,Coursera,145.6688,4.842533
9156,Course_9156,Programming,28,158,86.01727,Coursera,180.24106,3.0823092
9158,Course_9158,Data Science,38,4385,83.10549,Coursera,125.27684,3.1776037
9160,Course_9160,Business,64,2637,93.02347,Coursera,38.831696,3.4284682
9174,Course_9174,Business,30,2321,98.834526,Coursera,146.03291,4.1354575
9176,Course_9176,Marketing,81,685,98.67049,Coursera,163.89905,3.803764
9177,Course_9177,Programming,30,3917,96.46402,Coursera,174.85779,3.085318
9179,Course_9179,AI,47,3441,76.56714,Coursera,119.45865,3.248132
9181,Course_9181,Finance,16,253,63.559486,Coursera,106.76251,3.5197754
9186,Course_9186,Marketing,71,197,91.473236,Coursera,72.42498,3.5649104
9189,Course_9189,Programming,63,1077,87.6205,Coursera,152.75214,3.789686
9192,Course_9192,Design,95,3419,91.33169,Coursera,142.76717,4.0082355
9195,Course_9195,Design,31,109,89.841965,Coursera,162.46086,4.990106
9204,Course_9204,Data Science,25,2785,89.48238,Coursera,63.366116,4.106894
9213,Course_9213,Design,51,4290,76.78765,Coursera,30.403366,3.4766002
9219,Course_9219,Office Tools,41,3812,87.085205,Coursera,19.572935,4.77064
9221,Course_9221,Data Science,73,4517,84.29726,Coursera,27.447811,4.503145
9226,Course_9226,Business,48,2607,71.619835,Coursera,47.75727,4.261693
9229,Course_9229,Office Tools,13,294,73.973495,Coursera,27.238092,3.260587
9230,Course_9230,Technology,93,1989,71.29136,Coursera,121.49619,3.3700542
9233,Course_9233,Finance,100,2202,85.166626,Coursera,61.54648,3.6451871
9235,Course_9235,Office Tools,68,4076,75.86176,Coursera,87.91746,4.899142
9240,Course_9240,Programming,23,4546,50.692852,Coursera,60.11829,3.4973414
9246,Course_9246,Office Tools,92,917,82.60889,Coursera,38.606903,4.7712045
9251,Course_9251,Office Tools,36,2158,95.35389,Coursera,45.809116,3.989502
9253,Course_9253,Business,48,4002,81.645424,Coursera,189.0177,4.9329176
9263,Course_9263,Programming,92,4015,80.07187,Coursera,44.71401,4.704054
9264,Course_9264,Design,53,1109,55.15489,Coursera,125.4889,3.0753167
9265,Course_9265,AI,61,3129,86.29524,Coursera,24.092098,3.29573
9268,Course_9268,AI,42,2133,75.99926,Coursera,184.89441,4.976065
9271,Course_9271,AI,40,1386,87.59964,Coursera,39.0919,4.860812
9277,Course_9277,AI,86,1265,83.804825,Coursera,118.001076,3.0888252
9284,Course_9284,Design,47,822,93.337204,Coursera,86.28276,4.390818
9286,Course_9286,Business,78,2598,84.621,Coursera,66.44982,3.0034168
9293,Course_9293,AI,98,4078,86.30835,Coursera,187.61241,4.6685305
9294,Course_9294,Technology,72,1778,79.045,Coursera,57.49667,3.9347973
9300,Course_9300,Office Tools,84,988,78.01176,Coursera,105.757416,4.486968
9303,Course_9303,Marketing,49,2835,78.60541,Coursera,72.27884,4.8429
9309,Course_9309,Marketing,51,3722,98.73073,Coursera,76.125694,4.870211
9310,Course_9310,Marketing,69,2195,60.12288,Coursera,197.07898,4.942767
9312,Course_9312,Programming,91,487,57.891953,Coursera,56.64664,3.9902294
9315,Course_9315,Programming,42,2218,63.480526,Coursera,70.69489,3.429119
9316,Course_9316,Programming,69,1914,57.35918,Coursera,185.38986,3.3686333
9322,Course_9322,Business,92,2870,50.764645,Coursera,121.51583,3.8336318
9326,Course_9326,Programming,23,211,56.236618,Coursera,177.28847,3.0485508
9332,Course_9332,Business,53,1123,68.47398,Coursera,149.46136,4.9858036
9334,Course_9334,Data Science,65,996,57.53426,Coursera,67.241844,3.6230578
9351,Course_9351,Marketing,55,653,96.59708,Coursera,122.811356,3.0509791
9352,Course_9352,Business,63,994,53.828983,Coursera,51.48843,3.0598762
9353,Course_9353,Marketing,53,228,70.165825,Coursera,107.31612,3.2148356
9359,Course_9359,AI,45,4199,69.30015,Coursera,117.18269,4.273743
9362,Course_9362,Business,49,2144,87.60228,Coursera,15.520702,4.773543
9363,Course_9363,Data Science,22,554,94.07764,Coursera,75.40702,3.2206662
9368,Course_9368,Business,47,2430,61.178123,Coursera,78.76591,4.625708
9370,Course_9370,Design,48,541,81.95494,Coursera,81.39748,4.859868
9371,Course_9371,Finance,50,4439,52.15309,Coursera,64.79434,3.4442887
9373,Course_9373,Office Tools,36,308,81.161934,Coursera,154.29185,4.70563
9374,Course_9374,Finance,70,4535,56.587894,Coursera,132.63307,3.2424965
9381,Course_9381,Technology,22,3565,94.96252,Coursera,67.8917,4.27314
9383,Course_9383,Data Science,43,4990,91.25857,Coursera,199.82957,4.567129
9384,Course_9384,AI,89,4329,66.40144,Coursera,22.111027,4.9777126
9388,Course_9388,Technology,35,491,80.897804,Coursera,191.23608,3.0691814
9389,Course_9389,Business,19,3500,54.49449,Coursera,110.42045,3.6755056
9396,Course_9396,Marketing,32,4346,83.87622,Coursera,71.35457,4.6134353
9401,Course_9401,AI,55,4241,99.55752,Coursera,166.59094,3.2695405
9402,Course_9402,Programming,74,4654,80.98075,Coursera,73.35329,4.505116
9403,Course_9403,Data Science,24,2797,75.61465,Coursera,189.27089,3.4612968
9405,Course_9405,AI,70,4504,77.91149,Coursera,86.76663,4.091009
9409,Course_9409,Finance,88,3186,90.614525,Coursera,11.835476,4.8296366
9412,Course_9412,Business,52,551,91.93657,Coursera,54.464844,3.5180454
9413,Course_9413,Office Tools,38,4626,96.70801,Coursera,149.21812,4.8601575
9414,Course_9414,Technology,63,3275,80.028465,Coursera,175.60448,3.984138
9419,Course_9419,Programming,55,961,52.77522,Coursera,133.00278,3.4629996
9420,Course_9420,Technology,68,2437,89.62243,Coursera,121.655876,4.751442
9423,Course_9423,Business,78,3758,80.833115,Coursera,133.56842,3.0008037
9425,Course_9425,Technology,63,2338,75.35766,Coursera,149.47795,4.5958767
9426,Course_9426,Business,25,549,97.18401,Coursera,137.6372,4.1286435
9427,Course_9427,Technology,56,273,68.826035,Coursera,97.62867,4.4526196
9428,Course_9428,Technology,34,2530,64.365135,Coursera,110.78922,4.626505
9432,Course_9432,Technology,93,3089,70.321075,Coursera,151.9912,3.6588626
9440,Course_9440,Marketing,40,3685,96.407555,Coursera,61.29902,4.9713664
9442,Course_9442,Technology,19,4767,89.23018,Coursera,140.89005,3.4618206
9444,Course_9444,Programming,41,201,77.82006,Coursera,66.12438,3.3135452
9446,Course_9446,Office Tools,52,3615,66.4898,Coursera,86.7853,3.0893126
9447,Course_9447,Design,63,4590,57.090958,Coursera,115.1584,4.5763736
9450,Course_9450,Marketing,61,336,79.62607,Coursera,70.8153,3.0788965
9458,Course_9458,Business,100,1676,82.32898,Coursera,82.44274,3.554321
9460,Course_9460,Design,91,2259,62.49502,Coursera,94.56402,3.0475068
9464,Course_9464,Design,71,1319,92.54927,Coursera,43.327347,4.8240848
9470,Course_9470,AI,79,3429,88.08694,Coursera,152.6221,4.778569
9471,Course_9471,Design,32,2649,70.10389,Coursera,16.285904,4.5687675
9475,Course_9475,Programming,82,2244,53.72067,Coursera,130.84338,4.211825
9479,Course_9479,Programming,86,1727,66.29319,Coursera,114.18058,3.533703
9480,Course_9480,Technology,29,1162,66.504745,Coursera,142.25078,4.0515246
9483,Course_9483,Marketing,44,4225,87.16127,Coursera,125.69077,3.85647
9486,Course_9486,Business,69,2636,50.94769,Coursera,122.69094,3.0383189
9489,Course_9489,AI,22,863,74.01835,Coursera,111.60698,4.8171062
9494,Course_9494,Office Tools,82,2699,54.584324,Coursera,171.41791,4.748094
9498,Course_9498,Programming,39,941,92.13718,Coursera,55.37453,4.462199
9503,Course_9503,Marketing,88,2705,50.70141,Coursera,62.16785,4.4609003
9506,Course_9506,Business,39,3488,73.4765,Coursera,40.859375,4.225785
9510,Course_9510,Programming,30,1464,55.52774,Coursera,144.33191,3.1776345
9513,Course_9513,Data Science,38,165,52.738106,Coursera,91.1245,3.5089226
9520,Course_9520,Business,81,189,54.369366,Coursera,181.63892,3.0431168
9521,Course_9521,Marketing,76,3840,60.52963,Coursera,110.21603,4.8771544
9522,Course_9522,Finance,47,3560,86.81221,Coursera,70.18751,4.7879577
9533,Course_9533,Office Tools,69,135,89.82873,Coursera,136.21352,3.6775987
9534,Course_9534,Data Science,74,4691,74.41721,Coursera,161.13599,4.7269406
9537,Course_9537,Design,42,1919,87.353935,Coursera,137.43567,4.207451
9543,Course_9543,Office Tools,92,2836,73.30792,Coursera,182.21265,4.0997553
9549,Course_9549,Office Tools,64,3940,92.87476,Coursera,79.66468,4.471436
9554,Course_9554,AI,48,271,90.86191,Coursera,36.771954,3.6231325
9558,Course_9558,Business,98,2953,68.83875,Coursera,150.0668,3.8194506
9560,Course_9560,Design,21,2219,53.514652,Coursera,180.972,3.8433611
9569,Course_9569,Marketing,42,4752,54.330036,Coursera,174.0123,4.413448
9570,Course_9570,Office Tools,93,3919,69.84077,Coursera,152.15176,4.574319
9575,Course_9575,Business,43,3749,52.34427,Coursera,56.868385,4.8214817
9579,Course_9579,Programming,49,2908,94.78158,Coursera,66.6223,3.6672957
9582,Course_9582,Design,17,1460,63.371517,Coursera,106.66725,3.2152092
9583,Course_9583,AI,96,1514,88.639305,Coursera,98.59288,4.079027
9585,Course_9585,Business,50,4415,68.973564,Coursera,77.28147,4.4962473
9587,Course_9587,Technology,58,1736,96.54714,Coursera,15.74811,4.4164586
9590,Course_9590,Business,73,4468,98.72502,Coursera,185.2279,3.4275348
9593,Course_9593,Programming,57,560,66.08263,Coursera,67.85338,3.8816445
9600,Course_9600,Business,69,387,66.46256,Coursera,152.18102,3.6046498
9603,Course_9603,Business,65,572,55.034546,Coursera,34.716232,4.70142
9606,Course_9606,Data Science,83,2169,95.484924,Coursera,154.14467,4.2913246
9610,Course_9610,Finance,80,3276,64.5466,Coursera,191.68654,4.579963
9615,Course_9615,Technology,29,4863,98.694,Coursera,58.635574,3.169105
9625,Course_9625,Business,82,663,85.23948,Coursera,178.34552,3.4818125
9629,Course_9629,Design,29,1742,58.96165,Coursera,184.48958,3.0292187
9630,Course_9630,AI,51,4855,85.74251,Coursera,191.64069,4.036841
9633,Course_9633,Technology,65,1193,67.886024,Coursera,96.48498,3.3384311
9636,Course_9636,Business,34,2189,66.91407,Coursera,150.37634,4.3154206
9642,Course_9642,Data Science,97,4864,80.51853,Coursera,186.18207,3.4681973
9648,Course_9648,Marketing,30,3803,74.411575,Coursera,19.058294,3.6214836
9658,Course_9658,Design,66,1565,65.20893,Coursera,120.732285,4.152014
9659,Course_9659,AI,32,4016,52.391468,Coursera,125.779785,4.1062365
9660,Course_9660,Programming,52,1673,57.175774,Coursera,135.03238,3.5876307
9670,Course_9670,Business,84,941,74.20868,Coursera,74.52584,4.942716
9671,Course_9671,Programming,31,1763,83.27201,Coursera,98.3649,3.1909077
9676,Course_9676,Office Tools,92,3466,53.1241,Coursera,156.49553,3.8110201
9687,Course_9687,Data Science,35,1193,75.61217,Coursera,147.3842,4.7567186
9690,Course_9690,Data Science,31,3776,80.15177,Coursera,121.27758,4.3630056
9693,Course_9693,Design,26,895,60.95367,Coursera,163.33089,4.876097
9697,Course_9697,AI,90,1073,99.13357,Coursera,90.20105,4.8728204
9699,Course_9699,Data Science,29,2985,77.23079,Coursera,172.96814,3.4829235
9703,Course_9703,AI,80,2356,59.65822,Coursera,29.873539,4.079522
9705,Course_9705,Office Tools,85,2207,63.085304,Coursera,140.14119,3.555759
9708,Course_9708,AI,52,2404,58.256584,Coursera,129.13869,4.1443434
9717,Course_9717,Business,82,1232,50.12526,Coursera,37.592464,4.5242105
9718,Course_9718,Business,77,1750,86.61448,Coursera,108.66733,3.5558443
9719,Course_9719,Office Tools,100,2558,95.016655,Coursera,189.46031,4.8228188
9726,Course_9726,Programming,21,232,94.27428,Coursera,55.54614,3.1942542
9730,Course_9730,AI,74,534,86.79237,Coursera,29.181646,3.3556836
9731,Course_9731,Business,44,2452,64.51565,Coursera,24.291014,4.8586383
9732,Course_9732,Programming,59,2731,66.586945,Coursera,59.127747,3.6982987
9733,Course_9733,AI,70,3346,58.047684,Coursera,176.09006,4.3232183
9734,Course_9734,Office Tools,66,2691,87.39035,Coursera,13.59396,3.8063004
9736,Course_9736,AI,85,2589,88.91855,Coursera,89.1907,3.1373868
9739,Course_9739,Programming,28,4904,92.146416,Coursera,159.46437,4.293409
9740,Course_9740,Finance,40,3297,73.999565,Coursera,47.226025,3.1343663
9749,Course_9749,Technology,17,2738,91.605255,Coursera,100.14809,4.5845337
9752,Course_9752,Business,85,3904,57.960434,Coursera,33.960968,3.7997859
9766,Course_9766,AI,17,4113,61.782646,Coursera,37.83249,4.612929
9767,Course_9767,Programming,65,2410,53.23987,Coursera,60.89504,4.314199
9769,Course_9769,Office Tools,70,273,87.54611,Coursera,22.454596,3.6826913
9782,Course_9782,Technology,48,1589,98.638245,Coursera,70.648895,4.0176463
9787,Course_9787,Data Science,31,4626,76.587105,Coursera,58.672115,3.90737
9790,Course_9790,AI,12,429,56.58707,Coursera,181.29605,3.4274647
9792,Course_9792,Business,80,3267,78.405685,Coursera,85.30944,3.5055656
9793,Course_9793,Technology,94,1531,79.87683,Coursera,47.04944,4.3807015
9795,Course_9795,Finance,42,1071,63.70572,Coursera,132.27905,3.4788578
9799,Course_9799,Design,68,713,51.22999,Coursera,21.946331,3.9019923
9800,Course_9800,AI,83,224,84.32128,Coursera,91.432755,4.6163383
9805,Course_9805,Business,24,1109,54.070534,Coursera,21.235373,4.9423914
9810,Course_9810,Data Science,19,670,63.867565,Coursera,94.236336,4.980588
9818,Course_9818,Business,31,2283,68.16914,Coursera,56.55572,4.354395
9821,Course_9821,AI,83,3312,94.90236,Coursera,165.59422,3.3649778
9822,Course_9822,Data Science,50,834,68.11045,Coursera,177.73213,4.862519
9828,Course_9828,Business,84,3962,83.47322,Coursera,34.1951,3.5316796
9831,Course_9831,Programming,97,4895,73.60155,Coursera,77.25769,3.0990784
9836,Course_9836,Marketing,15,1822,53.775486,Coursera,64.85795,3.7190049
9837,Course_9837,Programming,14,3294,93.769226,Coursera,149.64424,3.8506587
9840,Course_9840,Marketing,85,2464,97.69037,Coursera,124.74596,4.2450337
9842,Course_9842,Programming,22,4699,57.986515,Coursera,94.45454,4.027857
9843,Course_9843,AI,37,438,51.560444,Coursera,75.18744,3.721985
9849,Course_9849,Finance,58,1468,77.101166,Coursera,189.63446,3.4019456
9853,Course_9853,Design,91,1739,87.034454,Coursera,64.535194,4.8202457
9859,Course_9859,Office Tools,85,3773,93.21099,Coursera,116.725815,4.2863517
9861,Course_9861,Design,87,316,57.501717,Coursera,41.027775,4.1427183
9862,Course_9862,Office Tools,31,990,73.527,Coursera,138.32443,4.2873945
9863,Course_9863,Technology,53,717,50.510674,Coursera,167.21532,4.8777943
9866,Course_9866,Programming,34,2664,69.87868,Coursera,108.9403,4.74327
9867,Course_9867,Marketing,11,3997,68.649666,Coursera,12.877023,4.076589
9870,Course_9870,AI,46,3752,94.13717,Coursera,132.1334,3.8973148
9871,Course_9871,Data Science,98,4683,90.17993,Coursera,27.333803,3.9098577
9873,Course_9873,Programming,30,167,72.69384,Coursera,29.751999,3.3272188
9884,Course_9884,Design,45,1032,84.29521,Coursera,105.07844,4.078666
9886,Course_9886,Design,20,3770,89.51422,Coursera,61.826206,4.1342287
9887,Course_9887,Office Tools,49,1322,56.494045,Coursera,104.90023,4.2018805
9888,Course_9888,Data Science,75,2643,98.59669,Coursera,130.17064,3.4902306
9895,Course_9895,Programming,58,2715,93.517624,Coursera,64.92716,4.2152557
9896,Course_9896,Design,53,4843,59.591022,Coursera,131.73819,4.9644704
9905,Course_9905,Technology,48,1570,90.71601,Coursera,99.914986,3.6348379
9908,Course_9908,Marketing,10,4872,73.2757,Coursera,183.90408,3.8139412
9915,Course_9915,Data Science,32,4510,92.02052,Coursera,184.02974,3.9375765
9919,Course_9919,AI,100,2396,85.08179,Coursera,10.333863,4.084303
9921,Course_9921,Business,23,3770,85.74836,Coursera,141.3136,4.024293
9923,Course_9923,Business,71,334,65.30263,Coursera,72.62086,4.762235
9926,Course_9926,Office Tools,30,1346,83.042984,Coursera,92.36566,3.9506748
9929,Course_9929,Marketing,95,305,54.927597,Coursera,81.700935,4.8011155
9931,Course_9931,Programming,17,4843,85.691956,Coursera,186.58127,3.360257
9938,Course_9938,Marketing,100,1755,91.5097,Coursera,59.43561,4.5078497
9941,Course_9941,Technology,25,3941,83.74127,Coursera,140.44437,4.341384
9950,Course_9950,Finance,13,862,70.09882,Coursera,112.0554,4.8675976
9953,Course_9953,Data Science,73,3871,52.435028,Coursera,111.6411,3.113487
9958,Course_9958,Technology,82,714,69.44297,Coursera,89.969696,4.597525
9967,Course_9967,Business,74,1085,72.89638,Coursera,194.0184,4.4993215
9968,Course_9968,Office Tools,82,1991,77.590096,Coursera,171.35097,4.006422
9971,Course_9971,Marketing,50,1955,66.71943,Coursera,85.89942,4.355433
9974,Course_9974,Business,11,1854,50.94265,Coursera,166.40207,4.1679583
9979,Course_9979,Business,25,3515,83.69042,Coursera,148.37485,3.3151355
9980,Course_9980,Technology,19,131,75.309494,Coursera,108.2422,3.2880645
9981,Course_9981,Data Science,36,2007,52.915863,Coursera,144.59482,3.284086
9983,Course_9983,AI,41,4041,59.4243,Coursera,27.119413,4.415101
9988,Course_9988,Data Science,47,2278,99.0397,Coursera,22.384073,4.687996
9994,Course_9994,Technology,99,4035,52.7436,Coursera,180.30638,3.1744862
9995,Course_9995,Data Science,89,1576,54.083557,Coursera,59.57755,3.5050883
9997,Course_9997,Data Science,96,2029,93.09348,Coursera,151.02243,4.0377545
