Course_ID,Course_Name,Category,Duration (hours),Enrolled_Students,Completion_Rate (%),Platform,Price ($),Rating (out of 5)
2,Course_2,Office Tools,57,4238,82.24024,edX,160.65099,3.8293295
3,Course_3,Technology,52,2700,55.729027,LinkedIn Learning,123.503784,4.85195
4,Course_4,Office Tools,69,4308,58.66473,LinkedIn Learning,116.7757,3.9137318
5,Course_5,Technology,43,4792,62.59815,Udemy,96.2467,4.921968
6,Course_6,Finance,66,3792,96.6719,edX,127.50992,3.2522836
8,Course_8,Design,21,964,99.07627,edX,79.94094,3.0887306
9,Course_9,Programming,57,1246,78.81762,LinkedIn Learning,174.67747,4.4984713
10,Course_10,Design,59,489,58.89607,edX,82.09482,3.3418674
11,Course_11,Finance,80,3118,92.79345,edX,194.04973,3.7162735
12,Course_12,Data Science,88,1590,60.89317,LinkedIn Learning,62.062786,4.604118
14,Course_14,Programming,61,3096,91.32513,edX,50.726135,4.213904
15,Course_15,Business,42,3272,81.31929,LinkedIn Learning,194.84242,3.7077308
17,Course_17,Programming,35,237,58.23479,Udemy,60.79261,3.1594238
18,Course_18,Technology,67,4418,96.34017,LinkedIn Learning,147.75798,3.5286665
19,Course_19,Finance,21,1548,90.769135,edX,45.057922,3.8014245
20,Course_20,Marketing,17,2884,64.6325,LinkedIn Learning,18.860434,4.4420786
21,Course_21,Office Tools,48,1025,93.514656,LinkedIn Learning,19.111845,4.2702622
22,Course_22,Data Science,62,2673,92.43578,Udemy,140.8863,3.9281423
24,Course_24,Office Tools,64,2598,51.293663,Udemy,66.15181,3.531685
26,Course_26,Finance,77,2996,62.599457,Udemy,178.47269,3.2617583
29,Course_29,Marketing,95,4489,56.861774,edX,159.10919,3.570877
30,Course_30,Design,60,2855,64.69835,Udemy,115.26479,4.6763587
31,Course_31,Marketing,47,2913,91.75642,edX,113.621086,3.5648904
32,Course_32,Design,26,4502,79.640144,LinkedIn Learning,144.84706,4.0321436
33,Course_33,Technology,52,2241,63.336697,LinkedIn Learning,62.53262,4.6239424
34,Course_34,Business,14,974,61.325886,edX,66.7918,4.7459483
35,Course_35,Programming,15,1025,74.97968,LinkedIn Learning,171.67946,3.8723092
37,Course_37,Programming,16,2179,78.08386,edX,158.73985,3.670443
38,Course_38,Finance,41,178,80.509926,Udemy,153.08543,4.798317
39,Course_39,AI,38,3989,66.40208,Udemy,26.085608,4.9911394
40,Course_40,Design,19,2883,55.631653,Udemy,119.05295,3.1217477
41,Course_41,Marketing,88,2840,78.8377,Udemy,36.01294,3.274703
42,Course_42,Technology,74,3265,52.9999,Udemy,41.328934,4.7543497
43,Course_43,Technology,57,1736,50.496197,Udemy,130.05092,3.7388434
45,Course_45,Office Tools,98,3821,69.94428,Udemy,117.92771,4.7249565
46,Course_46,Office Tools,22,2887,57.871918,LinkedIn Learning,140.64166,3.136272
47,Course_47,Business,97,2772,50.565723,edX,192.02505,4.505765
49,Course_49,AI,36,3756,72.48191,LinkedIn Learning,106.184586,4.5867286
50,Course_50,Programming,40,3089,52.071014,Udemy,74.364555,3.864729
51,Course_51,Design,50,2360,90.28899,Udemy,187.16046,4.8214774
52,Course_52,AI,50,1440,92.331345,LinkedIn Learning,34.6295,3.489268
53,Course_53,Technology,39,693,78.85998,edX,37.398285,3.4234145
54,Course_54,Programming,59,2172,78.10567,Udemy,58.6362,4.3891068
55,Course_55,Marketing,71,3016,69.905396,Udemy,120.01322,3.1761987
56,Course_56,Finance,55,3208,62.09485,Udemy,176.51067,3.0237455
57,Course_57,AI,15,317,68.18231,LinkedIn Learning,51.57319,4.5673547
60,Course_60,Programming,42,779,53.12773,LinkedIn Learning,147.59901,4.460157
61,Course_61,Data Science,27,304,64.31106,Udemy,132.72638,4.122075
62,Course_62,Office Tools,51,572,58.283096,edX,66.08652,3.222767
64,Course_64,Data Science,67,4328,81.982086,LinkedIn Learning,73.04623,4.4683776
66,Course_66,Data Science,14,1853,56.775703,Udemy,19.69559,3.0059788
67,Course_67,Design,87,2859,55.817844,Udemy,101.228615,4.059703
68,Course_68,Business,56,899,72.04091,edX,74.33346,4.8684955
69,Course_69,Office Tools,14,3252,67.49733,Udemy,11.295327,4.160689
70,Course_70,Technology,19,4683,74.61793,Udemy,198.47397,3.0675652
71,Course_71,Programming,41,1280,91.24667,Udemy,52.218285,3.556145
72,Course_72,AI,39,1893,89.43617,LinkedIn Learning,114.885956,4.5201354
73,Course_73,Office Tools,27,3265,73.74303,Udemy,118.52801,3.0939686
74,Course_74,Office Tools,23,3617,95.17826,Udemy,16.15347,4.653588
75,Course_75,Business,62,2638,53.778988,LinkedIn Learning,167.45297,3.1254506
76,Course_76,Business,87,2878,78.9383,LinkedIn Learning,161.46405,3.6824696
78,Course_78,Business,74,3650,51.242065,edX,91.23484,3.7653775
79,Course_79,Office Tools,26,955,92.92003,LinkedIn Learning,71.5069,3.1700368
80,Course_80,Business,27,426,83.11585,LinkedIn Learning,49.684227,4.2240567
81,Course_81,Office Tools,42,3324,56.166767,Udemy,30.301926,4.851886
83,Course_83,Office Tools,15,2588,95.790306,LinkedIn Learning,65.447586,4.578414
84,Course_84,Technology,28,4011,53.386093,LinkedIn Learning,195.4841,3.270106
85,Course_85,Technology,95,2161,91.01238,LinkedIn Learning,147.67697,3.786933
86,Course_86,Technology,61,3161,58.914776,edX,40.305977,3.3368886
87,Course_87,Marketing,53,197,67.0042,LinkedIn Learning,129.44945,3.8950338
88,Course_88,Data Science,67,2896,75.09362,edX,107.424286,3.4884336
89,Course_89,Design,65,935,53.416447,LinkedIn Learning,134.27931,3.479145
91,Course_91,Design,88,3178,86.89627,LinkedIn Learning,151.3539,4.578316
92,Course_92,Office Tools,63,141,55.7028,Udemy,48.507496,4.2417827
94,Course_94,Technology,79,2778,75.40449,Udemy,199.69124,3.6152275
95,Course_95,Technology,67,1458,93.09349,edX,161.25041,4.42496
97,Course_97,Business,57,4616,62.614952,LinkedIn Learning,140.47253,3.511512
99,Course_99,Design,54,4170,51.348392,edX,193.18524,4.043213
101,Course_101,Design,21,259,56.621136,Udemy,99.32185,4.6693907
103,Course_103,Programming,25,121,93.548874,LinkedIn Learning,131.14583,3.3073332
105,Course_105,Data Science,47,690,71.47595,edX,44.225525,4.6820545
106,Course_106,Finance,44,3237,86.85519,edX,142.89246,3.7869842
107,Course_107,Programming,77,1574,95.64107,LinkedIn Learning,93.71306,4.9103827
108,Course_108,Design,48,4524,82.22701,Udemy,179.23807,4.433494
109,Course_109,Technology,66,3572,91.828415,LinkedIn Learning,56.715588,4.4134426
110,Course_110,Programming,54,1295,75.676834,LinkedIn Learning,25.858171,4.364716
111,Course_111,Data Science,42,2073,82.344864,LinkedIn Learning,100.91473,3.706579
113,Course_113,Marketing,40,4146,52.7383,edX,147.93883,3.553851
117,Course_117,Technology,98,185,98.499504,LinkedIn Learning,77.51621,4.795083
118,Course_118,Programming,95,2338,63.2188,LinkedIn Learning,166.50381,4.979052
119,Course_119,Technology,51,682,64.60131,Udemy,50.064857,3.0155885
121,Course_121,Business,76,3164,77.40003,edX,68.72903,4.8963337
122,Course_122,Office Tools,23,2587,73.880196,Udemy,146.53806,4.0619016
124,Course_124,Business,93,2492,98.76582,edX,187.27063,4.741614
127,Course_127,Programming,34,4720,77.59493,Udemy,58.205994,4.436427
128,Course_128,Programming,28,3699,77.48329,Udemy,189.97786,4.57765
130,Course_130,Office Tools,24,4708,65.73976,Udemy,111.64111,4.7563214
131,Course_131,Business,29,932,55.1438,edX,68.91112,4.6026382
132,Course_132,Marketing,63,1184,60.994774,edX,155.88249,4.237761
133,Course_133,Design,17,4875,94.33036,edX,33.990948,4.126644
135,Course_135,Marketing,21,2963,61.71315,LinkedIn Learning,184.02997,4.426685
136,Course_136,Technology,98,2718,81.03872,LinkedIn Learning,39.88861,3.5197139
138,Course_138,AI,13,118,66.568665,LinkedIn Learning,17.382723,3.499244
139,Course_139,Business,83,497,64.696434,LinkedIn Learning,151.8383,4.372447
140,Course_140,AI,54,3873,67.563354,Udemy,48.89952,4.1810017
141,Course_141,Design,94,3599,97.283394,Udemy,78.281456,4.4191246
142,Course_142,Office Tools,94,2987,71.09394,Udemy,69.590675,4.678863
143,Course_143,Design,58,555,69.66119,LinkedIn Learning,158.72629,3.3060305
144,Course_144,Finance,42,4539,51.600098,LinkedIn Learning,27.475584,3.3062093
145,Course_145,Programming,19,4832,58.107983,edX,32.968765,4.677687
146,Course_146,Design,27,3361,88.616806,edX,192.84431,4.288321
147,Course_147,Finance,81,3612,85.95049,Udemy,115.26903,4.9053097
148,Course_148,Finance,37,734,95.34777,Udemy,126.29477,4.7781425
149,Course_149,Finance,68,3540,58.594696,edX,190.31438,4.239789
150,Course_150,Technology,76,2521,63.900524,Udemy,135.58325,3.4290915
151,Course_151,Business,79,226,71.3751,edX,113.69937,4.4810843
152,Course_152,Programming,42,4090,52.65005,LinkedIn Learning,86.096756,4.8431654
153,Course_153,AI,51,231,88.07825,Udemy,102.181,3.4499335
154,Course_154,Design,83,1418,82.52159,edX,139.15358,4.8511195
156,Course_156,Technology,48,3695,88.88699,LinkedIn Learning,140.53783,3.1456158
157,Course_157,Finance,25,4082,82.33927,LinkedIn Learning,124.65376,3.0436509
158,Course_158,Technology,92,909,77.603004,Udemy,167.6381,3.3184457
160,Course_160,Office Tools,33,4786,77.999016,LinkedIn Learning,52.37734,3.4855824
161,Course_161,Marketing,64,1077,68.9215,Udemy,170.19058,4.644957
162,Course_162,Marketing,97,959,84.90286,Udemy,14.370826,3.9602904
163,Course_163,Marketing,58,2621,55.568424,LinkedIn Learning,95.13333,3.5388079
164,Course_164,Office Tools,99,2774,73.66447,edX,115.44221,4.746572
166,Course_166,Data Science,18,1315,68.140144,edX,104.614624,4.9616895
167,Course_167,Finance,79,340,99.261314,edX,174.28351,4.63532
168,Course_168,Data Science,32,3920,98.447105,edX,84.49512,3.2974153
170,Course_170,Technology,70,4337,80.49868,LinkedIn Learning,86.02561,3.5678525
172,Course_172,Marketing,38,2276,88.59503,Udemy,113.12336,4.914966
173,Course_173,Finance,34,1936,54.529488,LinkedIn Learning,33.463627,3.611759
174,Course_174,Technology,75,1851,85.83846,edX,157.4358,3.3789513
176,Course_176,Programming,92,1407,65.39749,edX,135.00989,4.695212
178,Course_178,Office Tools,29,342,63.092182,Udemy,149.49525,3.992534
179,Course_179,Office Tools,36,2475,60.15397,edX,110.614105,3.431631
180,Course_180,Finance,36,386,64.405914,LinkedIn Learning,139.97455,4.921322
181,Course_181,AI,13,319,85.63609,Udemy,123.1054,3.2009122
182,Course_182,AI,84,190,75.79308,edX,117.70873,3.207067
183,Course_183,Technology,97,1316,68.8445,edX,27.981659,4.4409695
184,Course_184,Programming,90,1042,91.551834,Udemy,106.18509,3.659445
185,Course_185,Design,80,4442,72.48188,edX,183.50493,3.4221795
188,Course_188,Finance,94,2555,61.78835,edX,136.45784,3.2671192
190,Course_190,Finance,65,1670,83.6103,LinkedIn Learning,130.91266,4.7540917
191,Course_191,Business,40,1002,55.081417,LinkedIn Learning,68.842125,4.8660393
192,Course_192,Data Science,51,3402,66.58025,Udemy,114.567604,4.8987236
193,Course_193,Data Science,77,4980,92.6165,Udemy,179.47263,3.3131096
194,Course_194,Business,71,1024,89.0197,LinkedIn Learning,92.4404,4.8982153
195,Course_195,Data Science,85,4724,58.83548,edX,198.1683,3.8657758
196,Course_196,Programming,90,4369,64.25586,Udemy,89.23272,4.6279044
197,Course_197,Technology,98,3198,83.52886,LinkedIn Learning,196.571,4.542302
198,Course_198,AI,63,1049,65.46466,edX,82.46449,3.684117
199,Course_199,Data Science,61,875,85.2135,edX,140.21838,4.656913
200,Course_200,Technology,33,1737,79.19329,Udemy,136.49162,4.459942
201,Course_201,Business,43,1825,91.87596,Udemy,37.909184,4.102737
203,Course_203,Technology,39,2539,97.62542,Udemy,125.41978,4.1583033
204,Course_204,Finance,85,2532,68.56176,LinkedIn Learning,47.956467,3.1458538
205,Course_205,Design,12,4873,65.6493,Udemy,48.596172,4.3141
206,Course_206,Finance,72,338,97.58015,edX,74.54743,3.087963
207,Course_207,Programming,83,3962,94.91415,edX,127.232346,3.5802062
208,Course_208,Finance,49,3337,59.64832,edX,35.63605,4.312663
209,Course_209,Marketing,15,2101,96.61625,Udemy,133.57086,4.2727222
210,Course_210,Office Tools,40,3193,89.90363,LinkedIn Learning,122.055145,3.7159681
211,Course_211,Finance,35,1419,92.995804,Udemy,30.00247,3.496648
213,Course_213,AI,60,2851,73.974915,LinkedIn Learning,190.07425,4.1937537
214,Course_214,Design,27,2938,89.878685,LinkedIn Learning,175.0108,3.7619944
215,Course_215,Data Science,45,2775,97.544235,edX,162.10715,4.1591697
216,Course_216,Design,90,2143,94.314095,edX,196.35072,4.1008716
217,Course_217,Finance,88,597,68.13469,edX,148.39047,3.3207707
218,Course_218,Marketing,35,1180,74.70218,LinkedIn Learning,63.47284,4.113847
219,Course_219,Office Tools,43,4685,67.70503,LinkedIn Learning,116.94988,3.8298523
220,Course_220,Programming,80,2334,89.45083,edX,19.915764,4.4864616
222,Course_222,Design,60,1758,85.763054,edX,68.144905,4.201294
223,Course_223,Design,49,1047,87.76866,Udemy,109.545746,3.0465178
225,Course_225,Technology,62,2956,58.49451,edX,116.75322,3.154748
227,Course_227,Finance,69,3648,81.44352,Udemy,50.270786,4.7124233
228,Course_228,Marketing,49,1993,92.52685,Udemy,188.75848,4.1654396
230,Course_230,Finance,35,929,73.26744,Udemy,141.78995,4.789328
231,Course_231,Business,10,1574,57.152107,LinkedIn Learning,24.397379,3.0280771
233,Course_233,Technology,67,457,65.75171,LinkedIn Learning,28.174969,3.1669865
235,Course_235,Finance,87,420,73.87314,edX,68.019264,3.7511513
237,Course_237,Design,20,1279,84.773994,edX,86.84751,4.452797
238,Course_238,Technology,100,2781,90.19463,Udemy,127.38607,3.6716049
239,Course_239,Programming,98,1321,97.76619,edX,167.11948,3.2860093
240,Course_240,Programming,83,1159,67.817276,edX,18.907145,3.8391085
241,Course_241,Business,29,2739,60.648815,Udemy,193.34549,3.8073504
242,Course_242,Programming,91,2243,95.826385,Udemy,114.638214,4.585452
243,Course_243,Programming,37,302,56.02604,edX,196.8891,4.295987
244,Course_244,Technology,59,2748,92.51979,Udemy,77.8697,4.0228534
246,Course_246,Technology,36,2713,60.34098,edX,101.19252,3.344204
247,Course_247,Design,61,1375,84.51408,edX,73.39742,3.2387128
249,Course_249,Data Science,21,2758,92.70474,LinkedIn Learning,59.451683,3.6808038
250,Course_250,Data Science,41,4862,55.09191,Udemy,157.69168,3.0621543
251,Course_251,Marketing,68,1427,95.819305,edX,101.47504,3.9084795
253,Course_253,Business,48,3335,74.78014,Udemy,38.033867,3.242447
256,Course_256,Programming,77,3044,50.182343,Udemy,112.37527,3.9711475
258,Course_258,Design,62,1326,96.13912,edX,62.782368,3.1035767
259,Course_259,Programming,21,388,50.743534,edX,83.140816,3.335586
260,Course_260,Finance,42,4054,70.088615,Udemy,119.74512,3.7270083
261,Course_261,Office Tools,83,2660,57.66141,LinkedIn Learning,85.61937,3.8137078
263,Course_263,Office Tools,79,3294,69.10298,Udemy,189.14903,3.746247
264,Course_264,Data Science,35,3410,86.31408,edX,183.93948,3.8797536
265,Course_265,Technology,83,4696,73.69171,Udemy,150.64078,3.0084994
267,Course_267,Design,100,2943,62.638058,Udemy,165.54697,4.321755
271,Course_271,Technology,21,4298,58.35966,Udemy,176.29895,4.9370756
272,Course_272,Office Tools,93,1165,58.09551,LinkedIn Learning,199.19798,4.8326244
273,Course_273,Data Science,94,1884,92.70007,edX,19.577831,4.907786
275,Course_275,Programming,67,2739,66.03245,Udemy,121.133736,3.2137966
276,Course_276,Office Tools,53,4828,58.6418,edX,124.6126,4.073957
277,Course_277,Design,37,2506,77.51169,Udemy,146.3961,3.3033113
278,Course_278,Design,91,4995,70.36823,edX,74.769356,3.0246212
280,Course_280,Technology,29,2559,63.784218,edX,171.46002,3.8156605
281,Course_281,AI,45,3541,61.410866,Udemy,189.39131,3.8735814
282,Course_282,Data Science,49,197,61.99405,Udemy,158.5295,3.0806808
283,Course_283,Business,97,792,73.58154,Udemy,189.91592,3.3400724
286,Course_286,Data Science,98,3497,53.80733,Udemy,194.00037,3.4165285
287,Course_287,Finance,93,2716,99.53631,edX,195.9062,4.929476
288,Course_288,Programming,98,396,83.493805,edX,103.70568,3.1794126
290,Course_290,Marketing,31,2406,79.958435,edX,168.80264,4.7149177
291,Course_291,Data Science,28,384,62.364647,Udemy,28.157698,4.0760717
292,Course_292,Technology,66,3555,93.10239,edX,16.5142,3.3311327
294,Course_294,Data Science,14,1922,85.99008,edX,71.73504,3.8233333
295,Course_295,Data Science,21,4695,84.31254,Udemy,180.1992,4.0499
296,Course_296,Marketing,55,4619,67.918594,LinkedIn Learning,190.37964,3.7940896
297,Course_297,AI,85,3552,71.770256,LinkedIn Learning,83.35761,4.030892
298,Course_298,Data Science,29,504,72.7806,edX,112.0881,3.1108315
300,Course_300,Programming,10,264,65.691444,LinkedIn Learning,79.56748,4.609534
301,Course_301,Marketing,59,1845,82.26132,edX,90.0974,3.2347865
303,Course_303,Technology,90,1203,77.30373,Udemy,163.40036,4.1238365
305,Course_305,Office Tools,36,1950,75.75294,LinkedIn Learning,49.165264,4.80205
306,Course_306,Design,44,4089,87.53269,LinkedIn Learning,123.94812,4.427608
307,Course_307,Marketing,85,607,76.54028,LinkedIn Learning,125.58922,4.0927944
309,Course_309,Business,84,4181,56.530285,edX,157.8047,4.0755568
310,Course_310,Technology,15,828,57.32931,Udemy,182.65736,3.1282287
311,Course_311,Marketing,44,2507,91.38732,LinkedIn Learning,88.797226,3.7610383
313,Course_313,Programming,99,3426,52.34625,Udemy,152.02725,3.293977
314,Course_314,Business,16,3167,86.331314,edX,176.59758,3.7543535
315,Course_315,Business,53,2770,85.656784,LinkedIn Learning,38.08038,4.4881654
316,Course_316,Technology,46,3582,60.484608,Udemy,117.209,4.604358
317,Course_317,AI,18,2750,97.19837,LinkedIn Learning,152.01968,3.727899
318,Course_318,Technology,89,3600,96.26501,LinkedIn Learning,128.05289,4.7412186
319,Course_319,Data Science,17,3248,94.518105,Udemy,92.77214,4.918994
321,Course_321,Business,53,4100,87.12681,edX,52.441242,4.8303156
322,Course_322,Business,12,4264,67.20363,Udemy,89.96083,4.2943993
324,Course_324,Data Science,68,4401,58.748207,edX,122.83342,3.468964
325,Course_325,Finance,100,3861,54.45315,Udemy,55.056786,4.7849636
326,Course_326,AI,21,4080,89.065544,Udemy,115.9107,4.271718
327,Course_327,AI,57,307,68.875694,edX,170.88913,4.179705
328,Course_328,Marketing,33,4238,54.130302,LinkedIn Learning,42.20268,3.2780132
331,Course_331,Office Tools,65,1605,87.87443,LinkedIn Learning,121.01253,3.3891857
332,Course_332,Data Science,27,4341,78.32848,edX,127.23597,3.7490501
334,Course_334,Business,41,4461,75.95843,Udemy,47.85571,3.0759616
335,Course_335,Technology,25,522,58.61725,Udemy,48.945946,3.3610673
336,Course_336,Business,98,1331,92.01146,LinkedIn Learning,150.6032,4.461084
337,Course_337,Business,87,1559,59.207832,LinkedIn Learning,163.66608,3.1267364
338,Course_338,Marketing,25,882,78.96896,Udemy,96.66395,4.5004325
339,Course_339,Technology,48,2523,89.800735,LinkedIn Learning,139.06494,4.7525067
340,Course_340,AI,36,2454,99.9943,Udemy,152.66978,3.9897323
341,Course_341,Marketing,51,4276,52.232376,LinkedIn Learning,129.41745,3.3996027
342,Course_342,Office Tools,15,4092,56.042873,edX,12.874616,3.1914084
343,Course_343,Finance,70,891,79.90537,edX,126.84548,3.1942658
345,Course_345,Finance,83,813,52.225864,LinkedIn Learning,14.455013,3.7256901
349,Course_349,Design,71,406,79.92746,edX,165.04037,4.111411
351,Course_351,Technology,78,4072,67.64879,LinkedIn Learning,102.202835,4.6615596
353,Course_353,Data Science,81,4331,76.58671,Udemy,182.79137,4.954878
354,Course_354,Programming,40,3781,87.05603,Udemy,137.98726,3.9972138
355,Course_355,Finance,10,4653,84.6026,edX,30.920876,3.5681543
356,Course_356,Finance,60,1510,71.379135,LinkedIn Learning,39.21039,3.7714138
358,Course_358,Technology,85,2591,74.71599,LinkedIn Learning,129.72159,3.5247855
359,Course_359,AI,68,1531,88.35704,Udemy,173.24693,3.055922
360,Course_360,Design,10,654,53.84906,edX,68.98398,3.3322237
361,Course_361,Data Science,32,134,85.016685,LinkedIn Learning,98.28903,4.3099422
362,Course_362,Office Tools,12,1692,68.30825,Udemy,142.01326,4.8526716
363,Course_363,Office Tools,99,655,65.247635,edX,43.8851,3.31008
365,Course_365,Business,96,1597,89.24289,edX,171.80635,3.7288818
366,Course_366,Office Tools,53,3862,59.95447,LinkedIn Learning,71.4438,3.2858882
367,Course_367,Business,71,3847,53.0827,LinkedIn Learning,67.646965,4.5547366
368,Course_368,Finance,69,2952,83.29617,Udemy,16.763086,3.4181817
369,Course_369,Business,55,1374,82.279495,LinkedIn Learning,158.06187,3.9292762
370,Course_370,AI,42,1878,51.2049,Udemy,94.16927,3.7968318
371,Course_371,AI,67,403,87.43793,Udemy,25.747581,4.4967337
373,Course_373,Technology,47,1562,79.79332,LinkedIn Learning,32.09942,4.7950425
374,Course_374,Marketing,60,2350,77.215225,edX,112.175835,3.9540374
375,Course_375,Finance,32,1291,77.39831,edX,39.590405,3.4898517
376,Course_376,Design,80,436,83.218285,edX,71.484184,3.7792513
377,Course_377,Business,80,2608,70.04523,LinkedIn Learning,148.50516,3.6791246
378,Course_378,Data Science,69,2904,82.31171,Udemy,120.68859,3.1210148
381,Course_381,AI,82,3628,90.869255,LinkedIn Learning,79.48585,4.4049544
382,Course_382,Finance,41,1615,73.32087,LinkedIn Learning,42.682007,3.915875
383,Course_383,Programming,18,731,79.426346,edX,42.837254,4.6384883
385,Course_385,Design,77,406,89.12994,edX,128.52814,3.0581338
386,Course_386,Technology,15,1973,53.628403,edX,22.781227,3.3317382
388,Course_388,Data Science,26,3634,63.28904,edX,184.21408,3.2008414
389,Course_389,Programming,79,645,87.96909,LinkedIn Learning,81.15217,3.2542832
390,Course_390,AI,27,248,61.41336,edX,91.53345,3.0803804
392,Course_392,Business,21,4648,51.361015,edX,180.79314,4.766503
393,Course_393,Business,97,899,54.538155,edX,112.016914,4.875968
394,Course_394,AI,62,137,79.058624,Udemy,132.2839,4.166035
395,Course_395,AI,29,2062,80.560135,LinkedIn Learning,196.53545,3.011365
396,Course_396,Finance,54,4999,90.315056,LinkedIn Learning,98.9914,3.0787165
397,Course_397,Technology,14,3960,85.8838,LinkedIn Learning,63.23525,4.607856
398,Course_398,Office Tools,19,2344,97.71304,LinkedIn Learning,51.410686,4.970377
400,Course_400,Design,58,208,92.72813,edX,142.75491,3.1424403
401,Course_401,Business,19,4157,53.277805,Udemy,86.14088,4.1364117
402,Course_402,AI,34,1704,90.18797,Udemy,18.581638,3.1938653
403,Course_403,Finance,76,701,88.841156,Udemy,23.55226,4.353292
404,Course_404,Technology,46,290,80.176476,Udemy,38.06595,3.461125
405,Course_405,Design,31,1596,98.64542,edX,137.72444,3.3017278
407,Course_407,AI,24,313,55.23388,Udemy,105.81065,4.8913136
408,Course_408,Office Tools,72,4927,57.63745,LinkedIn Learning,139.87166,3.0003378
409,Course_409,AI,38,1033,53.726456,Udemy,111.33017,4.4577746
410,Course_410,Technology,99,1849,89.22468,Udemy,132.92296,3.4023697
412,Course_412,Office Tools,40,3217,50.33785,edX,153.97664,4.1254463
414,Course_414,Marketing,19,2408,56.48778,edX,167.24547,3.4795928
415,Course_415,Programming,45,3397,96.42799,Udemy,94.91929,4.104426
416,Course_416,AI,51,4614,54.420677,Udemy,189.8088,4.12877
418,Course_418,Finance,74,459,97.918915,edX,93.57856,3.2328477
419,Course_419,AI,61,414,63.879753,edX,92.71552,4.954611
420,Course_420,Business,30,4393,62.09197,Udemy,163.30913,4.4155707
421,Course_421,Design,25,1514,94.30697,edX,46.14164,4.0897875
422,Course_422,Data Science,45,3794,86.23744,LinkedIn Learning,79.52952,3.8780372
423,Course_423,Business,46,3553,73.919205,LinkedIn Learning,21.034964,3.7263982
424,Course_424,Office Tools,48,641,59.437992,edX,57.528233,3.091274
425,Course_425,Design,47,2000,62.131233,LinkedIn Learning,82.99395,3.749195
426,Course_426,Office Tools,32,4934,57.713924,LinkedIn Learning,29.611107,4.5449834
427,Course_427,Finance,83,2230,54.47887,edX,40.13836,4.678394
430,Course_430,Technology,19,3333,69.70526,Udemy,57.635838,3.5515463
431,Course_431,Marketing,47,1544,87.82089,LinkedIn Learning,133.3203,3.1417966
432,Course_432,Office Tools,82,1763,86.68396,Udemy,13.197827,3.543555
433,Course_433,Finance,15,4085,53.318027,Udemy,180.81416,4.962791
434,Course_434,Design,99,2125,63.55823,Udemy,198.11401,4.3818192
435,Course_435,Business,12,3503,85.56773,Udemy,23.66664,4.9189754
436,Course_436,Marketing,50,3634,78.975525,LinkedIn Learning,185.63412,3.46861
437,Course_437,AI,13,3476,82.72001,LinkedIn Learning,16.142712,4.5254965
438,Course_438,Data Science,36,4302,51.663338,LinkedIn Learning,46.635853,4.0959535
439,Course_439,Data Science,68,2392,53.69923,edX,82.513054,4.844858
440,Course_440,Marketing,40,3585,89.004974,LinkedIn Learning,144.02675,3.6393676
441,Course_441,Marketing,66,2424,74.394005,LinkedIn Learning,97.10374,4.437321
442,Course_442,Programming,76,3453,75.91942,Udemy,196.60583,4.957546
443,Course_443,Office Tools,80,2153,56.39003,LinkedIn Learning,31.525496,3.4113765
444,Course_444,Design,61,3961,79.55459,Udemy,109.69532,3.6887114
445,Course_445,Office Tools,76,3412,83.340904,LinkedIn Learning,27.283804,3.599104
446,Course_446,Marketing,38,3336,72.53357,LinkedIn Learning,182.87843,3.713458
447,Course_447,AI,85,2735,70.92579,Udemy,111.75213,3.0700555
449,Course_449,AI,69,1359,86.87944,edX,101.1337,4.856644
451,Course_451,Finance,93,1512,78.96781,Udemy,72.30979,4.523124
452,Course_452,Business,52,3028,77.18814,edX,50.605278,3.9746833
453,Course_453,Marketing,24,1702,80.328285,edX,154.06664,4.4689593
455,Course_455,Design,80,665,89.66971,Udemy,193.93507,4.4059157
456,Course_456,Office Tools,84,4258,53.32845,edX,188.75941,3.524311
458,Course_458,Design,17,1292,95.27445,Udemy,123.08804,3.0391965
459,Course_459,Marketing,87,2671,98.61754,LinkedIn Learning,86.31934,3.713456
460,Course_460,Finance,62,2509,79.62029,LinkedIn Learning,174.38654,3.3089359
461,Course_461,Design,69,1459,61.71878,Udemy,124.13375,4.565604
462,Course_462,Office Tools,54,742,73.13277,Udemy,138.40979,3.0820787
463,Course_463,Data Science,66,4482,99.94199,LinkedIn Learning,142.43834,3.2104018
465,Course_465,Design,85,670,84.648705,edX,188.39037,3.7659159
467,Course_467,Office Tools,45,3742,81.83036,LinkedIn Learning,24.08094,3.3063996
470,Course_470,AI,39,1573,51.900852,Udemy,62.5178,3.178438
471,Course_471,Technology,68,2850,96.14157,LinkedIn Learning,67.02563,4.122217
472,Course_472,Design,46,762,52.038124,edX,25.591526,4.1389055
473,Course_473,Technology,78,3474,79.89338,edX,51.61118,4.4675045
475,Course_475,Programming,16,3020,57.86597,Udemy,180.73996,4.6351123
476,Course_476,Programming,47,3471,80.53462,LinkedIn Learning,87.69986,4.4731708
477,Course_477,Data Science,40,2207,74.93494,LinkedIn Learning,189.04788,3.7705746
478,Course_478,Programming,10,1781,80.94351,Udemy,192.0753,3.254628
479,Course_479,Marketing,85,3833,61.699944,LinkedIn Learning,31.548983,4.8504076
480,Course_480,Technology,16,4758,92.524605,edX,175.28198,4.9266114
481,Course_481,Programming,60,2191,64.71294,Udemy,196.71101,4.783331
482,Course_482,Programming,23,450,59.741608,edX,63.053604,3.7924075
483,Course_483,Office Tools,87,2105,95.5013,edX,28.196924,4.582713
484,Course_484,Technology,90,2038,94.53039,LinkedIn Learning,163.0821,3.4288514
486,Course_486,Business,19,1764,64.832115,LinkedIn Learning,38.957302,4.5343847
487,Course_487,Finance,30,159,77.34121,LinkedIn Learning,198.05821,3.9683778
488,Course_488,Data Science,52,818,55.030113,edX,185.14499,4.1627584
489,Course_489,AI,86,2593,55.68796,edX,94.27248,3.0412683
490,Course_490,Design,42,1396,96.00771,Udemy,174.63942,3.6233919
491,Course_491,Technology,20,3301,81.923256,LinkedIn Learning,98.62324,3.8883123
493,Course_493,AI,96,1991,98.71381,LinkedIn Learning,158.91916,4.7197933
494,Course_494,Marketing,11,2049,75.31177,LinkedIn Learning,95.48796,4.309318
495,Course_495,Finance,90,748,94.0428,Udemy,11.010334,3.543813
497,Course_497,Business,86,463,99.97394,edX,176.39874,3.7133553
500,Course_500,Design,71,2216,92.12953,LinkedIn Learning,165.18074,4.130103
502,Course_502,Design,42,1066,63.862206,edX,88.98183,4.286163
504,Course_504,Design,74,456,95.33535,edX,19.695621,4.1654673
506,Course_506,Technology,76,1440,83.4116,LinkedIn Learning,162.83202,3.3527865
507,Course_507,Design,93,1096,92.44892,edX,184.31592,3.5832925
509,Course_509,Design,27,4495,97.21906,Udemy,175.8541,4.759203
510,Course_510,Data Science,16,4268,77.98973,LinkedIn Learning,86.89726,3.0461686
511,Course_511,Marketing,96,4517,95.688805,edX,192.09187,4.4384623
512,Course_512,Marketing,22,4793,88.27411,Udemy,81.77142,4.62483
514,Course_514,AI,73,2699,70.173584,edX,12.658678,3.1941125
516,Course_516,Technology,84,513,53.32144,LinkedIn Learning,139.87874,4.23864
517,Course_517,AI,84,4485,91.73032,LinkedIn Learning,187.9827,3.8526502
518,Course_518,Finance,20,1899,91.494865,Udemy,68.020386,3.5737588
520,Course_520,AI,62,4456,61.68308,edX,66.74668,3.7231426
521,Course_521,Programming,77,3433,64.484726,LinkedIn Learning,102.95738,3.253462
523,Course_523,Design,82,1151,60.06815,Udemy,74.08832,3.4459093
525,Course_525,Finance,96,850,93.11289,LinkedIn Learning,91.42436,4.1984544
526,Course_526,Marketing,55,4497,70.30776,Udemy,141.80368,3.5280192
527,Course_527,AI,45,899,76.67833,edX,34.355164,3.5459971
528,Course_528,Programming,25,1045,98.46011,Udemy,128.24869,3.389868
529,Course_529,Marketing,25,4814,55.346737,Udemy,116.155045,4.50199
530,Course_530,Design,59,305,88.36512,LinkedIn Learning,52.620213,3.7574997
531,Course_531,AI,61,2750,77.89699,Udemy,61.487656,3.9889224
532,Course_532,Data Science,14,1677,76.309364,LinkedIn Learning,184.80925,4.1977644
533,Course_533,Business,16,1247,70.46823,Udemy,171.70549,4.971095
534,Course_534,Technology,90,1498,85.10424,edX,177.74586,3.6333842
535,Course_535,Business,45,1294,98.873146,edX,74.77417,4.0569367
536,Course_536,Programming,11,1878,77.09648,LinkedIn Learning,175.21553,3.9970012
537,Course_537,Marketing,75,4516,90.12692,LinkedIn Learning,55.221825,4.198477
539,Course_539,Finance,91,4910,62.12025,Udemy,40.586857,3.654192
540,Course_540,Marketing,54,3541,74.6014,LinkedIn Learning,85.018364,4.5782695
541,Course_541,Business,44,741,53.763485,LinkedIn Learning,119.49583,4.5176353
543,Course_543,Business,49,1987,65.57389,edX,127.83302,3.9107075
544,Course_544,Data Science,45,2335,87.60245,Udemy,190.88121,3.0410526
545,Course_545,Programming,17,4563,55.234074,edX,190.03949,4.802249
546,Course_546,AI,65,3931,68.609116,Udemy,123.01957,3.7705865
548,Course_548,Data Science,12,1094,82.43962,LinkedIn Learning,174.02661,4.4411836
549,Course_549,AI,100,1044,62.53674,edX,62.01922,4.040636
550,Course_550,Business,51,4767,90.08882,LinkedIn Learning,41.646137,4.73872
551,Course_551,Business,47,2589,50.89907,LinkedIn Learning,85.79948,4.3593225
553,Course_553,Marketing,93,3637,60.89773,Udemy,73.36995,3.713146
554,Course_554,Finance,43,1229,85.63461,edX,155.19803,3.8399289
556,Course_556,Office Tools,47,3957,88.533615,LinkedIn Learning,96.85409,4.3869634
557,Course_557,Technology,31,508,64.91847,LinkedIn Learning,71.41898,3.062418
558,Course_558,Programming,46,2729,87.424805,edX,153.4364,3.8293955
559,Course_559,Office Tools,31,3389,85.66053,LinkedIn Learning,123.34937,3.825777
560,Course_560,Data Science,35,2330,69.30571,edX,73.384766,3.4754603
561,Course_561,Design,88,1521,68.99259,edX,131.81096,3.2610836
563,Course_563,Business,57,1771,99.48444,LinkedIn Learning,136.3112,4.37806
564,Course_564,Office Tools,74,3774,57.272385,LinkedIn Learning,48.086826,4.564053
566,Course_566,Finance,77,4890,54.05534,Udemy,198.93452,4.6742983
568,Course_568,Finance,86,3851,79.48211,Udemy,162.233,4.0085635
569,Course_569,Technology,57,1709,52.417797,LinkedIn Learning,118.36207,3.2211719
570,Course_570,Office Tools,81,4387,59.85673,Udemy,197.6339,3.0212226
571,Course_571,Office Tools,63,3028,68.39107,edX,57.835342,4.6463614
572,Course_572,Business,36,3521,56.372585,Udemy,37.520233,3.5739677
573,Course_573,Design,58,3594,69.98003,Udemy,15.409065,3.4715137
574,Course_574,Business,68,3927,56.98211,Udemy,179.83168,3.5700014
576,Course_576,Business,30,1530,80.177666,Udemy,67.250755,4.8894362
578,Course_578,AI,59,4934,75.0614,LinkedIn Learning,81.40551,4.829533
579,Course_579,Office Tools,38,372,61.97452,LinkedIn Learning,69.857086,3.0653193
580,Course_580,Finance,97,3995,51.300655,LinkedIn Learning,41.473846,4.3980494
581,Course_581,Data Science,19,4711,62.720997,edX,185.94975,4.2408953
582,Course_582,AI,56,2529,52.786846,LinkedIn Learning,73.6271,3.982453
583,Course_583,Data Science,41,1003,69.37769,edX,185.6898,4.7785015
584,Course_584,Design,35,3038,93.12816,edX,99.95751,4.0852375
586,Course_586,Design,61,1710,65.567276,Udemy,147.06715,3.2501304
589,Course_589,Marketing,60,2957,74.99728,edX,165.33347,3.2560034
590,Course_590,AI,74,2124,63.57664,edX,165.89041,3.9858642
592,Course_592,Data Science,92,2458,84.367485,edX,192.89688,4.7861056
593,Course_593,Business,68,644,53.3662,edX,53.468204,4.766572
594,Course_594,Design,64,1222,90.90258,edX,75.99486,3.6297035
595,Course_595,Finance,50,3500,66.54036,edX,83.95024,4.987865
596,Course_596,Business,49,2721,78.3893,edX,155.0732,3.3867848
597,Course_597,Business,16,4598,59.777344,Udemy,54.136276,4.054495
599,Course_599,Office Tools,87,1682,73.35895,LinkedIn Learning,41.748283,4.8963423
600,Course_600,Programming,71,1865,80.12572,Udemy,44.505356,3.8172443
601,Course_601,Technology,47,3043,90.116066,edX,161.26347,4.9449234
602,Course_602,Design,45,1295,58.057423,LinkedIn Learning,41.077396,4.8146467
603,Course_603,Office Tools,24,1652,94.63208,LinkedIn Learning,185.36182,4.5193167
604,Course_604,Office Tools,20,159,84.9106,edX,164.60304,3.7763228
605,Course_605,Technology,16,613,97.50962,LinkedIn Learning,79.16014,3.0639243
608,Course_608,AI,92,2775,72.89658,LinkedIn Learning,193.39435,4.0107064
609,Course_609,AI,57,230,85.38922,LinkedIn Learning,10.806797,4.2098517
610,Course_610,Data Science,92,4277,81.78629,Udemy,122.77148,3.9734666
611,Course_611,Business,25,731,82.08061,Udemy,180.23305,3.2540689
612,Course_612,Finance,43,2341,76.03602,Udemy,135.9063,3.4997299
613,Course_613,Data Science,28,562,78.32676,edX,103.05711,4.987472
614,Course_614,Programming,90,858,89.985985,Udemy,114.20789,4.029654
615,Course_615,Business,72,4948,84.99232,Udemy,56.45121,3.4863436
616,Course_616,Office Tools,97,1339,96.11131,Udemy,175.89198,4.736315
618,Course_618,Data Science,63,1378,93.820206,Udemy,14.571697,4.182351
619,Course_619,Technology,33,1638,78.31467,LinkedIn Learning,45.195587,3.237523
622,Course_622,Data Science,20,1571,95.149445,edX,127.539474,4.140095
623,Course_623,Business,13,1877,80.979034,edX,79.16037,4.9132905
626,Course_626,Programming,24,981,70.47241,Udemy,106.77098,4.5077605
627,Course_627,Marketing,22,2891,75.493835,edX,157.223,4.7186604
628,Course_628,Finance,86,3832,85.79541,edX,122.57613,3.4517686
629,Course_629,Business,99,4497,53.42533,LinkedIn Learning,85.72933,3.9837568
630,Course_630,Technology,15,2270,99.214066,LinkedIn Learning,180.55693,4.4489193
633,Course_633,Programming,16,3653,93.80089,Udemy,78.76318,4.919994
634,Course_634,Business,56,4509,59.11422,edX,11.787578,3.4434378
635,Course_635,Data Science,83,658,68.201935,edX,150.16551,3.515761
640,Course_640,Finance,27,1182,69.33487,Udemy,106.2121,3.005883
641,Course_641,Programming,29,454,85.37877,LinkedIn Learning,113.058365,4.3711834
642,Course_642,Design,11,4386,85.57521,edX,28.563942,4.905024
643,Course_643,AI,31,2473,70.26393,LinkedIn Learning,78.71146,3.6371584
644,Course_644,Office Tools,65,2096,74.79368,Udemy,119.74132,3.9316943
646,Course_646,Data Science,99,1162,78.02852,Udemy,16.439001,3.9393773
647,Course_647,Office Tools,57,734,90.66196,LinkedIn Learning,143.24078,3.334207
648,Course_648,Marketing,42,1281,55.34596,LinkedIn Learning,81.04145,3.1604369
650,Course_650,Office Tools,59,483,86.595566,edX,76.47298,4.242927
651,Course_651,Data Science,82,1849,75.06917,edX,50.869156,3.6842592
652,Course_652,AI,15,508,54.480362,Udemy,121.3188,4.3235993
656,Course_656,Finance,24,2409,65.94498,Udemy,35.451588,3.690597
657,Course_657,AI,56,1202,80.35231,edX,45.155735,3.225755
658,Course_658,Design,31,2438,63.46619,LinkedIn Learning,56.27505,4.0397925
659,Course_659,Data Science,87,3657,51.04011,Udemy,168.18687,4.240855
660,Course_660,Programming,49,508,70.61357,Udemy,36.644695,4.1024213
661,Course_661,AI,70,140,57.112995,Udemy,64.2579,4.768675
662,Course_662,Marketing,79,1736,83.38468,edX,76.215454,4.620288
663,Course_663,Business,56,4936,81.72869,Udemy,50.99476,4.8109393
664,Course_664,Office Tools,99,1505,87.796455,LinkedIn Learning,102.48919,4.1714225
665,Course_665,Office Tools,79,1363,87.330086,LinkedIn Learning,186.82286,4.634058
666,Course_666,Design,26,856,73.488045,edX,105.39273,4.4136233
667,Course_667,AI,83,747,92.36551,Udemy,152.94281,3.9613385
668,Course_668,Data Science,44,3533,75.24726,edX,196.47795,4.392348
669,Course_669,Finance,39,4063,80.82536,edX,20.560966,4.3522987
670,Course_670,Design,49,2998,78.16972,edX,100.618996,4.481155
671,Course_671,AI,12,4190,95.98249,LinkedIn Learning,165.32751,3.3985271
672,Course_672,Office Tools,46,921,68.79154,Udemy,163.80801,4.7623806
673,Course_673,Office Tools,99,2832,52.282394,LinkedIn Learning,178.27245,4.6241817
674,Course_674,Finance,37,4902,76.34184,Udemy,131.69263,4.3624687
675,Course_675,Marketing,27,4593,56.033066,Udemy,168.10947,4.6863103
676,Course_676,Data Science,65,2783,67.23459,edX,178.89345,4.2009916
677,Course_677,Business,56,4238,66.16246,Udemy,81.87036,3.3480728
678,Course_678,Business,35,676,97.24748,edX,81.31325,4.5066614
679,Course_679,Office Tools,97,2540,93.44401,Udemy,172.32253,3.3656669
680,Course_680,Marketing,67,2595,59.589504,Udemy,61.789803,4.066613
684,Course_684,Data Science,38,3220,72.66514,Udemy,86.50017,3.3478014
686,Course_686,Finance,54,3498,69.14181,LinkedIn Learning,168.4388,4.3315454
687,Course_687,Technology,64,818,52.29734,Udemy,193.43912,3.1875942
688,Course_688,Business,59,4792,92.92595,LinkedIn Learning,58.39801,3.9983163
689,Course_689,Technology,21,4277,65.3239,LinkedIn Learning,175.17427,3.276161
690,Course_690,Finance,37,1382,94.63585,LinkedIn Learning,134.34029,4.440591
693,Course_693,Business,27,678,59.329433,Udemy,146.7896,4.3498106
694,Course_694,Data Science,24,681,52.151413,edX,167.00613,4.299318
695,Course_695,Technology,69,2423,85.16171,Udemy,193.18301,4.9643526
696,Course_696,Marketing,77,1778,95.69476,edX,58.046715,4.1769342
697,Course_697,AI,26,1272,55.714138,edX,146.11649,3.1056101
698,Course_698,Marketing,61,3042,90.42889,edX,125.19748,4.174748
699,Course_699,Data Science,51,1726,85.29384,edX,130.79604,4.8444266
700,Course_700,Design,26,4383,89.80943,Udemy,161.3186,4.0881433
701,Course_701,Design,30,4356,74.330055,Udemy,90.30674,3.1466975
702,Course_702,Marketing,62,1524,84.9584,LinkedIn Learning,170.1581,4.0198035
703,Course_703,Office Tools,41,3145,53.628807,LinkedIn Learning,57.337368,4.2748694
704,Course_704,Technology,92,904,68.439156,Udemy,46.91678,3.8409133
705,Course_705,AI,49,4829,68.09457,edX,19.639011,3.1305246
706,Course_706,Finance,12,2132,52.503677,Udemy,54.631416,4.0224752
707,Course_707,Data Science,35,3159,74.64942,edX,18.39565,4.5219502
708,Course_708,Finance,12,173,64.88946,LinkedIn Learning,110.35922,4.182324
710,Course_710,Programming,75,2472,94.97628,LinkedIn Learning,188.99538,3.904166
711,Course_711,Programming,94,4443,90.33717,Udemy,34.64481,3.2751367
714,Course_714,Marketing,65,3517,57.916363,LinkedIn Learning,80.21568,4.916098
715,Course_715,Business,13,2973,54.02468,LinkedIn Learning,112.70827,4.3517737
716,Course_716,Finance,14,1592,96.96503,edX,35.40252,3.8387659
717,Course_717,Office Tools,29,426,96.917915,edX,69.79254,4.139275
718,Course_718,AI,45,1418,54.481964,Udemy,59.935745,4.829769
720,Course_720,Design,37,1083,65.09144,LinkedIn Learning,196.53304,4.618217
721,Course_721,Design,30,975,50.64896,LinkedIn Learning,38.358288,4.1345253
722,Course_722,Data Science,33,1180,98.78353,edX,139.49826,4.647013
723,Course_723,Office Tools,73,569,66.48412,edX,22.676556,3.0440445
724,Course_724,Design,71,2096,79.34153,Udemy,115.20308,4.3855104
725,Course_725,Office Tools,64,4733,75.35186,LinkedIn Learning,22.080122,3.0310438
726,Course_726,Data Science,25,1326,79.20034,LinkedIn Learning,168.93587,3.494271
727,Course_727,AI,26,3025,77.40611,edX,35.548,4.1196194
728,Course_728,Design,37,1841,93.917,edX,41.935318,4.4839144
729,Course_729,Office Tools,79,357,99.29195,LinkedIn Learning,61.531677,3.7423902
730,Course_730,Technology,72,3241,71.101204,edX,138.84688,4.423791
732,Course_732,Business,82,1724,59.394985,LinkedIn Learning,99.70475,3.004772
734,Course_734,Marketing,58,192,90.456154,LinkedIn Learning,38.174103,4.257673
735,Course_735,Data Science,85,589,58.90183,LinkedIn Learning,20.02295,4.243493
736,Course_736,Data Science,43,3967,55.60953,edX,73.32796,4.271932
737,Course_737,Data Science,38,331,78.23028,Udemy,55.140144,4.2288523
738,Course_738,Data Science,21,1030,54.48441,LinkedIn Learning,114.11025,3.4013674
739,Course_739,Business,42,4445,84.23311,LinkedIn Learning,102.63989,4.1096044
741,Course_741,Office Tools,88,1189,53.7609,LinkedIn Learning,176.49335,3.0746996
743,Course_743,Technology,79,4750,50.05735,LinkedIn Learning,97.21648,3.4086237
744,Course_744,Office Tools,67,3925,86.49788,LinkedIn Learning,104.46312,3.265828
746,Course_746,Programming,18,1635,56.196896,edX,184.98598,4.7095776
748,Course_748,Office Tools,40,4038,86.31162,Udemy,17.282007,3.2724235
749,Course_749,Business,46,1472,77.754005,LinkedIn Learning,199.39801,4.5365105
751,Course_751,Business,93,4000,73.83591,LinkedIn Learning,178.72086,4.805131
752,Course_752,Design,33,4505,57.045444,Udemy,106.54101,4.0290346
753,Course_753,Programming,75,2347,69.600365,edX,154.59529,4.663278
755,Course_755,Data Science,93,3307,85.63876,edX,140.719,4.4880524
756,Course_756,Design,31,2150,82.64926,Udemy,189.00537,3.5557766
758,Course_758,Programming,49,4077,60.197216,LinkedIn Learning,169.58614,4.6508875
760,Course_760,Finance,22,4860,81.39728,edX,127.86688,3.513995
761,Course_761,Business,70,4884,99.41702,Udemy,159.72969,4.974474
762,Course_762,Design,58,2307,68.87287,LinkedIn Learning,83.734566,3.035075
763,Course_763,Design,54,3737,69.68892,LinkedIn Learning,158.73653,4.2195926
766,Course_766,Design,12,2970,69.17371,LinkedIn Learning,182.03293,4.4320354
767,Course_767,Marketing,65,4687,83.83191,LinkedIn Learning,61.669636,3.2667203
768,Course_768,Business,22,4706,80.54823,edX,52.303913,3.840593
769,Course_769,Technology,73,4883,62.339977,Udemy,33.596905,4.326485
771,Course_771,Technology,45,3160,93.62837,Udemy,71.19858,3.7752125
774,Course_774,Programming,72,4893,54.908543,edX,177.84192,4.7863946
776,Course_776,Finance,92,796,58.45625,edX,21.869762,4.7182937
778,Course_778,Design,19,1717,70.44803,edX,180.12758,4.1766887
779,Course_779,Business,41,4708,94.505936,Udemy,107.813576,4.848357
784,Course_784,Programming,10,1212,64.76654,edX,185.58347,3.0844572
785,Course_785,Business,13,1822,77.159515,Udemy,191.38684,4.654532
786,Course_786,Marketing,35,1071,54.018124,edX,167.3085,4.7853637
787,Course_787,Marketing,83,3408,89.79379,Udemy,184.76651,3.951737
788,Course_788,Programming,40,2136,98.041565,edX,179.66827,3.349005
789,Course_789,Data Science,57,4703,77.108284,Udemy,101.02264,4.398686
791,Course_791,Business,43,3711,71.75192,edX,33.15107,3.137366
792,Course_792,Programming,32,1725,62.096405,edX,97.77067,3.8429024
794,Course_794,Design,88,3562,83.30821,edX,91.0128,4.005716
795,Course_795,AI,60,3299,92.032074,Udemy,141.86874,4.7417903
796,Course_796,Marketing,37,1293,82.07286,LinkedIn Learning,96.66794,4.325658
797,Course_797,Finance,47,3146,85.28922,LinkedIn Learning,20.88537,4.9271636
798,Course_798,Finance,58,1594,65.966286,edX,136.77077,3.9537768
800,Course_800,Data Science,48,1450,69.46851,LinkedIn Learning,130.41302,3.6554155
802,Course_802,Finance,43,2809,68.18631,edX,108.553154,4.641551
804,Course_804,Design,72,1083,68.042435,LinkedIn Learning,84.51319,4.8584948
805,Course_805,AI,83,4926,77.41951,Udemy,83.07882,3.0328994
806,Course_806,Marketing,96,315,81.34949,edX,15.380926,4.906941
807,Course_807,Business,73,2385,55.879578,LinkedIn Learning,196.05615,3.410983
808,Course_808,Programming,62,2282,55.10368,edX,197.2586,4.392366
809,Course_809,Finance,12,2772,70.49521,LinkedIn Learning,93.3604,3.2074358
810,Course_810,Office Tools,65,4453,69.22847,Udemy,63.525482,4.3381753
812,Course_812,Design,96,232,61.472263,Udemy,56.55585,3.2528362
813,Course_813,Programming,97,4410,90.78683,edX,151.3437,4.817856
814,Course_814,Marketing,53,2881,88.23092,LinkedIn Learning,59.52778,3.228681
815,Course_815,Business,69,3167,80.94932,LinkedIn Learning,44.218765,4.5795536
816,Course_816,Marketing,68,539,99.408356,edX,67.71408,4.9562836
817,Course_817,Finance,100,1501,93.3237,LinkedIn Learning,46.05095,3.46398
818,Course_818,Business,67,1339,91.39577,LinkedIn Learning,25.773989,4.434458
819,Course_819,Programming,28,3040,58.61514,Udemy,188.75395,4.6372538
820,Course_820,Office Tools,51,3764,64.30362,edX,79.420006,4.037804
823,Course_823,Office Tools,53,1883,67.68198,edX,70.980835,4.7771325
825,Course_825,Business,47,3442,78.364395,LinkedIn Learning,92.0551,3.4441104
826,Course_826,Office Tools,69,4794,87.62576,LinkedIn Learning,176.58774,3.8071504
827,Course_827,Business,92,658,97.76208,LinkedIn Learning,125.71802,3.2125144
829,Course_829,Data Science,76,4897,56.025574,LinkedIn Learning,62.808243,3.736777
830,Course_830,Finance,70,2960,87.76001,Udemy,156.75757,4.1482286
831,Course_831,Data Science,27,2404,66.952065,Udemy,165.02025,3.4114184
832,Course_832,Office Tools,55,4032,73.80242,LinkedIn Learning,54.596638,3.1389265
833,Course_833,Technology,85,3293,78.16208,edX,142.28574,4.998118
835,Course_835,AI,98,4751,77.388855,LinkedIn Learning,93.93199,4.60904
836,Course_836,Programming,91,3198,97.910576,edX,120.408264,4.906551
837,Course_837,Programming,49,747,50.794964,edX,95.71264,4.909177
838,Course_838,Technology,18,2943,61.26372,edX,137.87637,4.8554173
839,Course_839,Office Tools,93,626,56.534405,edX,137.83229,3.1612751
840,Course_840,Technology,37,2267,59.578712,edX,49.751625,4.7902064
841,Course_841,AI,41,3120,51.69557,LinkedIn Learning,127.63925,3.9223375
842,Course_842,Technology,40,1657,88.55127,edX,39.95966,3.8522837
843,Course_843,Programming,10,3916,70.19615,LinkedIn Learning,142.99161,3.0310056
844,Course_844,AI,46,2007,95.90035,Udemy,134.46417,3.8982918
846,Course_846,Marketing,59,1873,52.716427,edX,94.87335,3.4158704
847,Course_847,AI,82,2336,51.456467,Udemy,10.987921,3.671056
849,Course_849,Data Science,35,941,68.340034,Udemy,186.25569,3.3636212
850,Course_850,Programming,71,4763,67.06508,Udemy,195.81169,4.3571653
853,Course_853,Finance,42,3475,74.52127,LinkedIn Learning,51.06827,4.6040864
854,Course_854,Programming,78,2819,55.035923,LinkedIn Learning,66.05678,4.2982645
856,Course_856,Finance,72,2204,89.78731,LinkedIn Learning,163.16017,3.223053
857,Course_857,Finance,88,2577,76.3979,LinkedIn Learning,42.554897,3.44827
858,Course_858,Data Science,50,622,50.55118,edX,14.448001,3.9770563
859,Course_859,Business,69,4073,78.89448,edX,85.72024,3.199516
860,Course_860,Technology,23,3046,99.02768,edX,156.97191,4.3500543
861,Course_861,Finance,12,2624,84.71041,LinkedIn Learning,46.647434,3.6221848
863,Course_863,Design,38,3185,83.12321,Udemy,170.25343,3.5358665
864,Course_864,AI,76,4895,88.639465,LinkedIn Learning,16.801874,4.1106486
866,Course_866,Business,77,2146,79.081635,Udemy,167.91154,4.5239296
867,Course_867,Finance,93,4503,80.03969,Udemy,79.91976,4.2008443
871,Course_871,Marketing,89,1586,52.104362,Udemy,194.14322,3.5937035
872,Course_872,Data Science,57,138,99.41901,edX,155.75974,3.31531
874,Course_874,Design,42,996,74.82361,LinkedIn Learning,113.75128,4.1536827
875,Course_875,Data Science,29,1005,87.01644,edX,90.06317,4.2431283
876,Course_876,Data Science,50,1775,89.10225,edX,102.71919,3.6696424
877,Course_877,Finance,95,402,90.03483,LinkedIn Learning,17.031368,4.7887716
878,Course_878,Marketing,60,1179,70.657,LinkedIn Learning,126.00823,4.5041013
879,Course_879,Design,79,1007,65.833954,LinkedIn Learning,77.57331,3.9595532
880,Course_880,Finance,84,2365,84.410545,edX,156.93599,3.5195324
881,Course_881,Design,48,4364,85.640724,edX,53.59112,3.787707
882,Course_882,Business,44,1898,50.782177,LinkedIn Learning,172.42503,3.0887096
883,Course_883,Technology,20,3527,85.570816,edX,90.876175,3.977036
884,Course_884,Business,22,1599,91.02296,edX,103.70316,4.1122694
885,Course_885,Marketing,24,2947,53.836315,LinkedIn Learning,58.424603,4.1841297
887,Course_887,Business,82,4760,53.327927,Udemy,109.345276,3.7132533
888,Course_888,Programming,77,4907,81.90143,LinkedIn Learning,127.401855,3.4488568
889,Course_889,Data Science,47,1867,84.24423,edX,103.09625,3.432657
890,Course_890,Finance,19,4375,82.80323,LinkedIn Learning,14.621761,4.707345
891,Course_891,Programming,53,1525,77.85913,Udemy,20.709967,3.0427244
892,Course_892,Programming,20,4289,56.8565,edX,61.448032,3.0015156
893,Course_893,AI,59,276,58.134464,LinkedIn Learning,82.98722,3.394422
894,Course_894,Office Tools,77,2769,84.916115,edX,154.39546,3.4714398
895,Course_895,Design,98,385,51.735527,edX,104.43838,3.7608647
898,Course_898,Business,32,3743,66.96078,edX,90.98939,4.9585013
900,Course_900,Business,44,1776,50.992058,Udemy,148.96423,4.1419773
901,Course_901,Office Tools,59,2085,96.14029,Udemy,70.76338,3.0890083
902,Course_902,Finance,70,3288,83.65751,LinkedIn Learning,28.882362,4.6422834
903,Course_903,Office Tools,69,2096,61.292747,LinkedIn Learning,63.790787,4.8302217
904,Course_904,Design,86,1322,51.788895,Udemy,158.96579,3.756945
905,Course_905,Marketing,72,2651,57.395275,edX,189.2871,3.492226
906,Course_906,Business,12,3550,70.77004,Udemy,157.49284,4.6020837
907,Course_907,Office Tools,60,4102,99.253944,Udemy,186.54665,4.0772367
908,Course_908,Data Science,23,3489,85.73482,Udemy,50.84714,3.2978194
911,Course_911,Marketing,17,2218,51.554413,edX,174.00668,4.6346536
912,Course_912,Design,74,454,57.497723,edX,84.32873,4.8448157
913,Course_913,Programming,22,4591,54.27686,Udemy,80.4421,4.290172
914,Course_914,Programming,47,1839,83.48478,edX,21.685106,3.5957458
915,Course_915,AI,16,1983,82.05273,Udemy,53.54219,3.8287582
916,Course_916,Finance,22,309,53.98696,Udemy,88.06982,4.3708696
917,Course_917,Marketing,34,1933,86.281166,edX,180.62094,4.5130224
919,Course_919,Business,100,1555,69.70484,Udemy,19.363537,3.760273
920,Course_920,Office Tools,53,4904,93.37619,LinkedIn Learning,86.58112,3.8225095
922,Course_922,Business,28,141,56.517845,LinkedIn Learning,119.42456,3.5072603
923,Course_923,Finance,79,699,75.15146,LinkedIn Learning,106.56484,3.294128
924,Course_924,Business,40,4518,75.03561,Udemy,38.162243,4.352847
925,Course_925,Finance,53,4570,80.565506,Udemy,155.44252,3.0477228
926,Course_926,Business,23,4621,76.50806,Udemy,167.83449,4.9368467
928,Course_928,Programming,74,3919,98.031975,Udemy,100.127655,3.1374745
929,Course_929,Technology,38,3203,93.388405,Udemy,58.996464,3.5773695
930,Course_930,Marketing,52,4433,50.657787,Udemy,174.68358,4.257006
932,Course_932,Data Science,67,4952,80.00336,LinkedIn Learning,155.74767,4.6145887
933,Course_933,Finance,58,3110,93.458786,edX,66.8645,4.4083486
934,Course_934,Design,64,3753,74.55994,Udemy,115.651634,4.0901003
935,Course_935,Technology,70,629,50.011776,LinkedIn Learning,113.09357,3.0186222
936,Course_936,Marketing,86,4114,77.05385,LinkedIn Learning,194.5388,3.3949828
937,Course_937,Office Tools,37,1259,76.685005,Udemy,50.99544,4.068342
938,Course_938,Design,62,1407,69.9328,edX,197.21082,4.8039966
942,Course_942,AI,46,3472,85.1684,Udemy,15.015385,4.8239694
943,Course_943,AI,63,4816,58.733704,edX,18.016157,4.3985343
944,Course_944,Data Science,91,232,92.14727,Udemy,171.59155,3.7109008
946,Course_946,Marketing,66,1169,51.87296,LinkedIn Learning,75.999756,4.5595007
947,Course_947,Programming,52,1130,68.90449,edX,171.85265,3.414478
948,Course_948,Office Tools,87,921,82.91307,edX,84.33854,3.8240066
949,Course_949,Business,75,3078,99.43977,Udemy,142.98653,3.2411883
950,Course_950,Business,63,260,96.97214,edX,19.044758,3.7145371
951,Course_951,Programming,29,4003,52.157795,LinkedIn Learning,106.570526,3.4890814
952,Course_952,Business,35,530,84.37129,edX,182.21614,4.7007384
953,Course_953,Programming,51,1459,82.55162,LinkedIn Learning,68.299995,3.3875241
954,Course_954,AI,24,4466,71.72503,LinkedIn Learning,151.9159,4.761173
955,Course_955,Technology,35,1965,75.4145,Udemy,198.46878,4.910587
957,Course_957,Technology,98,2893,70.13573,edX,16.416912,4.0494256
958,Course_958,Finance,73,3746,91.948296,edX,183.47702,4.785162
959,Course_959,Finance,83,4796,92.18853,LinkedIn Learning,163.76112,3.615728
960,Course_960,Office Tools,67,658,61.407944,Udemy,69.20783,4.2736087
961,Course_961,Business,51,611,99.05428,LinkedIn Learning,190.1672,3.464005
962,Course_962,Office Tools,23,1898,63.650856,LinkedIn Learning,145.29964,3.6053917
963,Course_963,Finance,93,463,61.429375,LinkedIn Learning,49.97305,4.204341
964,Course_964,Business,68,249,57.749233,LinkedIn Learning,19.594238,4.7882867
965,Course_965,AI,31,1923,73.5631,edX,162.46802,3.9673386
966,Course_966,Design,23,2374,70.607445,Udemy,69.180504,4.521481
967,Course_967,Office Tools,41,2944,78.65197,edX,10.70989,4.1752744
968,Course_968,Finance,85,3600,63.021584,LinkedIn Learning,11.011734,3.3138733
970,Course_970,Marketing,32,777,69.92113,LinkedIn Learning,90.69232,4.736208
971,Course_971,Marketing,83,242,74.98962,edX,22.552053,4.3877707
972,Course_972,Business,36,639,97.2498,edX,80.09044,4.0519395
973,Course_973,Design,14,818,89.134796,edX,151.66211,4.2722206
974,Course_974,Data Science,40,881,69.476906,Udemy,172.7843,4.676749
975,Course_975,Data Science,78,4115,82.45068,LinkedIn Learning,65.54334,4.368495
978,Course_978,Office Tools,21,712,70.38116,Udemy,52.319637,4.4657474
981,Course_981,Business,23,705,72.82471,LinkedIn Learning,92.93804,3.536229
982,Course_982,Finance,36,3978,92.77947,edX,151.6321,3.2077124
983,Course_983,Business,10,375,69.70836,edX,62.64128,4.8350377
984,Course_984,Finance,66,4999,88.06604,LinkedIn Learning,193.3406,3.7782154
985,Course_985,Technology,59,4257,64.61056,Udemy,102.59215,4.526741
987,Course_987,AI,52,2354,80.14371,LinkedIn Learning,82.72901,3.653016
988,Course_988,Marketing,47,2290,92.628586,LinkedIn Learning,99.866394,3.1554804
989,Course_989,Data Science,55,1334,88.26944,Udemy,120.37346,3.1280816
990,Course_990,Finance,44,4008,52.605835,Udemy,79.495865,4.682043
991,Course_991,Marketing,18,3421,84.12522,LinkedIn Learning,15.913823,3.2051086
992,Course_992,Office Tools,54,1652,89.030876,Udemy,137.94844,3.7824013
993,Course_993,Office Tools,92,4670,53.59312,LinkedIn Learning,61.2808,4.9610615
995,Course_995,Technology,80,2709,88.80594,Udemy,23.549719,3.4411597
996,Course_996,Finance,23,3564,98.28702,edX,110.26183,4.3996162
997,Course_997,Finance,96,342,80.18326,Udemy,71.01742,3.6441946
999,Course_999,Business,43,3447,80.34894,Udemy,177.85078,3.8818746
1000,Course_1000,AI,60,346,60.81834,edX,150.57167,3.2299187
1001,Course_1001,Data Science,80,3209,89.34706,LinkedIn Learning,27.568874,4.0605884
1002,Course_1002,Marketing,48,4371,96.05923,Udemy,17.849503,3.2664795
1003,Course_1003,Finance,41,2802,67.53746,edX,156.34125,3.675361
1004,Course_1004,Data Science,46,3952,87.92385,edX,98.97073,3.5899782
1005,Course_1005,Data Science,55,568,55.812603,LinkedIn Learning,65.00427,3.6722295
1007,Course_1007,Finance,37,1705,80.235306,LinkedIn Learning,11.0189705,4.361805
1008,Course_1008,Design,63,494,62.291855,Udemy,124.66408,3.1951017
1009,Course_1009,Office Tools,89,1570,67.34634,edX,84.84864,4.9712396
1011,Course_1011,Marketing,50,3240,64.860016,Udemy,137.48605,3.5268826
1012,Course_1012,Programming,31,2586,63.574104,edX,140.0382,3.5554614
1013,Course_1013,Finance,34,355,54.129868,LinkedIn Learning,82.03119,4.493095
1014,Course_1014,Technology,12,4428,92.178764,edX,92.97159,3.8931882
1015,Course_1015,Technology,53,2732,77.89167,Udemy,170.73537,4.618842
1016,Course_1016,Finance,66,4789,77.20032,Udemy,107.94306,4.4187346
1017,Course_1017,Business,67,3353,91.10861,Udemy,90.1917,4.3355255
1018,Course_1018,Programming,26,2497,80.80723,Udemy,94.75942,3.0574095
1019,Course_1019,Technology,86,3095,93.81523,LinkedIn Learning,190.31616,3.6049423
1020,Course_1020,Marketing,51,1739,74.61533,edX,78.56925,3.4412553
1021,Course_1021,Office Tools,53,1793,52.38593,edX,52.668064,4.8309436
1022,Course_1022,Programming,58,2772,85.16066,Udemy,155.641,3.200378
1023,Course_1023,Office Tools,84,1587,60.78157,Udemy,20.977562,4.384543
1024,Course_1024,AI,15,3593,67.4779,edX,158.70192,4.7864575
1025,Course_1025,Finance,37,1573,94.93846,LinkedIn Learning,16.787483,3.798008
1026,Course_1026,Office Tools,19,465,61.3456,Udemy,189.92723,3.0279877
1027,Course_1027,Finance,65,4400,53.155453,Udemy,37.40456,4.1484246
1028,Course_1028,Office Tools,10,2631,53.40421,edX,180.20065,4.0904884
1029,Course_1029,Office Tools,31,3046,54.765697,LinkedIn Learning,22.216085,4.4015384
1030,Course_1030,AI,40,4565,86.74505,LinkedIn Learning,10.313385,4.057184
1032,Course_1032,Data Science,65,4980,80.397224,LinkedIn Learning,181.50317,4.7746468
1033,Course_1033,Design,53,2200,95.52927,Udemy,69.10398,4.4248977
1034,Course_1034,Business,27,4433,84.067314,Udemy,99.64685,3.0934556
1035,Course_1035,Finance,63,474,94.08777,Udemy,180.66396,4.200225
1036,Course_1036,Programming,67,2063,73.230095,LinkedIn Learning,187.49333,4.90754
1038,Course_1038,Finance,33,2414,82.97973,edX,12.897596,3.5557227
1039,Course_1039,Design,29,3098,51.08585,LinkedIn Learning,88.76799,4.0115705
1040,Course_1040,AI,41,2369,55.20287,LinkedIn Learning,55.03803,3.5779786
1041,Course_1041,Marketing,23,1819,59.58171,Udemy,73.65393,3.8081832
1042,Course_1042,Design,90,294,69.296906,edX,30.436441,3.8523657
1043,Course_1043,Finance,57,2678,85.323006,LinkedIn Learning,120.94667,3.55868
1044,Course_1044,Finance,19,3764,56.780697,edX,170.0444,4.366342
1045,Course_1045,Programming,56,1006,88.38281,LinkedIn Learning,62.703876,3.9190001
1047,Course_1047,Technology,22,214,66.61662,LinkedIn Learning,116.25534,4.9905753
1048,Course_1048,Office Tools,39,3809,86.377,Udemy,169.71886,4.1116652
1049,Course_1049,Office Tools,73,3142,94.713806,edX,66.9008,4.843487
1050,Course_1050,AI,50,2688,87.68391,edX,41.865505,3.1665757
1051,Course_1051,Office Tools,32,1482,73.035095,edX,100.92708,3.0077152
1053,Course_1053,Data Science,23,4055,57.441242,LinkedIn Learning,97.66551,3.870404
1055,Course_1055,Office Tools,58,2312,61.051296,edX,30.287975,4.004838
1057,Course_1057,Programming,99,2335,61.941315,edX,189.05441,4.7016964
1058,Course_1058,Programming,17,3228,79.41061,LinkedIn Learning,38.536884,4.86529
1059,Course_1059,Design,49,4373,55.94954,edX,15.526462,4.4282684
1060,Course_1060,Business,42,1632,52.928387,Udemy,121.976494,3.7355487
1061,Course_1061,Data Science,78,359,99.30332,Udemy,10.307683,4.8099575
1062,Course_1062,Technology,74,1876,85.16535,Udemy,87.132904,4.2338185
1063,Course_1063,Design,100,4596,58.07825,edX,106.25747,3.019838
1065,Course_1065,Technology,24,4979,60.586933,Udemy,110.19743,4.1529984
1066,Course_1066,Data Science,39,4984,55.493088,edX,63.79767,4.3813906
1069,Course_1069,Marketing,10,1956,51.564224,Udemy,86.13237,3.4655914
1070,Course_1070,Data Science,11,1323,57.483433,LinkedIn Learning,11.823848,3.1352868
1071,Course_1071,Data Science,12,4650,92.10211,Udemy,107.747,3.663179
1072,Course_1072,Data Science,89,1645,87.54094,LinkedIn Learning,195.4779,3.3620732
1073,Course_1073,Business,13,2407,82.30497,edX,157.55997,4.4467525
1074,Course_1074,Programming,10,554,83.06201,Udemy,51.361027,4.9082546
1075,Course_1075,Design,60,2241,89.343376,LinkedIn Learning,144.45076,4.47438
1077,Course_1077,Programming,60,2853,66.470726,LinkedIn Learning,51.528233,3.5696788
1078,Course_1078,Marketing,46,4857,76.68602,LinkedIn Learning,50.650673,4.252705
1079,Course_1079,Design,64,1062,61.29687,LinkedIn Learning,143.58855,3.975148
1080,Course_1080,Marketing,31,3665,55.680565,Udemy,153.46677,3.9640062
1081,Course_1081,Marketing,39,4980,50.034306,Udemy,184.41423,4.829051
1082,Course_1082,Business,45,3135,89.6468,LinkedIn Learning,171.42787,3.0908973
1083,Course_1083,Finance,35,4644,73.457596,Udemy,37.093643,4.825072
1084,Course_1084,Data Science,85,3661,55.298573,Udemy,147.2809,3.2383502
1085,Course_1085,Office Tools,46,4270,97.64319,LinkedIn Learning,164.4205,3.5315728
1086,Course_1086,AI,86,3006,63.94813,LinkedIn Learning,41.112125,3.6316447
1087,Course_1087,Technology,93,2913,83.68253,LinkedIn Learning,38.708588,3.281764
1088,Course_1088,Office Tools,56,4216,66.534546,Udemy,116.257965,3.0454018
1089,Course_1089,Data Science,71,4065,85.45559,LinkedIn Learning,131.8808,3.4932897
1093,Course_1093,Business,52,446,69.00261,Udemy,127.71483,4.7315216
1094,Course_1094,Technology,38,1435,83.713104,Udemy,180.91463,4.443127
1095,Course_1095,Office Tools,86,4386,67.28325,edX,93.336136,4.795735
1096,Course_1096,Marketing,61,2712,99.34315,LinkedIn Learning,61.175873,3.3398745
1097,Course_1097,Design,95,3978,60.173355,LinkedIn Learning,175.16647,3.1338916
1100,Course_1100,Finance,23,1226,91.48308,Udemy,118.30107,3.5233374
1101,Course_1101,Office Tools,69,4309,56.22388,Udemy,199.6997,4.2643137
1102,Course_1102,Technology,21,2910,69.34496,LinkedIn Learning,117.34668,4.7887154
1103,Course_1103,Marketing,17,183,93.833496,LinkedIn Learning,16.619156,4.6248217
1104,Course_1104,Marketing,19,3561,88.14089,LinkedIn Learning,111.80825,4.4704475
1105,Course_1105,Technology,60,387,67.543335,Udemy,190.5239,3.988682
1106,Course_1106,Finance,41,1796,69.43524,edX,27.686947,3.2137368
1107,Course_1107,Design,50,420,75.848526,Udemy,137.32213,3.2287433
1108,Course_1108,Office Tools,18,2350,75.38718,Udemy,56.176693,3.1663203
1109,Course_1109,Business,53,1292,55.09668,LinkedIn Learning,28.302528,4.1543517
1110,Course_1110,Programming,60,1451,68.3631,Udemy,43.42105,3.019887
1111,Course_1111,Programming,45,2987,60.26325,LinkedIn Learning,138.94716,3.4627597
1112,Course_1112,Office Tools,76,3559,71.06859,LinkedIn Learning,107.998985,3.7355485
1113,Course_1113,Business,31,4435,54.44155,edX,116.33797,3.407393
1114,Course_1114,Data Science,36,1016,73.47403,Udemy,114.43924,4.3609014
1116,Course_1116,Programming,47,4042,94.11571,Udemy,169.44044,3.3561888
1119,Course_1119,Office Tools,31,2054,59.036415,Udemy,67.22398,4.3196282
1120,Course_1120,Marketing,58,3715,95.64348,edX,77.33731,3.287678
1121,Course_1121,Programming,96,2663,62.40372,LinkedIn Learning,82.059616,4.121695
1122,Course_1122,Office Tools,66,1628,95.65353,Udemy,150.37886,3.7251408
1123,Course_1123,Marketing,83,2442,67.052216,LinkedIn Learning,14.661489,4.4370723
1125,Course_1125,Design,22,4102,94.42476,LinkedIn Learning,90.82728,4.662906
1126,Course_1126,Data Science,93,3561,59.5739,LinkedIn Learning,147.2928,3.5970476
1127,Course_1127,Programming,68,1686,90.498436,LinkedIn Learning,65.47809,3.4442363
1128,Course_1128,Design,51,1111,65.53072,LinkedIn Learning,123.16069,3.2239676
1129,Course_1129,Technology,56,866,79.983925,edX,85.53335,4.457735
1131,Course_1131,Finance,69,4936,91.92561,Udemy,80.48839,3.7079492
1132,Course_1132,Programming,94,175,67.45211,LinkedIn Learning,36.253143,3.9204001
1133,Course_1133,Office Tools,26,2631,72.496994,Udemy,197.55484,4.026702
1134,Course_1134,Technology,26,4917,68.450386,edX,149.26024,3.6042752
1135,Course_1135,AI,21,3937,60.98922,edX,190.0293,4.288065
1137,Course_1137,Business,59,529,66.31671,Udemy,87.2982,4.7606993
1138,Course_1138,Marketing,94,3221,75.56402,Udemy,175.92807,4.120129
1139,Course_1139,AI,100,2375,79.42151,edX,56.874077,4.3613625
1140,Course_1140,Programming,54,1587,99.69525,Udemy,89.67609,4.0231977
1141,Course_1141,Design,36,4938,64.62067,Udemy,145.95091,3.0878992
1142,Course_1142,Design,77,4154,98.66795,LinkedIn Learning,197.69446,4.7974916
1144,Course_1144,Design,46,1949,70.16114,edX,81.85598,4.9817243
1145,Course_1145,Marketing,76,1223,99.98502,Udemy,61.22734,4.8562655
1148,Course_1148,Data Science,70,2931,81.72386,Udemy,124.8881,4.460382
1149,Course_1149,Office Tools,35,249,69.53497,Udemy,60.443306,3.241989
1151,Course_1151,Office Tools,41,2453,75.38228,LinkedIn Learning,158.47684,4.2499266
1154,Course_1154,Technology,45,4051,85.2804,edX,21.621544,4.597229
1155,Course_1155,Office Tools,30,609,59.624943,Udemy,71.52594,3.899095
1157,Course_1157,Design,79,3977,77.27031,Udemy,98.91581,3.0090668
1158,Course_1158,Office Tools,65,304,77.1601,LinkedIn Learning,122.84555,4.4216537
1159,Course_1159,Programming,39,2842,86.54229,edX,30.109476,3.16121
1160,Course_1160,Data Science,40,625,64.09312,edX,178.37991,3.087854
1161,Course_1161,Programming,97,2946,80.179985,LinkedIn Learning,190.59428,3.8312159
1162,Course_1162,Marketing,78,2474,80.66754,Udemy,198.4748,4.83379
1163,Course_1163,Marketing,24,2186,92.45356,LinkedIn Learning,41.608418,4.152384
1164,Course_1164,Office Tools,38,1048,79.46412,edX,176.06587,4.145586
1165,Course_1165,Programming,53,808,86.04105,Udemy,90.24006,3.7023456
1166,Course_1166,Design,58,464,89.8216,Udemy,137.97356,4.9462314
1167,Course_1167,Office Tools,46,4908,50.26996,Udemy,15.807232,4.014161
1168,Course_1168,Finance,36,2535,65.67609,LinkedIn Learning,112.72158,3.528008
1170,Course_1170,Marketing,90,4456,86.54754,edX,137.00806,4.517841
1171,Course_1171,Finance,99,4019,59.804844,Udemy,85.81568,4.0321283
1172,Course_1172,Marketing,27,2682,62.21513,LinkedIn Learning,95.432495,4.6374164
1174,Course_1174,Business,97,3911,98.96375,LinkedIn Learning,78.211105,3.2722194
1175,Course_1175,Design,92,3089,87.228966,Udemy,68.81156,4.689477
1176,Course_1176,Technology,59,1573,71.597046,Udemy,118.299706,3.1961758
1177,Course_1177,Finance,43,2028,77.488106,edX,12.216098,3.4011402
1178,Course_1178,Business,56,199,90.9419,Udemy,149.71017,3.073204
1179,Course_1179,Business,17,2086,63.413742,Udemy,26.349949,4.656068
1181,Course_1181,Marketing,27,3438,85.1065,Udemy,25.53466,3.70837
1182,Course_1182,Business,27,1871,73.94471,LinkedIn Learning,88.5927,4.2945805
1183,Course_1183,Programming,17,4184,79.73964,edX,34.68787,4.2015376
1184,Course_1184,Data Science,41,595,96.7179,edX,77.98102,4.324707
1186,Course_1186,Marketing,58,3513,78.07414,edX,82.848564,3.0318422
1187,Course_1187,Design,35,3024,50.594604,Udemy,149.31297,4.0789766
1188,Course_1188,Finance,56,3789,96.8901,Udemy,174.09825,4.4304786
1189,Course_1189,Marketing,14,2012,98.42037,LinkedIn Learning,146.33919,4.1042256
1190,Course_1190,Design,27,448,76.6951,LinkedIn Learning,98.79765,4.9736667
1191,Course_1191,AI,19,3887,95.09968,Udemy,16.884281,4.156447
1193,Course_1193,Technology,82,3550,99.9637,edX,135.9101,3.944583
1195,Course_1195,Office Tools,69,712,64.508286,Udemy,11.682688,3.6744688
1197,Course_1197,Business,64,4007,59.576397,edX,177.35709,4.1459174
1200,Course_1200,Design,77,756,97.02493,edX,89.987274,4.9304833
1201,Course_1201,Office Tools,32,2097,77.223885,Udemy,121.75064,3.6181438
1202,Course_1202,Technology,40,1288,55.814915,Udemy,101.340576,3.5844233
1204,Course_1204,Design,78,3010,77.619026,LinkedIn Learning,125.99591,4.7501087
1206,Course_1206,Office Tools,65,408,56.65411,LinkedIn Learning,131.30202,3.885591
1207,Course_1207,AI,69,174,83.7569,edX,133.41026,4.320228
1208,Course_1208,Data Science,51,2703,67.16351,LinkedIn Learning,63.371506,3.0477774
1209,Course_1209,Data Science,31,1677,52.62383,edX,189.20317,4.0086045
1210,Course_1210,Marketing,10,590,77.17489,LinkedIn Learning,121.891975,4.977008
1212,Course_1212,Finance,69,1424,54.879776,LinkedIn Learning,106.28776,3.9205499
1213,Course_1213,Data Science,52,3503,78.85219,Udemy,176.07315,3.003002
1214,Course_1214,Marketing,16,4868,57.411552,Udemy,144.25844,4.815383
1215,Course_1215,Programming,67,1608,91.48976,LinkedIn Learning,94.95788,4.33215
1216,Course_1216,AI,31,2975,63.862522,edX,124.07283,3.676376
1217,Course_1217,Business,33,3787,67.8173,Udemy,107.58042,4.075192
1218,Course_1218,Programming,77,3382,97.75728,edX,170.93857,3.224589
1219,Course_1219,Marketing,51,2672,73.63809,LinkedIn Learning,15.952026,4.5425367
1220,Course_1220,Marketing,99,3944,52.25552,Udemy,162.32112,3.3340774
1222,Course_1222,Marketing,72,2259,62.19128,edX,10.23362,4.8538527
1223,Course_1223,Marketing,94,1374,68.44061,edX,23.201921,3.3902767
1224,Course_1224,Data Science,74,964,64.659584,LinkedIn Learning,68.11156,3.5689738
1227,Course_1227,Marketing,31,498,84.35471,edX,165.54404,3.497882
1228,Course_1228,Business,41,658,84.08327,Udemy,102.18527,4.1283627
1229,Course_1229,Finance,69,2096,97.837814,LinkedIn Learning,191.31374,4.4342155
1230,Course_1230,AI,73,103,70.01195,Udemy,118.74712,3.8311484
1231,Course_1231,Programming,43,934,93.773155,edX,121.69371,4.334167
1232,Course_1232,Programming,52,1073,70.43323,Udemy,79.4515,4.319877
1233,Course_1233,Office Tools,34,2423,64.76572,edX,97.09967,4.473684
1234,Course_1234,Data Science,25,4211,68.8744,Udemy,128.45253,3.4359994
1235,Course_1235,Technology,86,4501,50.89692,edX,65.143684,4.2593827
1236,Course_1236,Office Tools,55,3794,97.02953,LinkedIn Learning,85.613884,4.844103
1237,Course_1237,Office Tools,94,3408,73.08587,LinkedIn Learning,175.56512,4.933794
1238,Course_1238,Marketing,11,3590,74.19798,LinkedIn Learning,78.89569,3.3690352
1239,Course_1239,Data Science,74,3681,53.642914,Udemy,177.29848,3.8933942
1240,Course_1240,Marketing,27,2750,71.43306,Udemy,138.8567,4.523556
1242,Course_1242,AI,50,1186,84.165596,LinkedIn Learning,40.00155,3.3249211
1243,Course_1243,Design,65,3886,58.615475,LinkedIn Learning,23.154997,3.356973
1244,Course_1244,Programming,66,4531,58.502926,LinkedIn Learning,72.44272,4.553836
1245,Course_1245,AI,65,3488,97.310425,edX,50.7856,3.2032576
1246,Course_1246,Office Tools,86,2511,75.3333,edX,59.04929,4.188978
1247,Course_1247,Office Tools,35,3690,91.2657,LinkedIn Learning,124.98972,3.863864
1250,Course_1250,Marketing,27,1444,57.713512,edX,146.87367,4.1773295
1251,Course_1251,Technology,76,1047,94.909805,Udemy,43.73116,3.5801156
1252,Course_1252,Programming,17,4652,84.65656,Udemy,114.54862,3.687089
1253,Course_1253,Data Science,87,2576,75.8041,LinkedIn Learning,11.910371,3.2843251
1255,Course_1255,Programming,65,1661,64.803734,Udemy,128.9671,3.5922203
1256,Course_1256,Marketing,58,1813,96.84062,LinkedIn Learning,19.694801,3.3330884
1258,Course_1258,Data Science,85,214,58.56211,LinkedIn Learning,47.33975,4.249205
1259,Course_1259,Data Science,28,3375,81.818794,Udemy,134.22868,4.974399
1260,Course_1260,Design,12,2603,97.424866,edX,131.11147,4.352641
1261,Course_1261,Business,55,4711,94.23377,edX,121.999596,3.8891056
1263,Course_1263,Programming,19,4680,52.245754,edX,165.3631,3.7767446
1264,Course_1264,Marketing,16,1306,75.412186,edX,106.67884,3.4951572
1265,Course_1265,Office Tools,40,1351,90.06646,LinkedIn Learning,115.73287,3.4186733
1266,Course_1266,Data Science,43,3563,87.16168,edX,76.17857,4.392272
1267,Course_1267,Design,65,2709,68.25153,LinkedIn Learning,18.749626,3.8313637
1268,Course_1268,Finance,41,4578,62.308628,LinkedIn Learning,192.70532,4.94824
1269,Course_1269,Data Science,22,3666,76.89409,edX,50.15046,4.393495
1270,Course_1270,AI,48,4720,68.96666,LinkedIn Learning,129.32106,3.7897213
1272,Course_1272,Business,82,2464,86.12414,edX,121.08231,3.6963072
1273,Course_1273,Finance,90,2541,72.51427,LinkedIn Learning,170.71254,4.573544
1274,Course_1274,Business,25,406,51.5648,edX,151.18149,4.799784
1275,Course_1275,Business,57,827,85.61247,LinkedIn Learning,125.713875,3.497919
1276,Course_1276,Technology,49,3082,64.252846,Udemy,69.84056,4.176152
1277,Course_1277,Technology,78,1407,83.49988,Udemy,185.67426,3.273928
1278,Course_1278,Business,82,4939,99.93774,edX,13.192881,4.5628657
1279,Course_1279,Programming,81,705,55.574482,LinkedIn Learning,179.80893,3.8968487
1280,Course_1280,Design,46,2888,75.1587,Udemy,172.4297,3.9273784
1283,Course_1283,Design,42,470,72.04359,Udemy,101.82321,3.9054117
1284,Course_1284,Programming,96,2851,82.27844,Udemy,65.52735,3.2004983
1285,Course_1285,Office Tools,25,1457,90.61393,edX,21.634542,4.480558
1286,Course_1286,Programming,84,2972,53.102848,LinkedIn Learning,166.36836,4.7563252
1288,Course_1288,Finance,37,4099,95.04892,edX,26.97703,3.784439
1289,Course_1289,Programming,60,322,84.31319,LinkedIn Learning,149.4857,4.9477577
1290,Course_1290,Marketing,34,4951,52.04342,edX,147.70508,3.394127
1291,Course_1291,Design,34,4622,87.818825,LinkedIn Learning,186.65552,3.2491097
1292,Course_1292,Programming,52,4130,95.188896,edX,36.73459,4.0886054
1294,Course_1294,Marketing,14,350,56.461514,Udemy,105.65672,4.118582
1295,Course_1295,AI,34,1996,81.483246,LinkedIn Learning,118.59559,4.9437466
1296,Course_1296,Office Tools,67,1881,60.399174,LinkedIn Learning,167.06796,4.7658963
1298,Course_1298,Business,95,1513,91.83782,edX,195.29347,3.3076708
1299,Course_1299,Design,65,2067,64.55396,edX,110.987686,3.2235713
1300,Course_1300,Technology,71,2759,97.41391,Udemy,18.605618,4.2184696
1303,Course_1303,Business,81,2167,82.66923,Udemy,64.231125,3.9813194
1304,Course_1304,Marketing,84,3655,66.89606,LinkedIn Learning,74.68997,3.7298343
1305,Course_1305,Finance,49,995,52.84844,edX,159.93047,3.129859
1306,Course_1306,Business,46,4683,86.86965,LinkedIn Learning,17.53722,4.9594975
1308,Course_1308,Finance,96,2542,96.693184,Udemy,82.65696,3.7180521
1309,Course_1309,Programming,46,2531,69.771965,edX,63.060303,4.6369686
1310,Course_1310,Data Science,21,1043,57.226578,edX,39.404682,3.9262564
1311,Course_1311,Office Tools,57,1454,74.10129,edX,192.02942,4.6921005
1312,Course_1312,Data Science,45,253,87.84805,edX,170.95845,4.491356
1313,Course_1313,Office Tools,79,4727,67.929924,Udemy,155.93367,4.4999576
1314,Course_1314,Office Tools,100,2123,95.31671,edX,142.08743,4.281128
1315,Course_1315,Design,40,2982,55.16404,LinkedIn Learning,95.76863,4.529613
1316,Course_1316,Design,92,4238,97.62066,Udemy,55.726646,4.6110077
1317,Course_1317,Office Tools,82,2613,71.39411,Udemy,31.39043,4.3085527
1320,Course_1320,Technology,23,2551,84.29433,LinkedIn Learning,46.64286,4.429667
1321,Course_1321,AI,81,4199,96.18498,Udemy,13.062691,3.5531805
1322,Course_1322,Business,33,840,91.942986,edX,98.505516,3.4219017
1323,Course_1323,Marketing,14,4337,55.209503,LinkedIn Learning,150.6857,3.851617
1324,Course_1324,Technology,21,2474,75.469536,edX,11.692517,3.6720881
1325,Course_1325,Design,97,3228,81.87539,Udemy,62.19789,3.4685533
1326,Course_1326,Marketing,60,1800,85.365814,Udemy,59.017582,3.208797
1327,Course_1327,Programming,74,3951,93.66934,edX,28.10513,3.339749
1328,Course_1328,AI,35,3136,74.92212,Udemy,100.596855,4.4246297
1329,Course_1329,Programming,23,3725,52.317375,Udemy,88.06635,4.4474754
1330,Course_1330,Marketing,55,4164,62.451775,LinkedIn Learning,49.776318,4.80486
1331,Course_1331,Office Tools,24,821,85.139656,LinkedIn Learning,166.86319,4.738279
1332,Course_1332,Programming,19,185,67.99476,LinkedIn Learning,14.298649,3.5869472
1333,Course_1333,AI,92,2476,84.03378,LinkedIn Learning,103.67773,4.042951
1335,Course_1335,Design,35,4863,69.464035,Udemy,73.318375,4.0801015
1336,Course_1336,Data Science,77,1208,57.002525,LinkedIn Learning,161.07465,3.856627
1337,Course_1337,Business,24,4455,89.39728,Udemy,164.31313,4.59381
1338,Course_1338,Design,73,892,68.3239,Udemy,40.973404,4.750737
1340,Course_1340,Business,82,4824,90.27279,Udemy,26.141054,3.241761
1341,Course_1341,Business,93,1409,91.38063,Udemy,138.94937,3.1124508
1342,Course_1342,Programming,47,3727,69.14153,LinkedIn Learning,73.08276,4.2738147
1343,Course_1343,Marketing,98,1324,92.438614,edX,125.001015,4.849229
1344,Course_1344,Business,56,711,77.69413,edX,172.55418,3.4053895
1345,Course_1345,Business,56,2050,92.00726,Udemy,133.59886,4.8013988
1346,Course_1346,Design,26,1626,57.05061,edX,161.09804,3.8520112
1347,Course_1347,Design,92,2878,95.82346,Udemy,97.05615,4.288323
1348,Course_1348,Data Science,27,609,97.33725,LinkedIn Learning,52.339916,3.4635727
1349,Course_1349,Office Tools,40,2308,50.811794,edX,176.89014,4.5870166
1350,Course_1350,Programming,88,720,64.75836,LinkedIn Learning,161.62488,3.570698
1351,Course_1351,Design,19,495,79.25482,LinkedIn Learning,48.42092,3.8968866
1353,Course_1353,Programming,53,1130,98.97627,edX,33.919994,4.318924
1354,Course_1354,Technology,98,4123,88.82666,edX,44.673416,4.6863804
1355,Course_1355,AI,36,3196,51.546593,LinkedIn Learning,150.20729,4.7285624
1356,Course_1356,Marketing,37,1661,83.07733,Udemy,71.56867,4.3751893
1357,Course_1357,Finance,26,1652,83.68248,edX,36.39109,3.4251056
1358,Course_1358,Technology,35,3427,69.47038,LinkedIn Learning,56.556427,3.926954
1359,Course_1359,Business,83,3896,81.528145,Udemy,84.65704,3.280062
1362,Course_1362,Finance,45,4828,51.495018,Udemy,41.15972,3.550365
1363,Course_1363,AI,27,561,88.229965,edX,20.470592,3.7167587
1364,Course_1364,Finance,52,499,65.37028,Udemy,25.223072,4.3864746
1366,Course_1366,Office Tools,54,4294,78.158394,edX,151.44096,4.7949433
1369,Course_1369,Office Tools,89,2378,55.11123,Udemy,35.176357,3.5288112
1370,Course_1370,Programming,59,1701,79.43919,Udemy,121.8198,4.913001
1371,Course_1371,Finance,44,1164,85.777016,LinkedIn Learning,16.891699,3.646637
1372,Course_1372,Marketing,59,152,57.24278,Udemy,68.094734,4.210702
1373,Course_1373,Data Science,78,1150,54.67199,edX,35.284424,3.9895709
1374,Course_1374,Office Tools,23,613,57.89748,LinkedIn Learning,147.6086,3.870941
1375,Course_1375,Data Science,68,2460,89.36531,LinkedIn Learning,175.252,3.053372
1376,Course_1376,AI,56,2532,68.48664,LinkedIn Learning,105.51506,3.9814289
1377,Course_1377,Business,32,1978,67.28764,Udemy,167.59912,3.0426624
1378,Course_1378,Programming,10,790,62.176632,Udemy,140.60994,3.675711
1382,Course_1382,Business,56,4220,52.76346,Udemy,153.78954,3.6960602
1384,Course_1384,Business,53,2670,72.36262,edX,175.5751,4.7433105
1385,Course_1385,Technology,57,4740,87.180786,edX,41.97469,3.7763286
1386,Course_1386,Office Tools,89,3752,50.36383,edX,150.53333,3.6535485
1387,Course_1387,Design,24,4945,87.761246,edX,195.6753,4.235351
1388,Course_1388,Finance,42,2249,67.109276,LinkedIn Learning,10.662876,4.2396603
1389,Course_1389,Programming,62,1724,53.27167,Udemy,85.12241,3.521184
1390,Course_1390,AI,98,542,83.79878,LinkedIn Learning,176.85289,3.3448055
1391,Course_1391,AI,58,2028,87.538055,Udemy,131.55376,4.72956
1392,Course_1392,Business,100,4487,50.956753,LinkedIn Learning,161.6479,4.5955462
1394,Course_1394,Business,44,1247,70.025635,Udemy,44.912025,3.2362201
1395,Course_1395,Design,65,1313,74.96394,edX,74.71739,4.1617785
1396,Course_1396,AI,15,2860,91.89033,Udemy,194.67699,4.05368
1397,Course_1397,Data Science,83,2420,55.785614,LinkedIn Learning,165.87741,4.1403255
1398,Course_1398,Programming,14,103,58.59115,edX,164.58873,3.67025
1399,Course_1399,Office Tools,80,243,78.12902,LinkedIn Learning,12.129843,3.532935
1400,Course_1400,Marketing,87,3946,60.440887,Udemy,178.25162,3.8464065
1401,Course_1401,Programming,59,4588,70.97724,Udemy,184.84167,4.9739842
1402,Course_1402,AI,56,3281,98.31112,LinkedIn Learning,105.21261,3.6547344
1403,Course_1403,Data Science,99,3445,55.620396,Udemy,136.62558,4.0783324
1405,Course_1405,Business,34,1185,97.426186,Udemy,106.14784,4.9832926
1406,Course_1406,Technology,48,3805,94.462746,Udemy,18.800947,4.475769
1410,Course_1410,Design,18,2316,97.18127,Udemy,93.917206,4.696955
1411,Course_1411,Office Tools,49,1919,87.307785,edX,77.38959,4.729717
1413,Course_1413,Programming,13,967,71.64273,edX,175.9608,3.9932725
1414,Course_1414,Data Science,14,4703,57.919662,LinkedIn Learning,84.52919,4.2763805
1415,Course_1415,Office Tools,84,4643,68.37618,LinkedIn Learning,142.27759,3.946023
1416,Course_1416,Technology,32,203,67.307816,edX,162.79402,4.2003865
1417,Course_1417,Technology,48,1741,75.961784,LinkedIn Learning,139.35812,4.659089
1419,Course_1419,Data Science,84,4637,94.63267,Udemy,30.39765,4.7425766
1420,Course_1420,Office Tools,82,2295,82.071045,edX,11.013973,3.0452373
1421,Course_1421,Design,72,3171,85.39189,edX,48.696037,4.482545
1422,Course_1422,Finance,84,4634,92.934975,Udemy,76.38936,3.121958
1423,Course_1423,Data Science,20,3072,65.81301,Udemy,111.21972,4.921636
1426,Course_1426,Finance,31,1112,95.52701,edX,103.70081,4.2314086
1427,Course_1427,Marketing,10,2144,67.907974,LinkedIn Learning,120.16692,4.7695317
1428,Course_1428,Design,42,2394,71.42209,Udemy,165.51033,3.8492436
1429,Course_1429,AI,69,2169,87.87431,Udemy,185.5968,3.3725598
1430,Course_1430,Finance,48,1382,93.33261,LinkedIn Learning,63.329575,3.170682
1431,Course_1431,Finance,23,2309,93.270546,edX,199.60289,4.0271716
1432,Course_1432,Data Science,30,4670,62.90324,edX,100.26528,4.799373
1433,Course_1433,Business,92,736,86.83996,edX,123.77659,4.3710933
1437,Course_1437,Marketing,54,311,78.733795,Udemy,186.22676,4.268267
1438,Course_1438,Finance,44,3514,50.425556,edX,144.62733,3.8014019
1439,Course_1439,Data Science,38,1160,56.73576,edX,145.87506,4.877111
1441,Course_1441,Marketing,85,1749,85.04982,LinkedIn Learning,74.29377,4.0222397
1442,Course_1442,Programming,53,691,99.78614,LinkedIn Learning,114.827126,4.6754766
1443,Course_1443,Programming,11,640,69.23539,Udemy,20.625227,3.904198
1444,Course_1444,Data Science,62,1783,83.38675,edX,131.42729,3.838355
1445,Course_1445,AI,41,4538,51.46174,LinkedIn Learning,63.85263,3.7950861
1446,Course_1446,Data Science,51,1029,63.084023,LinkedIn Learning,114.57777,3.1137996
1447,Course_1447,Marketing,91,917,88.756485,LinkedIn Learning,110.26487,4.933653
1448,Course_1448,Marketing,60,1367,93.24192,LinkedIn Learning,83.64622,4.0104938
1449,Course_1449,Programming,34,3676,93.045494,Udemy,13.756809,3.1318386
1450,Course_1450,AI,95,3050,95.69598,edX,102.38413,4.078342
1451,Course_1451,Design,68,349,70.3445,Udemy,149.31233,3.457834
1452,Course_1452,Data Science,78,1433,66.26828,edX,85.20897,4.7131624
1454,Course_1454,Business,28,278,83.50824,LinkedIn Learning,102.2319,4.7935224
1455,Course_1455,Design,78,4054,62.70744,Udemy,113.94221,4.392979
1456,Course_1456,Marketing,63,3273,78.17784,LinkedIn Learning,87.06567,4.314327
1458,Course_1458,Marketing,92,3785,78.75356,LinkedIn Learning,95.17324,3.9495955
1459,Course_1459,Office Tools,48,2172,69.3992,Udemy,192.15605,4.0025268
1460,Course_1460,Marketing,28,1215,72.789604,Udemy,127.0495,4.1079865
1461,Course_1461,Design,39,4253,58.888554,Udemy,119.82926,4.358428
1464,Course_1464,AI,12,2530,63.83669,Udemy,117.65691,3.0504222
1465,Course_1465,Office Tools,41,4025,59.0093,Udemy,143.65575,4.401271
1466,Course_1466,Data Science,98,1891,56.180893,edX,87.18493,4.5918875
1467,Course_1467,Design,75,273,58.75098,edX,110.52926,4.634672
1468,Course_1468,Business,31,647,68.59255,Udemy,66.04219,4.4571204
1470,Course_1470,Technology,67,4751,64.54784,LinkedIn Learning,171.43318,3.4715042
1471,Course_1471,Programming,90,1589,78.8331,LinkedIn Learning,50.71972,3.4629593
1472,Course_1472,Office Tools,58,1604,84.13411,LinkedIn Learning,62.920307,3.1219964
1474,Course_1474,Office Tools,39,4239,75.74652,Udemy,22.538412,4.2980866
1475,Course_1475,Office Tools,22,1749,89.4304,edX,183.97832,3.5905154
1476,Course_1476,Design,14,579,75.63595,edX,70.58431,4.2081065
1477,Course_1477,Finance,99,4713,58.35888,LinkedIn Learning,60.14459,4.2988396
1478,Course_1478,Business,80,3165,56.01268,LinkedIn Learning,173.3829,4.3416657
1479,Course_1479,Finance,67,1417,88.76138,edX,57.378517,3.3882155
1480,Course_1480,Business,31,965,52.736492,edX,16.668474,3.4276123
1481,Course_1481,Data Science,56,3312,86.01659,edX,60.982475,3.9479704
1482,Course_1482,Design,12,3891,87.04435,edX,57.748585,4.4186583
1484,Course_1484,Design,74,3738,56.293415,edX,163.28694,4.2550125
1485,Course_1485,Office Tools,10,2362,52.11664,Udemy,183.3246,4.0189843
1487,Course_1487,Data Science,82,4321,81.778786,LinkedIn Learning,94.562775,4.0145392
1488,Course_1488,Data Science,19,2769,59.971725,edX,56.3959,4.100592
1490,Course_1490,AI,98,1553,86.46249,edX,126.43307,3.5797453
1491,Course_1491,Marketing,23,244,69.734436,Udemy,65.40808,4.4765587
1492,Course_1492,AI,92,782,68.28383,LinkedIn Learning,151.58852,4.609009
1494,Course_1494,Design,50,1211,92.66647,edX,82.37141,3.3072994
1495,Course_1495,Programming,93,1207,82.042404,edX,155.1927,4.04254
1496,Course_1496,Programming,93,3472,56.15514,edX,192.19536,3.7817214
1498,Course_1498,Business,39,138,55.8304,LinkedIn Learning,66.41805,3.1551764
1499,Course_1499,AI,51,3310,74.53163,edX,198.16391,3.030789
1502,Course_1502,Programming,12,2551,67.39342,edX,187.21967,4.5007343
1503,Course_1503,Finance,69,4306,55.403923,LinkedIn Learning,125.73767,3.6379585
1505,Course_1505,Business,83,4990,73.83523,LinkedIn Learning,132.5649,4.399067
1506,Course_1506,Data Science,85,2890,78.419075,Udemy,186.46843,3.4758637
1507,Course_1507,Business,26,2563,87.11198,LinkedIn Learning,55.569283,4.37244
1508,Course_1508,Finance,26,3855,71.580055,Udemy,171.83127,4.188152
1509,Course_1509,Marketing,91,2475,69.492065,LinkedIn Learning,137.3511,4.796547
1510,Course_1510,Design,65,4672,70.32059,LinkedIn Learning,18.989643,3.7495694
1511,Course_1511,Business,64,1385,99.416916,Udemy,45.305878,3.8696964
1512,Course_1512,Design,39,512,58.91266,edX,86.2788,3.6711278
1514,Course_1514,Technology,98,2128,58.80383,LinkedIn Learning,169.86693,4.237538
1515,Course_1515,Design,39,1775,71.39615,Udemy,163.83754,3.064423
1516,Course_1516,Business,49,406,79.37861,Udemy,40.559418,3.4543633
1517,Course_1517,Technology,46,2766,55.326355,Udemy,191.81842,4.7489214
1518,Course_1518,Data Science,43,4906,96.28357,Udemy,141.74532,3.0481513
1519,Course_1519,Programming,47,2549,88.342064,Udemy,134.15987,4.926327
1520,Course_1520,Technology,23,3470,67.73213,LinkedIn Learning,55.11475,4.8811207
1521,Course_1521,AI,16,489,88.64612,Udemy,156.7546,4.558896
1522,Course_1522,AI,89,1066,79.615685,edX,50.85553,4.985219
1523,Course_1523,Design,41,2980,90.13921,Udemy,47.80722,4.5837073
1524,Course_1524,Technology,47,1357,55.66239,Udemy,84.82118,3.2814405
1525,Course_1525,Finance,42,118,82.2512,edX,18.463863,4.8819485
1526,Course_1526,Programming,16,3640,57.3773,LinkedIn Learning,126.4074,4.5085907
1528,Course_1528,Programming,68,1308,93.786835,Udemy,64.873634,4.71301
1529,Course_1529,Marketing,18,1542,83.52964,LinkedIn Learning,28.52494,3.2546482
1531,Course_1531,Office Tools,39,1713,79.57934,Udemy,119.18826,4.877951
1532,Course_1532,Programming,89,4727,88.49096,edX,68.10476,3.0115557
1533,Course_1533,Business,51,2309,70.808044,Udemy,50.886127,3.0621598
1534,Course_1534,Office Tools,59,2503,79.85926,Udemy,80.45261,4.7263336
1535,Course_1535,Business,32,821,97.84977,Udemy,87.57223,4.0567226
1536,Course_1536,Office Tools,76,2349,69.21093,edX,43.626633,3.9427376
1538,Course_1538,Business,90,1327,75.86073,Udemy,10.05793,4.532774
1539,Course_1539,Business,58,1349,74.9013,LinkedIn Learning,78.95817,3.0661845
1540,Course_1540,Marketing,40,1902,53.12604,Udemy,97.09776,4.13195
1541,Course_1541,Marketing,15,2712,66.81768,LinkedIn Learning,58.82193,3.2848434
1542,Course_1542,Office Tools,85,2476,96.82817,LinkedIn Learning,141.50148,3.2919478
1545,Course_1545,Design,48,2909,91.96343,LinkedIn Learning,112.4484,4.099773
1548,Course_1548,Marketing,16,2030,64.07929,LinkedIn Learning,17.14069,4.942963
1551,Course_1551,Technology,46,2363,90.19099,Udemy,141.4531,4.049993
1552,Course_1552,Finance,40,4584,97.42564,LinkedIn Learning,164.6346,4.073186
1553,Course_1553,Finance,22,4812,93.02021,Udemy,147.94371,3.2870302
1554,Course_1554,Data Science,15,4863,99.54851,LinkedIn Learning,55.675167,4.3848033
1556,Course_1556,Programming,29,4706,68.530205,Udemy,130.1317,4.520011
1557,Course_1557,Data Science,66,3633,92.52791,Udemy,23.048134,3.8079302
1561,Course_1561,Office Tools,19,1130,86.6345,Udemy,55.2854,3.405138
1564,Course_1564,AI,46,3073,51.72709,LinkedIn Learning,149.42151,3.5813532
1565,Course_1565,Programming,20,2276,53.660797,edX,126.97237,3.345356
1566,Course_1566,Technology,77,3523,88.8003,LinkedIn Learning,31.248205,3.5473945
1567,Course_1567,Design,60,1945,55.15075,Udemy,166.31264,4.519952
1568,Course_1568,Technology,61,3029,76.446434,edX,11.110668,4.237016
1569,Course_1569,Programming,98,4309,64.66797,Udemy,157.02567,4.4150662
1571,Course_1571,Design,48,3311,72.58968,LinkedIn Learning,134.43085,3.123261
1572,Course_1572,AI,46,3599,53.981453,Udemy,184.26515,4.0727353
1573,Course_1573,Design,47,2607,81.795204,Udemy,47.30555,3.8508165
1575,Course_1575,Business,29,4158,76.20823,LinkedIn Learning,175.29376,4.053858
1576,Course_1576,Marketing,35,3794,99.106155,Udemy,36.219254,4.2736826
1578,Course_1578,Technology,80,926,99.16487,Udemy,198.54968,3.3765635
1581,Course_1581,Business,94,4964,94.421364,edX,81.40555,3.5381439
1582,Course_1582,Programming,34,1975,94.4195,LinkedIn Learning,122.71965,3.7104
1584,Course_1584,Design,19,2018,59.35126,edX,56.14521,3.585378
1585,Course_1585,Data Science,18,4715,96.89508,LinkedIn Learning,14.792484,3.004951
1586,Course_1586,Data Science,41,2561,99.27788,LinkedIn Learning,22.736952,3.6163905
1588,Course_1588,Technology,34,2538,96.22149,LinkedIn Learning,86.99089,3.520748
1589,Course_1589,AI,81,2160,84.6156,Udemy,126.68514,3.289824
1590,Course_1590,AI,80,2596,56.493004,edX,82.02664,3.8008034
1591,Course_1591,Business,86,1881,96.26248,edX,81.14166,3.8249166
1592,Course_1592,Business,18,4861,95.01418,edX,151.32454,3.6530473
1594,Course_1594,Business,89,824,67.20134,LinkedIn Learning,126.54761,4.025063
1596,Course_1596,Design,91,3534,98.03555,LinkedIn Learning,114.49736,3.1644595
1597,Course_1597,Office Tools,69,4502,78.35197,LinkedIn Learning,34.52949,4.9511952
1598,Course_1598,Finance,76,4876,73.71588,Udemy,64.29822,3.3136146
1599,Course_1599,Programming,37,3576,74.71022,LinkedIn Learning,99.37312,3.1437886
1600,Course_1600,Technology,84,4657,77.21045,Udemy,156.85686,3.0614388
1603,Course_1603,Office Tools,98,1080,58.738823,Udemy,135.45874,3.9456546
1606,Course_1606,AI,63,769,91.48357,Udemy,140.94028,3.9228683
1607,Course_1607,Finance,19,1062,67.22898,LinkedIn Learning,148.88695,4.253791
1608,Course_1608,AI,77,2179,55.2352,LinkedIn Learning,56.93686,3.9569843
1610,Course_1610,Marketing,55,1430,71.59315,edX,45.55669,3.1721842
1611,Course_1611,Finance,58,3778,65.74072,edX,69.136604,3.347139
1612,Course_1612,Design,57,3887,69.538,edX,177.76096,3.3836324
1614,Course_1614,Data Science,23,488,95.524475,LinkedIn Learning,14.6874075,4.061026
1616,Course_1616,Marketing,81,1589,72.613945,edX,70.92936,4.359323
1617,Course_1617,Finance,29,4108,65.40744,Udemy,112.61552,3.6940207
1618,Course_1618,Technology,98,1729,50.45623,LinkedIn Learning,42.616444,3.8987257
1619,Course_1619,Data Science,43,4795,72.30487,edX,102.11184,3.902256
1621,Course_1621,Design,95,3457,85.389114,Udemy,48.33727,3.7749403
1622,Course_1622,AI,38,1604,69.2683,LinkedIn Learning,138.27617,3.9073877
1623,Course_1623,Data Science,61,1682,89.30405,Udemy,13.877304,4.7081943
1624,Course_1624,Technology,55,3708,87.07831,LinkedIn Learning,142.51128,3.8370209
1625,Course_1625,Programming,29,953,52.15504,LinkedIn Learning,63.112564,3.3516474
1627,Course_1627,Business,61,2355,89.77073,Udemy,138.18822,4.671125
1629,Course_1629,Marketing,95,4656,83.56541,LinkedIn Learning,34.61223,3.4486544
1631,Course_1631,Programming,18,4702,67.56455,LinkedIn Learning,11.069514,4.567807
1632,Course_1632,AI,25,3682,80.73859,edX,186.02438,4.5833125
1633,Course_1633,Data Science,86,246,67.84055,Udemy,147.56552,4.2211213
1634,Course_1634,Design,49,832,74.773155,Udemy,32.485756,3.2889743
1635,Course_1635,Technology,39,155,80.42927,edX,71.141075,4.834277
1637,Course_1637,AI,32,1550,59.48982,LinkedIn Learning,47.488663,4.2140546
1638,Course_1638,AI,48,815,98.56588,Udemy,57.83877,3.0714467
1639,Course_1639,Business,17,1851,76.05822,LinkedIn Learning,86.08396,4.4981327
1640,Course_1640,Marketing,58,3898,54.38323,LinkedIn Learning,69.22239,4.174209
1641,Course_1641,Office Tools,68,4520,82.82296,LinkedIn Learning,20.212946,3.477085
1644,Course_1644,Marketing,85,1461,69.10308,LinkedIn Learning,83.75962,4.3541036
1645,Course_1645,Programming,11,3869,85.933266,LinkedIn Learning,143.23608,3.6121926
1647,Course_1647,Finance,90,4021,97.99408,edX,119.06773,3.2509453
1648,Course_1648,Business,36,1125,91.68621,LinkedIn Learning,158.95483,4.670086
1650,Course_1650,Technology,53,1557,91.17804,edX,129.3456,4.7122664
1652,Course_1652,Data Science,31,3231,92.17318,LinkedIn Learning,43.58749,3.479156
1653,Course_1653,Design,55,4894,72.704185,edX,193.79224,3.8180704
1654,Course_1654,Finance,95,1964,94.82167,edX,113.30675,4.1972136
1655,Course_1655,Data Science,83,3229,87.93844,Udemy,68.288704,3.2022471
1657,Course_1657,Finance,97,3715,79.63037,Udemy,150.6207,4.578127
1658,Course_1658,AI,46,1885,98.41528,edX,45.440777,4.1657467
1660,Course_1660,Marketing,76,881,69.86405,LinkedIn Learning,78.044586,3.8323808
1661,Course_1661,Finance,11,2758,83.33152,edX,13.054705,3.3935604
1662,Course_1662,Office Tools,97,3189,87.0438,LinkedIn Learning,70.98175,3.8374383
1663,Course_1663,Marketing,70,885,94.05807,edX,110.18031,3.1090505
1665,Course_1665,Office Tools,81,586,65.36229,edX,105.12472,3.5829344
1669,Course_1669,Business,55,4313,90.24211,edX,180.99777,3.9145107
1670,Course_1670,Finance,71,3028,99.053734,edX,71.42384,4.9046617
1672,Course_1672,Programming,87,272,54.526085,LinkedIn Learning,183.42233,3.7230954
1673,Course_1673,Business,98,2204,98.64187,Udemy,64.89917,3.6527615
1675,Course_1675,Design,85,2351,68.267944,edX,127.091354,4.9906425
1676,Course_1676,Business,88,2446,88.7795,Udemy,154.8677,4.5086656
1677,Course_1677,Business,30,1006,54.814568,Udemy,59.526733,3.899219
1678,Course_1678,Data Science,48,4528,98.32291,Udemy,81.92236,4.1901116
1679,Course_1679,Programming,39,1986,89.37414,Udemy,165.27045,3.444291
1680,Course_1680,Business,11,4579,81.75618,Udemy,18.327675,3.9212315
1681,Course_1681,Office Tools,63,3977,58.745647,edX,113.95845,4.903329
1683,Course_1683,Data Science,23,1471,85.6789,LinkedIn Learning,124.333694,4.1932983
1684,Course_1684,Marketing,60,659,60.808613,Udemy,41.66098,4.409301
1686,Course_1686,Programming,77,3523,83.73192,edX,189.5224,4.451343
1687,Course_1687,Finance,52,2152,78.239655,edX,75.53682,3.2109492
1689,Course_1689,Office Tools,82,3446,89.327385,Udemy,58.99938,3.0770102
1690,Course_1690,Data Science,99,1461,99.65675,LinkedIn Learning,127.39417,3.1343007
1692,Course_1692,Design,19,4380,74.586075,LinkedIn Learning,88.855354,4.400578
1693,Course_1693,Programming,72,781,74.939575,Udemy,63.062843,3.8095098
1694,Course_1694,Finance,68,4769,63.02587,LinkedIn Learning,171.74988,3.299678
1695,Course_1695,Data Science,40,3829,99.216446,Udemy,157.60692,4.7541337
1697,Course_1697,Business,21,601,91.649864,LinkedIn Learning,162.39604,3.0801055
1698,Course_1698,Business,74,1236,75.79272,LinkedIn Learning,97.423,3.672148
1700,Course_1700,Finance,78,918,70.93046,edX,92.50292,3.509528
1701,Course_1701,Design,36,2673,71.56649,LinkedIn Learning,187.94637,3.658705
1703,Course_1703,Business,41,4605,99.84949,Udemy,139.1186,4.1929893
1706,Course_1706,Finance,94,587,74.82354,edX,197.80006,3.2969718
1707,Course_1707,Office Tools,50,1240,53.99906,LinkedIn Learning,146.85944,4.203219
1708,Course_1708,Design,91,964,76.62817,Udemy,36.79207,3.4908729
1710,Course_1710,Business,29,4946,63.95186,Udemy,105.67651,4.394295
1713,Course_1713,Office Tools,86,4437,81.91308,Udemy,167.33774,3.1921892
1714,Course_1714,Marketing,87,3391,88.370964,edX,43.72874,4.296102
1716,Course_1716,Office Tools,94,1381,60.12673,LinkedIn Learning,126.820526,3.2647536
1719,Course_1719,Marketing,35,3792,94.67341,edX,71.37418,3.3285758
1720,Course_1720,Finance,66,3369,51.905758,Udemy,195.94731,3.0039384
1721,Course_1721,Marketing,57,4084,89.27454,edX,83.70305,3.1955678
1722,Course_1722,Design,98,3827,76.81816,LinkedIn Learning,120.887474,3.6255763
1724,Course_1724,Office Tools,91,4816,93.05426,Udemy,21.624105,3.0578754
1725,Course_1725,Business,65,2264,60.857132,edX,141.36086,4.785251
1726,Course_1726,Design,30,690,61.768795,edX,91.3836,4.4003844
1727,Course_1727,Office Tools,75,3109,59.154667,Udemy,70.48786,4.4689217
1728,Course_1728,Design,74,4285,52.602726,Udemy,136.36168,4.9715896
1730,Course_1730,Technology,88,1210,58.49974,Udemy,102.235535,3.133022
1731,Course_1731,Data Science,19,141,89.491585,Udemy,110.66344,3.5789874
1732,Course_1732,Marketing,79,3410,98.5912,edX,66.853264,4.4147005
1733,Course_1733,AI,22,1008,88.161354,edX,191.1176,3.892309
1735,Course_1735,Data Science,70,2816,86.551094,Udemy,142.47485,3.5146608
1736,Course_1736,Business,97,3757,84.246414,Udemy,170.57881,4.117868
1737,Course_1737,Design,85,158,77.67434,edX,132.77202,4.7938175
1738,Course_1738,Office Tools,37,3781,92.88535,Udemy,36.35868,3.81379
1740,Course_1740,Business,97,4805,81.73329,LinkedIn Learning,90.52841,4.067256
1741,Course_1741,Data Science,20,3155,75.148544,Udemy,14.037056,4.0779243
1743,Course_1743,AI,68,2365,87.19371,Udemy,120.85292,3.1555984
1744,Course_1744,Technology,81,372,84.13071,LinkedIn Learning,95.917915,3.1040325
1745,Course_1745,Data Science,55,3350,74.43887,Udemy,149.10918,4.106002
1746,Course_1746,Marketing,65,2627,60.41125,Udemy,117.64451,4.266832
1747,Course_1747,AI,26,2581,89.188835,LinkedIn Learning,151.5125,4.0770683
1748,Course_1748,Business,39,679,53.839317,LinkedIn Learning,162.76245,4.526791
1750,Course_1750,Business,63,179,91.52511,edX,71.68306,4.954187
1751,Course_1751,Programming,33,161,91.27132,edX,130.90228,4.803098
1752,Course_1752,Technology,37,3915,65.15814,LinkedIn Learning,26.349028,3.9670503
1753,Course_1753,Data Science,18,3979,71.49521,edX,141.91515,3.1465445
1754,Course_1754,Programming,20,1013,69.611115,edX,158.37564,3.8448112
1755,Course_1755,Office Tools,94,437,86.50338,LinkedIn Learning,89.74331,3.0815475
1756,Course_1756,Design,32,2026,56.548,edX,184.05138,4.0893407
1757,Course_1757,Technology,68,3218,81.562035,edX,59.927296,3.3850908
1760,Course_1760,Data Science,48,832,83.40558,Udemy,10.500579,4.2379074
1762,Course_1762,Programming,68,1676,58.163136,LinkedIn Learning,33.17718,3.729845
1763,Course_1763,Marketing,69,867,80.95491,edX,14.276921,3.909838
1765,Course_1765,Design,72,1752,65.85834,Udemy,118.09389,3.49573
1766,Course_1766,Finance,89,4149,84.69108,edX,89.05169,4.273206
1767,Course_1767,AI,84,2880,98.958984,LinkedIn Learning,151.55089,4.6307416
1768,Course_1768,Finance,70,698,66.33305,edX,92.45318,4.9479113
1769,Course_1769,Design,52,3916,53.14047,Udemy,163.01205,4.0066233
1771,Course_1771,Technology,64,3868,83.61531,edX,95.436005,3.7304587
1772,Course_1772,Business,57,122,56.022835,LinkedIn Learning,134.58214,3.3623316
1773,Course_1773,Office Tools,84,4640,98.45145,LinkedIn Learning,118.34326,3.2038877
1774,Course_1774,AI,51,3559,99.86777,Udemy,147.09058,4.6089306
1775,Course_1775,AI,44,1975,54.485928,edX,13.557618,3.379447
1776,Course_1776,Programming,72,3404,81.579346,edX,146.7991,4.292151
1777,Course_1777,Finance,96,364,70.94203,LinkedIn Learning,195.32243,3.379573
1778,Course_1778,Office Tools,42,846,98.7673,edX,152.31892,4.9225006
1779,Course_1779,Business,73,3624,81.71305,LinkedIn Learning,183.73122,3.368396
1781,Course_1781,Finance,11,1285,70.580185,edX,180.40807,4.0094867
1783,Course_1783,Programming,20,4390,91.391785,edX,141.18204,4.981034
1785,Course_1785,Design,82,4035,83.83261,Udemy,78.45315,4.3032694
1786,Course_1786,Business,70,421,54.835487,edX,31.046116,4.206025
1787,Course_1787,Data Science,97,415,59.068157,edX,21.598839,4.7723956
1788,Course_1788,Office Tools,15,617,93.23823,edX,19.166553,4.153089
1789,Course_1789,Data Science,26,1519,62.180264,Udemy,110.06077,3.7124026
1790,Course_1790,Technology,95,1447,52.581875,edX,177.968,3.9059699
1791,Course_1791,Programming,96,4257,92.20461,LinkedIn Learning,184.85526,4.986748
1794,Course_1794,Technology,92,1992,87.90919,LinkedIn Learning,164.2821,4.374624
1795,Course_1795,Marketing,79,2638,81.056915,Udemy,26.273544,4.895668
1797,Course_1797,Office Tools,27,3558,65.38922,edX,11.502221,4.472272
1800,Course_1800,Design,35,2648,60.656338,Udemy,38.765972,3.2686582
1802,Course_1802,AI,57,4877,85.80274,edX,103.107376,4.001995
1803,Course_1803,Business,92,1082,87.05439,edX,94.016304,4.94133
1804,Course_1804,Business,18,1392,81.96069,Udemy,22.094261,4.0160265
1805,Course_1805,Business,85,2791,51.243332,edX,16.833838,4.990049
1806,Course_1806,Design,80,2418,68.90855,edX,130.37634,4.7657256
1807,Course_1807,Programming,14,1748,64.05379,edX,63.048904,3.0505779
1808,Course_1808,Marketing,64,2506,62.420948,LinkedIn Learning,138.48232,4.9784427
1809,Course_1809,Technology,85,2386,53.251003,Udemy,98.64436,3.9991345
1810,Course_1810,AI,78,340,99.8802,edX,137.73866,3.438952
1811,Course_1811,Design,15,4374,60.30789,edX,52.332237,3.861057
1812,Course_1812,Business,23,2696,99.845276,edX,38.51741,4.7676644
1813,Course_1813,Data Science,40,1385,55.523445,edX,136.09383,3.5169952
1814,Course_1814,Technology,62,1289,97.86078,LinkedIn Learning,144.57338,3.13445
1815,Course_1815,Data Science,98,3153,75.2603,LinkedIn Learning,179.58994,3.6676824
1816,Course_1816,Marketing,56,4367,88.17052,LinkedIn Learning,89.23611,4.06714
1819,Course_1819,Data Science,43,1497,95.20212,edX,47.18785,4.8562593
1821,Course_1821,Programming,38,857,52.157352,LinkedIn Learning,16.654629,4.8194704
1824,Course_1824,Finance,39,4344,66.0453,LinkedIn Learning,125.00814,3.3720827
1825,Course_1825,Business,95,2180,59.832966,edX,98.23139,4.6241293
1826,Course_1826,Business,100,3536,89.11066,Udemy,13.493209,3.2826836
1827,Course_1827,Data Science,83,3773,60.456326,edX,97.939575,3.3524256
1828,Course_1828,Finance,72,1259,62.232666,edX,137.33012,4.860424
1829,Course_1829,Office Tools,59,4022,61.717506,LinkedIn Learning,11.45508,4.704408
1830,Course_1830,Design,83,896,77.495514,Udemy,110.78183,3.9539995
1831,Course_1831,Data Science,83,633,71.92961,LinkedIn Learning,69.68043,4.4729233
1832,Course_1832,Technology,100,1010,91.213715,Udemy,125.83877,4.2237744
1834,Course_1834,Office Tools,40,2092,71.31682,Udemy,16.839743,3.4035974
1835,Course_1835,Business,54,4697,89.43184,Udemy,143.31813,3.8595846
1836,Course_1836,AI,50,3107,88.74518,LinkedIn Learning,147.58652,3.3023634
1838,Course_1838,Technology,92,252,78.36272,edX,60.948826,3.3133295
1839,Course_1839,Data Science,91,518,54.854366,LinkedIn Learning,112.6779,3.7053866
1840,Course_1840,AI,94,3433,52.546963,Udemy,132.83289,3.1748538
1842,Course_1842,Office Tools,79,3891,60.845333,Udemy,37.813416,3.1092227
1844,Course_1844,Programming,57,1138,87.89856,Udemy,19.767414,4.539359
1845,Course_1845,Programming,58,3037,72.76094,Udemy,86.65404,4.9574075
1846,Course_1846,Office Tools,91,1942,89.74671,edX,76.116776,3.015738
1847,Course_1847,Programming,49,4705,66.36378,Udemy,82.351585,3.3259456
1848,Course_1848,AI,42,2128,68.061195,Udemy,82.48021,4.638675
1849,Course_1849,Business,10,4312,72.89129,LinkedIn Learning,36.464527,3.169257
1850,Course_1850,Business,43,3334,53.01429,Udemy,163.18074,4.712582
1851,Course_1851,Technology,36,3636,66.12596,Udemy,152.44794,4.379646
1852,Course_1852,Technology,28,1444,66.124344,edX,134.01414,4.9268003
1854,Course_1854,Design,54,375,91.701744,Udemy,107.42263,4.5493803
1855,Course_1855,Business,63,3079,70.578735,Udemy,194.21622,4.0984426
1857,Course_1857,AI,20,2346,74.01336,LinkedIn Learning,138.00099,4.4379373
1858,Course_1858,Programming,93,4345,72.13273,edX,28.413471,4.2911115
1859,Course_1859,Technology,61,889,66.830444,Udemy,39.516052,4.8357716
1861,Course_1861,Technology,43,4488,68.769455,LinkedIn Learning,163.008,4.8079863
1862,Course_1862,Programming,11,3911,92.65854,edX,93.03659,3.5072267
1864,Course_1864,Finance,19,3200,85.29931,LinkedIn Learning,136.1904,3.7931476
1866,Course_1866,Data Science,73,3892,91.96759,LinkedIn Learning,144.1542,3.455726
1867,Course_1867,Finance,20,2142,83.54106,Udemy,152.22737,4.353193
1868,Course_1868,Office Tools,15,2246,50.789787,edX,187.3468,3.8889263
1872,Course_1872,Technology,72,3788,92.739716,Udemy,19.233828,3.8543282
1873,Course_1873,Technology,36,4703,77.65865,Udemy,155.54866,4.9910574
1874,Course_1874,Finance,77,3832,96.64674,Udemy,140.22176,4.9581766
1875,Course_1875,Data Science,47,3095,52.42368,Udemy,140.24895,3.8918545
1876,Course_1876,Programming,60,4059,89.85096,Udemy,56.68073,3.789581
1877,Course_1877,Business,88,3958,85.629906,Udemy,185.54567,3.6834738
1880,Course_1880,Data Science,67,4191,50.653206,edX,58.019657,4.5936675
1881,Course_1881,Office Tools,94,2858,60.50446,Udemy,170.91385,4.4657493
1883,Course_1883,Technology,84,3515,95.448616,Udemy,104.19411,3.5799952
1884,Course_1884,Business,90,3004,74.65437,Udemy,197.1012,4.328693
1886,Course_1886,Office Tools,33,3520,73.59994,LinkedIn Learning,148.89941,4.632372
1888,Course_1888,Design,33,1359,95.086586,Udemy,62.09928,4.93638
1889,Course_1889,Design,36,250,60.58149,Udemy,152.79323,3.2084525
1890,Course_1890,Technology,41,3425,70.49551,LinkedIn Learning,36.50506,4.1996512
1892,Course_1892,Programming,81,3335,91.838936,LinkedIn Learning,189.88187,3.4049633
1893,Course_1893,Data Science,60,1221,92.158775,Udemy,24.01569,3.3999267
1894,Course_1894,Office Tools,100,1123,83.775475,LinkedIn Learning,135.90405,3.1094842
1895,Course_1895,Technology,16,2914,89.19962,LinkedIn Learning,198.29924,4.7666245
1896,Course_1896,Programming,70,4343,91.4839,Udemy,197.01779,3.2186775
1897,Course_1897,Programming,35,437,80.05406,Udemy,76.54386,4.4060116
1899,Course_1899,Business,78,4455,54.73173,edX,27.34499,3.9748201
1900,Course_1900,Design,82,240,65.08679,Udemy,46.436264,4.311493
1901,Course_1901,Programming,60,2911,56.915062,Udemy,44.59975,4.945312
1902,Course_1902,Finance,30,2406,78.38395,edX,32.058098,3.4852154
1903,Course_1903,Design,73,4522,75.78604,edX,167.02103,4.0129166
1905,Course_1905,Business,92,1447,97.80056,Udemy,101.74198,3.264531
1907,Course_1907,Data Science,12,278,73.79731,LinkedIn Learning,38.76791,4.910435
1908,Course_1908,Data Science,42,2467,66.599915,Udemy,44.00942,3.7415402
1909,Course_1909,Business,78,1023,80.70197,LinkedIn Learning,93.04738,4.0362463
1910,Course_1910,AI,42,4799,93.50692,LinkedIn Learning,36.0882,3.4562004
1912,Course_1912,Marketing,72,3682,52.69672,Udemy,199.49567,3.0878048
1915,Course_1915,Programming,24,2161,55.47403,Udemy,48.045174,4.653968
1916,Course_1916,AI,55,3220,65.0845,Udemy,87.504814,4.1357045
1917,Course_1917,Office Tools,62,1380,66.373215,edX,160.59424,3.1482506
1919,Course_1919,Data Science,64,2689,64.25435,edX,194.4155,4.301561
1920,Course_1920,Business,81,3137,89.76614,edX,24.846296,3.230097
1924,Course_1924,Finance,45,4076,97.63428,edX,170.41136,3.591081
1925,Course_1925,Marketing,26,4664,51.118473,Udemy,198.50595,3.8945105
1926,Course_1926,AI,39,4145,68.597374,LinkedIn Learning,168.5851,3.2406213
1928,Course_1928,AI,47,2253,67.67602,LinkedIn Learning,48.65969,4.206453
1929,Course_1929,Business,42,1757,60.809258,edX,152.47691,4.164182
1931,Course_1931,Finance,50,3990,65.111855,LinkedIn Learning,154.24347,3.8236916
1932,Course_1932,Data Science,23,2617,57.79776,LinkedIn Learning,128.81474,4.2929935
1933,Course_1933,Office Tools,17,1470,55.22513,edX,51.391464,3.969865
1934,Course_1934,Technology,69,4918,56.25856,edX,14.58927,3.4286427
1935,Course_1935,Data Science,89,2680,73.60205,Udemy,141.34055,4.3147554
1938,Course_1938,Programming,38,1543,72.01043,Udemy,138.19699,4.789471
1939,Course_1939,Marketing,83,3610,58.567486,Udemy,21.230503,4.311439
1940,Course_1940,Data Science,58,1349,93.773,Udemy,117.87644,4.554654
1942,Course_1942,Data Science,85,4669,94.46512,edX,34.75412,4.2870502
1943,Course_1943,Office Tools,87,1215,75.46976,LinkedIn Learning,53.198513,4.1802936
1945,Course_1945,Design,35,3912,64.8132,edX,12.575167,4.702683
1946,Course_1946,Technology,73,1257,77.88304,Udemy,112.041306,4.3279366
1948,Course_1948,Office Tools,42,2502,74.08275,edX,24.96412,4.5520716
1949,Course_1949,Technology,40,2780,52.87502,Udemy,90.397316,3.8605452
1951,Course_1951,Finance,63,2637,87.065865,Udemy,191.75572,4.532067
1952,Course_1952,Marketing,31,2946,71.167336,edX,97.782425,3.3785248
1953,Course_1953,Marketing,58,884,86.17555,Udemy,121.33643,4.3425817
1954,Course_1954,Data Science,12,2160,76.26458,Udemy,150.18344,4.490532
1955,Course_1955,Data Science,61,4178,54.424038,LinkedIn Learning,144.41095,4.0088687
1956,Course_1956,AI,30,4564,88.8086,edX,140.71994,3.8466809
1957,Course_1957,AI,75,942,67.569695,edX,94.89239,3.2463095
1959,Course_1959,Technology,59,170,58.83453,LinkedIn Learning,60.30963,4.751185
1960,Course_1960,Marketing,78,4827,64.98206,Udemy,131.75386,4.121215
1961,Course_1961,Technology,10,3636,97.52154,edX,89.443634,4.6726456
1962,Course_1962,Business,53,2755,80.40035,LinkedIn Learning,170.48064,4.0644126
1963,Course_1963,Data Science,74,3031,71.67214,edX,22.555492,4.443071
1964,Course_1964,Data Science,28,1734,82.62619,LinkedIn Learning,125.081894,4.8712964
1965,Course_1965,Business,43,4336,85.521454,Udemy,184.76147,3.729251
1967,Course_1967,Office Tools,19,208,67.31268,Udemy,157.03998,4.7819657
1968,Course_1968,AI,37,2594,99.62984,Udemy,83.49978,4.322416
1969,Course_1969,AI,40,3694,97.234085,LinkedIn Learning,79.69697,3.6290228
1970,Course_1970,Programming,95,4376,98.07921,edX,144.08122,4.1679444
1971,Course_1971,Office Tools,62,2882,75.870636,LinkedIn Learning,72.99199,3.8146477
1974,Course_1974,Technology,61,4676,84.95118,Udemy,167.82047,4.773934
1976,Course_1976,Marketing,40,2284,82.643074,LinkedIn Learning,67.40614,4.093127
1977,Course_1977,AI,25,3095,54.680325,edX,32.71931,3.7462435
1978,Course_1978,Design,65,2745,83.8579,edX,40.912693,3.2913876
1979,Course_1979,Data Science,95,4126,84.04366,edX,83.61512,3.9383934
1982,Course_1982,Design,36,3652,75.08457,LinkedIn Learning,72.03024,3.441573
1983,Course_1983,AI,13,1302,80.75003,Udemy,43.31216,3.8601975
1984,Course_1984,Marketing,78,1334,91.603584,Udemy,16.796041,3.769575
1985,Course_1985,Office Tools,23,4373,89.81185,edX,136.48259,3.7791
1986,Course_1986,Business,85,1879,50.780376,edX,164.27621,3.6783397
1987,Course_1987,AI,89,1338,97.10738,edX,31.60972,4.83126
1989,Course_1989,Marketing,67,1858,60.057186,Udemy,166.96944,3.6319332
1990,Course_1990,Design,71,1134,80.92685,Udemy,78.24918,3.246644
1991,Course_1991,Business,53,2558,99.483925,edX,58.080387,4.186547
1993,Course_1993,Programming,48,1947,97.89275,LinkedIn Learning,93.18876,4.149825
1994,Course_1994,Programming,21,4738,66.48942,edX,110.24081,4.8694487
1995,Course_1995,Technology,99,4814,73.80834,edX,108.361534,4.31426
1997,Course_1997,Finance,46,2076,99.656654,Udemy,165.9366,3.459491
1998,Course_1998,Technology,79,3194,72.63203,Udemy,177.05952,3.0119274
1999,Course_1999,Finance,60,2161,69.9014,Udemy,91.28177,4.7845006
2000,Course_2000,Technology,61,644,52.795963,Udemy,25.02727,3.1302595
2001,Course_2001,Marketing,63,3187,95.27796,Udemy,44.075336,3.721219
2003,Course_2003,Data Science,54,3478,81.109955,Udemy,104.7525,3.5369534
2005,Course_2005,AI,54,131,85.288666,LinkedIn Learning,136.26608,4.535827
2006,Course_2006,Marketing,76,2153,63.88645,edX,72.62706,3.3028648
2008,Course_2008,Design,59,1142,74.22212,LinkedIn Learning,10.50654,4.486968
2009,Course_2009,Office Tools,51,3966,75.161644,LinkedIn Learning,187.66968,3.2090912
2010,Course_2010,Marketing,84,642,61.731064,edX,84.48411,3.3649
2011,Course_2011,Programming,26,1133,90.44902,LinkedIn Learning,172.9982,3.5113688
2012,Course_2012,AI,63,3951,84.02162,Udemy,79.5053,4.5832477
2013,Course_2013,Technology,49,2694,63.575768,Udemy,145.07242,4.6753144
2015,Course_2015,Data Science,95,920,69.28277,edX,104.51325,4.607767
2017,Course_2017,Data Science,98,2371,88.25004,LinkedIn Learning,138.86162,3.6284575
2018,Course_2018,Design,28,3241,60.348816,Udemy,197.00964,4.124155
2019,Course_2019,Data Science,26,792,77.72541,Udemy,46.209286,4.1616397
2020,Course_2020,Data Science,45,3199,95.00865,Udemy,159.6942,4.9292774
2021,Course_2021,Marketing,88,2256,50.954273,edX,93.78728,3.839544
2023,Course_2023,Business,68,672,76.39874,edX,184.0397,3.3952157
2025,Course_2025,Design,79,3145,72.173416,edX,111.767624,4.4331455
2026,Course_2026,Programming,47,1326,96.9409,edX,169.67743,4.016421
2029,Course_2029,Finance,65,374,81.17759,Udemy,61.891735,4.0637283
2030,Course_2030,Programming,83,1358,55.1416,Udemy,143.30276,3.5729463
2031,Course_2031,AI,77,2684,82.141815,edX,20.87865,3.4464858
2032,Course_2032,Marketing,38,2324,98.59536,LinkedIn Learning,14.471636,4.9601245
2033,Course_2033,AI,75,1368,97.35603,LinkedIn Learning,191.56393,4.145009
2034,Course_2034,Finance,37,4624,63.04059,Udemy,186.92857,4.275915
2035,Course_2035,Office Tools,55,3741,78.06764,LinkedIn Learning,81.57358,4.425614
2036,Course_2036,Technology,86,3725,99.10271,LinkedIn Learning,87.713135,4.545111
2037,Course_2037,Design,79,313,74.74483,Udemy,40.654537,3.3047042
2039,Course_2039,Finance,36,4969,96.81501,LinkedIn Learning,160.34915,4.240115
2040,Course_2040,Marketing,47,2484,68.00252,Udemy,127.15407,4.759148
2041,Course_2041,Design,62,1950,59.68463,edX,169.0019,4.821035
2044,Course_2044,Data Science,74,4730,75.409195,edX,35.837173,3.4435587
2045,Course_2045,Office Tools,70,3903,83.933716,Udemy,187.27646,3.997045
2046,Course_2046,Marketing,82,265,75.08473,LinkedIn Learning,55.286022,4.959096
2047,Course_2047,AI,84,4366,77.67943,LinkedIn Learning,51.925873,3.6357014
2049,Course_2049,Marketing,40,360,53.544647,LinkedIn Learning,194.91347,3.7022831
2051,Course_2051,Finance,64,2224,64.97054,edX,38.020557,3.0322857
2052,Course_2052,Data Science,59,1985,83.82227,Udemy,26.84894,3.7862127
2053,Course_2053,Programming,94,1063,52.245785,edX,104.64427,3.9411652
2055,Course_2055,Business,11,1125,56.18532,Udemy,134.61984,4.813144
2056,Course_2056,Finance,19,2144,68.508514,Udemy,152.4337,3.7901618
2058,Course_2058,Marketing,54,4604,62.843307,edX,21.530258,3.1964767
2059,Course_2059,Finance,31,3034,82.0559,Udemy,45.42049,3.4696174
2061,Course_2061,Finance,17,3849,69.108986,Udemy,186.09384,4.0162954
2062,Course_2062,AI,53,1090,90.12499,edX,51.68253,3.490198
2063,Course_2063,Programming,83,1404,73.32106,LinkedIn Learning,94.804886,4.9052987
2064,Course_2064,Technology,30,4038,53.58599,edX,25.249834,4.941602
2065,Course_2065,AI,81,4958,69.68374,LinkedIn Learning,105.65164,4.4951024
2067,Course_2067,Programming,46,4457,70.913475,Udemy,118.03573,3.2152717
2070,Course_2070,Finance,19,240,61.400368,LinkedIn Learning,175.17963,3.0198457
2071,Course_2071,Marketing,75,1689,65.34967,Udemy,62.798927,3.6899786
2072,Course_2072,Programming,39,4151,78.24931,edX,181.54662,4.8972344
2073,Course_2073,Technology,51,2512,68.37257,edX,145.16995,4.544963
2075,Course_2075,Finance,45,2560,50.863396,Udemy,79.4211,3.4085424
2076,Course_2076,Office Tools,65,831,62.181416,edX,23.389793,4.510701
2078,Course_2078,Marketing,37,1722,70.30483,Udemy,174.5156,4.15168
2080,Course_2080,Programming,82,2640,63.41331,LinkedIn Learning,61.84114,4.6856303
2081,Course_2081,Design,59,791,74.90178,edX,136.02446,3.1987503
2082,Course_2082,AI,91,1569,88.611,edX,95.05436,3.2079654
2083,Course_2083,Finance,88,1696,92.96882,LinkedIn Learning,65.04956,4.6361585
2084,Course_2084,Finance,16,1788,65.81886,LinkedIn Learning,24.290976,3.3520603
2085,Course_2085,Data Science,48,3243,51.10935,edX,85.092026,3.11639
2086,Course_2086,Marketing,24,4288,86.97316,edX,85.80586,3.7760088
2087,Course_2087,Data Science,75,2893,87.90844,LinkedIn Learning,128.62372,4.9732976
2089,Course_2089,AI,61,2798,57.0544,edX,15.487649,4.3687067
2091,Course_2091,AI,78,4667,85.34009,Udemy,20.992214,4.9427524
2092,Course_2092,Design,47,2587,69.61015,Udemy,59.54794,4.7253656
2093,Course_2093,Programming,20,4637,52.988422,LinkedIn Learning,124.1591,3.1305304
2094,Course_2094,Technology,46,4533,85.45453,LinkedIn Learning,81.45303,3.7053862
2097,Course_2097,Technology,72,136,50.87374,edX,183.27669,3.8080854
2098,Course_2098,Finance,83,477,78.07756,LinkedIn Learning,138.86325,4.342593
2099,Course_2099,Marketing,72,1291,74.21346,LinkedIn Learning,131.09067,4.471379
2101,Course_2101,Business,51,4484,54.004913,LinkedIn Learning,18.330769,3.9823472
2102,Course_2102,Office Tools,90,3638,79.84271,Udemy,170.08357,3.9215417
2105,Course_2105,AI,57,1759,62.200966,LinkedIn Learning,98.627045,3.0007033
2106,Course_2106,Marketing,40,4554,69.874435,Udemy,174.45364,3.001124
2107,Course_2107,Data Science,36,2271,67.840416,LinkedIn Learning,177.07883,4.646295
2108,Course_2108,Office Tools,16,1679,57.40678,LinkedIn Learning,110.21702,3.8376641
2109,Course_2109,Marketing,84,2401,67.11371,Udemy,78.04367,4.379976
2110,Course_2110,Office Tools,48,794,50.722527,LinkedIn Learning,104.77787,3.340342
2111,Course_2111,Design,76,252,75.894745,edX,67.63208,3.9151201
2112,Course_2112,Office Tools,56,3484,54.09318,Udemy,55.78522,3.7569077
2113,Course_2113,Marketing,81,1759,70.063545,LinkedIn Learning,108.20352,4.769166
2116,Course_2116,Finance,59,4777,59.170742,Udemy,66.28297,3.856435
2117,Course_2117,Business,66,2178,72.67646,LinkedIn Learning,112.76134,3.7254016
2118,Course_2118,Office Tools,76,568,65.01415,edX,147.40192,3.4768174
2119,Course_2119,Office Tools,10,2256,65.84316,Udemy,134.17023,3.905633
2121,Course_2121,Data Science,72,3153,76.98037,LinkedIn Learning,115.6952,3.6383722
2122,Course_2122,Data Science,94,280,62.11591,edX,72.39892,4.252063
2123,Course_2123,Design,50,4380,51.880096,Udemy,123.379135,4.262265
2124,Course_2124,Marketing,100,2209,92.86535,Udemy,133.53749,3.1009333
2125,Course_2125,Business,96,2912,61.22669,LinkedIn Learning,158.5866,4.1585736
2126,Course_2126,Programming,25,3262,75.5206,edX,191.14998,4.1568203
2128,Course_2128,Programming,97,1988,58.400696,edX,39.906918,4.052477
2130,Course_2130,Programming,86,4667,79.3683,Udemy,68.6017,4.5841436
2132,Course_2132,Programming,12,3337,65.68087,Udemy,189.57733,4.164475
2133,Course_2133,Business,40,4398,93.5268,Udemy,25.135345,3.4453514
2134,Course_2134,Finance,46,3095,67.10485,edX,51.58613,4.2248287
2135,Course_2135,Data Science,40,2220,77.67585,Udemy,67.53991,4.3596435
2136,Course_2136,Data Science,69,3052,63.700466,Udemy,165.17233,3.6592865
2137,Course_2137,Programming,89,2621,97.5439,Udemy,16.271637,4.7821674
2138,Course_2138,Design,50,4233,99.34263,edX,156.84595,4.6383505
2139,Course_2139,Finance,15,253,80.694855,edX,25.267843,4.9659643
2140,Course_2140,Office Tools,12,473,51.847004,Udemy,84.7264,3.1586819
2141,Course_2141,Office Tools,75,2553,98.60706,Udemy,10.918534,3.215856
2142,Course_2142,Office Tools,16,4173,56.6346,edX,27.509638,3.9073637
2143,Course_2143,Office Tools,27,3300,95.09758,LinkedIn Learning,122.20041,3.4349618
2144,Course_2144,Marketing,35,1405,86.01459,LinkedIn Learning,120.58325,4.495282
2145,Course_2145,AI,73,1190,82.32897,Udemy,65.62566,3.2547863
2146,Course_2146,Design,64,157,74.73079,edX,80.91378,3.2612777
2147,Course_2147,Marketing,41,1658,74.53061,edX,30.246397,3.3381994
2149,Course_2149,Technology,90,1616,95.06157,edX,78.07913,4.867969
2151,Course_2151,Business,81,3693,78.927376,LinkedIn Learning,65.59873,4.744272
2153,Course_2153,Data Science,65,1777,86.12559,LinkedIn Learning,31.149479,4.6459002
2154,Course_2154,Design,22,4759,83.94586,edX,135.09665,3.9121969
2155,Course_2155,Finance,33,2722,54.415253,Udemy,172.95563,3.8409603
2156,Course_2156,Technology,39,3014,55.315807,Udemy,148.72295,4.367059
2157,Course_2157,Finance,43,4838,94.129585,Udemy,144.98138,4.667194
2160,Course_2160,Programming,62,4815,73.216805,edX,126.114426,4.4737024
2161,Course_2161,Design,44,3961,60.240734,edX,108.25119,3.8017168
2162,Course_2162,Programming,78,3030,84.01583,edX,96.34938,4.8636937
2163,Course_2163,AI,12,926,72.084206,edX,72.038994,4.2183504
2165,Course_2165,Finance,17,3588,89.19893,edX,180.39606,3.9128318
2166,Course_2166,Marketing,94,3554,57.410515,LinkedIn Learning,91.912865,4.5736427
2167,Course_2167,Marketing,71,2169,89.52832,edX,74.91588,4.8952184
2168,Course_2168,Programming,23,1659,69.96659,edX,28.421398,3.5451255
2169,Course_2169,Technology,16,3701,66.85209,edX,196.97462,3.5625718
2170,Course_2170,Data Science,59,4458,96.3996,LinkedIn Learning,41.05582,3.3629913
2172,Course_2172,Marketing,58,1286,55.260242,Udemy,112.99461,3.9752448
2174,Course_2174,Programming,87,1642,91.10742,edX,61.530968,3.9262693
2176,Course_2176,Business,95,1243,96.72393,Udemy,187.31036,4.7630143
2177,Course_2177,Data Science,33,1082,89.201675,LinkedIn Learning,91.971565,3.334769
2180,Course_2180,Finance,96,4127,59.076622,Udemy,105.02664,4.838018
2181,Course_2181,Office Tools,92,1650,52.21806,LinkedIn Learning,120.86902,3.8113582
2182,Course_2182,Data Science,28,2904,65.22635,Udemy,83.46937,3.8275156
2183,Course_2183,Technology,75,1635,77.73914,Udemy,168.14798,4.2667665
2185,Course_2185,Marketing,56,808,99.530365,edX,139.66249,4.462898
2186,Course_2186,Programming,26,4176,96.99414,LinkedIn Learning,12.696707,4.5265164
2187,Course_2187,Business,32,3567,95.42319,LinkedIn Learning,77.55128,3.9942229
2188,Course_2188,Business,71,4164,54.430443,LinkedIn Learning,143.39262,4.8511443
2189,Course_2189,Design,48,3654,90.96338,Udemy,161.57858,4.483366
2191,Course_2191,Programming,80,2299,74.03879,edX,57.547016,4.9012465
2192,Course_2192,Office Tools,95,300,68.050545,Udemy,121.365204,3.1850808
2193,Course_2193,Technology,91,1405,57.41056,Udemy,148.08614,3.4876497
2195,Course_2195,Business,94,3579,66.67848,Udemy,134.99355,3.6107109
2196,Course_2196,Marketing,68,2520,93.43136,LinkedIn Learning,104.95865,3.9534807
2197,Course_2197,AI,92,909,78.70175,LinkedIn Learning,26.360924,3.5497835
2198,Course_2198,AI,27,1708,97.23212,edX,108.701355,4.2870994
2199,Course_2199,Programming,80,4191,80.3127,Udemy,79.786194,4.687286
2200,Course_2200,Business,84,1953,65.573685,edX,124.44854,3.4218233
2201,Course_2201,Business,21,3316,83.363266,edX,70.57492,3.3354938
2202,Course_2202,Business,56,3890,53.568172,Udemy,181.37946,3.4385834
2204,Course_2204,Finance,21,2025,61.39479,edX,84.20238,3.3594217
2205,Course_2205,Technology,71,735,81.265305,LinkedIn Learning,120.116455,4.22539
2206,Course_2206,Technology,36,798,63.76733,edX,162.58998,3.288524
2207,Course_2207,Technology,69,4807,96.00403,LinkedIn Learning,112.92784,4.6334243
2208,Course_2208,AI,68,3711,73.414566,Udemy,90.54033,4.6330457
2209,Course_2209,Programming,38,4610,85.836685,edX,102.313324,3.8960295
2210,Course_2210,Office Tools,68,895,60.008564,Udemy,141.95409,3.667346
2211,Course_2211,Data Science,88,2529,52.493908,edX,91.70648,4.378155
2212,Course_2212,Marketing,88,3173,97.818474,edX,85.8717,3.0954962
2214,Course_2214,Data Science,38,1631,62.721176,edX,101.28076,3.858062
2215,Course_2215,Design,45,4343,54.88403,Udemy,118.35857,4.4773993
2217,Course_2217,Finance,99,1522,57.401863,edX,85.28412,3.2281988
2220,Course_2220,Data Science,16,4584,68.16864,LinkedIn Learning,140.71841,4.422618
2221,Course_2221,Data Science,56,3604,73.88911,edX,77.99332,4.297249
2223,Course_2223,Technology,85,3366,74.499275,Udemy,71.54623,4.3210173
2224,Course_2224,Programming,96,2027,51.73719,edX,66.09513,4.4439926
2225,Course_2225,Data Science,36,4144,64.61812,LinkedIn Learning,63.345566,4.002044
2227,Course_2227,Finance,67,558,65.315735,LinkedIn Learning,99.79302,4.950758
2231,Course_2231,Finance,38,4816,97.51428,edX,190.14735,3.2071576
2232,Course_2232,Business,15,3588,83.75982,LinkedIn Learning,43.567333,4.0510263
2233,Course_2233,Technology,31,2845,73.07196,LinkedIn Learning,14.164651,3.6098886
2234,Course_2234,Business,87,3808,89.98902,LinkedIn Learning,99.44488,4.8551598
2236,Course_2236,Programming,72,3673,65.82555,Udemy,30.805315,4.9322987
2237,Course_2237,Data Science,79,2071,91.863014,edX,64.68616,4.955943
2239,Course_2239,Data Science,53,2413,72.940895,LinkedIn Learning,173.79094,4.4741993
2240,Course_2240,Marketing,20,441,98.37597,Udemy,89.45415,4.485546
2241,Course_2241,Data Science,14,2496,88.00154,edX,120.56723,4.3570886
2243,Course_2243,AI,58,4494,79.2085,edX,53.216434,4.3031554
2244,Course_2244,Marketing,99,1668,58.344967,edX,114.683716,3.090556
2247,Course_2247,AI,54,2421,65.27449,Udemy,139.89369,4.053916
2248,Course_2248,Finance,58,2989,63.137966,edX,173.16373,4.173361
2249,Course_2249,Office Tools,88,3367,55.82518,edX,111.60045,4.7052426
2251,Course_2251,Design,11,4439,55.159252,Udemy,132.59273,4.2628746
2253,Course_2253,AI,45,589,57.148228,Udemy,170.27702,3.8128436
2254,Course_2254,Marketing,83,1055,78.39175,Udemy,163.49657,3.769733
2255,Course_2255,Technology,99,2761,76.86218,Udemy,115.254196,4.002998
2257,Course_2257,Design,14,3863,92.51593,edX,72.221054,4.694366
2258,Course_2258,Finance,90,3529,51.881817,LinkedIn Learning,152.56302,4.545264
2259,Course_2259,AI,46,3944,58.246452,LinkedIn Learning,158.23119,4.177027
2260,Course_2260,Business,48,2190,99.74683,LinkedIn Learning,193.2915,3.4290566
2261,Course_2261,AI,55,3145,51.263657,Udemy,36.60429,3.7889569
2263,Course_2263,Design,78,1073,50.408768,Udemy,156.22873,3.251
2264,Course_2264,Technology,10,442,53.440804,Udemy,199.93129,3.666698
2265,Course_2265,Office Tools,74,625,74.234215,LinkedIn Learning,60.33366,4.431256
2266,Course_2266,Finance,43,509,76.52712,Udemy,24.76898,4.134135
2267,Course_2267,Finance,92,3457,51.921368,edX,139.32881,3.6201828
2268,Course_2268,Marketing,10,2228,93.674644,Udemy,26.267845,4.6013856
2269,Course_2269,Marketing,45,3499,56.077732,LinkedIn Learning,198.65663,3.8061843
2270,Course_2270,Data Science,54,3562,88.12094,edX,32.577114,4.867642
2274,Course_2274,Programming,38,405,72.75573,LinkedIn Learning,186.54727,3.9373715
2275,Course_2275,AI,25,2142,82.79043,LinkedIn Learning,145.3087,3.8231456
2276,Course_2276,Business,52,1148,98.3292,Udemy,114.90254,3.0569942
2278,Course_2278,AI,67,1573,61.06996,edX,94.92907,4.179004
2281,Course_2281,Marketing,11,1424,96.313995,edX,67.89568,4.7699494
2284,Course_2284,Programming,55,4857,61.461674,edX,190.44798,3.2432587
2285,Course_2285,Technology,65,4891,70.33858,LinkedIn Learning,165.55466,3.2225087
2286,Course_2286,Programming,72,4633,87.41278,Udemy,82.2872,4.8153167
2287,Course_2287,Office Tools,65,3655,72.72645,LinkedIn Learning,36.250313,4.9722147
2289,Course_2289,Business,59,444,69.97568,Udemy,138.92487,3.8918273
2290,Course_2290,Programming,84,4295,52.140537,LinkedIn Learning,126.336494,3.889409
2292,Course_2292,Technology,92,4079,74.99277,Udemy,58.330093,4.472729
2293,Course_2293,AI,95,4936,81.66923,edX,160.62437,4.1677675
2295,Course_2295,Technology,80,4572,96.14389,edX,48.504753,3.5705745
2297,Course_2297,Data Science,47,1473,80.290306,Udemy,193.48021,4.0007267
2298,Course_2298,Programming,53,2160,80.3617,Udemy,34.95704,3.43726
2299,Course_2299,Technology,36,4905,53.90912,edX,175.74577,3.5706723
2300,Course_2300,Programming,25,1524,64.181854,Udemy,160.40167,4.338926
2301,Course_2301,AI,58,3577,93.670654,edX,159.21144,4.762284
2302,Course_2302,Programming,11,4923,77.86946,LinkedIn Learning,91.48347,3.9619489
2304,Course_2304,Programming,71,4531,52.940243,Udemy,190.66045,4.074042
2305,Course_2305,Programming,33,1655,81.572876,edX,131.55031,4.733983
2308,Course_2308,Programming,69,3448,92.40517,edX,24.05204,3.8498392
2309,Course_2309,Data Science,49,4907,69.460884,Udemy,193.36536,4.837052
2310,Course_2310,Business,46,3195,73.515656,edX,177.33629,3.1644928
2311,Course_2311,Marketing,83,4596,76.14631,Udemy,26.382023,4.17293
2314,Course_2314,Data Science,64,4787,94.03793,edX,84.55567,3.753126
2315,Course_2315,AI,69,1354,52.83412,edX,182.94258,4.045972
2317,Course_2317,Technology,13,1429,63.918694,LinkedIn Learning,146.24231,3.6751804
2318,Course_2318,Finance,85,3278,89.736786,edX,104.471466,3.7590775
2319,Course_2319,Design,44,2952,63.224537,LinkedIn Learning,124.59028,3.0091882
2321,Course_2321,Technology,38,3001,50.86311,edX,42.685524,4.9884276
2322,Course_2322,AI,36,4524,92.50578,Udemy,180.77396,4.1932464
2323,Course_2323,Design,19,841,77.2015,LinkedIn Learning,192.89832,4.2067657
2324,Course_2324,AI,32,1444,76.37917,Udemy,76.81297,4.2568483
2325,Course_2325,Data Science,79,3724,59.19515,Udemy,177.28984,3.3659606
2326,Course_2326,Programming,29,1242,60.00453,edX,39.464005,4.090577
2327,Course_2327,Data Science,28,2942,94.09206,LinkedIn Learning,44.05417,3.125295
2329,Course_2329,Design,83,1423,61.904648,edX,71.175026,3.918414
2330,Course_2330,Marketing,75,846,99.43866,edX,100.441,3.6576798
2331,Course_2331,Data Science,11,108,64.31333,Udemy,182.35359,3.7043593
2332,Course_2332,Office Tools,58,4800,51.38101,Udemy,174.1418,3.1880128
2333,Course_2333,Office Tools,33,500,69.80244,LinkedIn Learning,99.00844,4.9233603
2334,Course_2334,Office Tools,51,3501,59.498966,LinkedIn Learning,176.15157,4.685099
2335,Course_2335,Programming,40,3605,58.444866,edX,47.373333,4.868099
2336,Course_2336,Office Tools,30,2526,51.991673,Udemy,157.30922,3.6684039
2337,Course_2337,Finance,97,4764,86.0136,LinkedIn Learning,10.139368,3.7890525
2338,Course_2338,Office Tools,34,1663,90.56375,LinkedIn Learning,176.49463,4.3290315
2339,Course_2339,AI,15,2838,60.05867,edX,145.56068,3.4789593
2340,Course_2340,Design,27,3956,54.461563,LinkedIn Learning,36.569004,3.9260347
2341,Course_2341,Data Science,12,1042,94.1771,Udemy,130.96162,3.43775
2343,Course_2343,AI,49,1027,68.472046,edX,88.50483,3.3879056
2344,Course_2344,Technology,98,2979,62.709442,Udemy,58.961765,3.8957732
2345,Course_2345,Technology,52,3096,68.329895,Udemy,10.634698,4.758683
2346,Course_2346,Finance,73,1381,80.35952,edX,171.53363,4.876303
2347,Course_2347,Data Science,47,456,98.48731,Udemy,194.84517,3.180141
2348,Course_2348,AI,15,3723,75.54498,Udemy,54.22415,4.819299
2349,Course_2349,Finance,99,2545,69.385315,edX,154.83296,3.9670413
2350,Course_2350,Business,69,1201,81.31018,LinkedIn Learning,104.21134,3.7930362
2352,Course_2352,Technology,61,2888,53.794964,Udemy,19.095797,4.554046
2353,Course_2353,AI,60,1543,99.78695,LinkedIn Learning,13.566855,4.359574
2354,Course_2354,Office Tools,27,229,95.28317,LinkedIn Learning,19.292282,3.6983697
2355,Course_2355,Technology,19,817,87.82865,edX,175.15288,3.1073003
2356,Course_2356,Design,76,3921,71.86198,LinkedIn Learning,108.162125,3.3911011
2357,Course_2357,Marketing,16,2930,62.06866,edX,172.2764,4.935255
2358,Course_2358,Finance,85,3081,56.254677,LinkedIn Learning,147.63353,4.098775
2359,Course_2359,Technology,97,600,82.96953,Udemy,124.80066,4.638041
2361,Course_2361,Business,87,4614,51.978565,edX,98.25889,3.8153543
2362,Course_2362,Office Tools,68,3841,84.133675,LinkedIn Learning,12.089162,3.157028
2364,Course_2364,Marketing,82,411,79.16111,edX,104.25157,4.4227633
2365,Course_2365,Marketing,39,3146,79.58931,edX,56.682766,4.4014616
2366,Course_2366,Design,26,329,93.03927,LinkedIn Learning,195.86119,4.993287
2367,Course_2367,Business,44,2564,71.48481,LinkedIn Learning,116.96186,3.1455998
2368,Course_2368,AI,99,2556,88.49544,edX,74.67558,4.9127975
2370,Course_2370,Design,34,4849,62.076786,LinkedIn Learning,174.05493,3.7590277
2371,Course_2371,Marketing,69,3253,78.953606,Udemy,147.33702,3.3094535
2372,Course_2372,Programming,20,380,86.181885,LinkedIn Learning,51.73079,4.1477456
2373,Course_2373,Business,72,2702,60.62567,edX,57.360218,3.721501
2374,Course_2374,Technology,99,3587,71.6992,Udemy,67.50876,3.6004229
2375,Course_2375,Office Tools,44,3433,71.9751,LinkedIn Learning,180.56102,4.651624
2376,Course_2376,Business,68,265,91.8755,Udemy,51.65964,4.805173
2378,Course_2378,Programming,50,2209,77.40518,LinkedIn Learning,182.74315,3.569425
2379,Course_2379,Business,25,498,65.93079,edX,55.411312,4.664446
2380,Course_2380,Business,52,4790,58.96347,LinkedIn Learning,100.062126,4.0164566
2381,Course_2381,Finance,80,2096,87.58444,edX,172.87126,4.3943415
2383,Course_2383,Office Tools,40,2933,98.97567,LinkedIn Learning,99.261505,3.6613953
2384,Course_2384,AI,22,3856,65.82595,edX,165.99637,3.0215185
2385,Course_2385,Programming,97,1009,96.38558,Udemy,168.96625,3.6964004
2387,Course_2387,Marketing,77,4382,94.525955,edX,48.464863,3.6427186
2388,Course_2388,Office Tools,39,2615,60.631817,LinkedIn Learning,39.26167,3.376311
2389,Course_2389,Finance,71,3652,68.08748,LinkedIn Learning,22.478016,3.0460875
2391,Course_2391,Office Tools,94,2420,51.742264,LinkedIn Learning,46.862576,3.0994341
2392,Course_2392,Finance,73,1099,88.89504,edX,69.64174,4.195634
2393,Course_2393,Business,65,1102,96.60278,Udemy,139.43362,3.7290344
2394,Course_2394,AI,30,1064,90.65159,edX,60.470123,3.5562544
2395,Course_2395,Technology,25,1648,79.24454,Udemy,21.73506,3.125726
2396,Course_2396,Marketing,25,2498,57.543655,Udemy,51.189445,4.675296
2397,Course_2397,Business,77,618,56.462452,edX,118.14869,4.9392867
2398,Course_2398,Data Science,27,3285,78.5483,edX,43.732723,3.906747
2399,Course_2399,Data Science,89,2761,94.72992,edX,153.36581,3.719048
2401,Course_2401,Office Tools,82,2438,71.448685,LinkedIn Learning,156.36646,3.2337747
2403,Course_2403,Business,30,371,95.49868,edX,22.127241,3.2160678
2404,Course_2404,Marketing,25,2873,76.14371,Udemy,35.767483,3.3356175
2405,Course_2405,Data Science,52,807,69.45026,edX,11.328334,3.155522
2406,Course_2406,Office Tools,89,1535,73.35477,Udemy,65.25528,3.1198375
2407,Course_2407,Office Tools,40,1414,67.25642,LinkedIn Learning,63.55855,3.4078984
2408,Course_2408,Marketing,27,351,90.582,edX,14.956163,3.395657
2409,Course_2409,Technology,48,1107,96.043915,LinkedIn Learning,58.322166,3.7818773
2410,Course_2410,Programming,88,834,83.47107,edX,110.07461,3.065907
2411,Course_2411,Technology,45,2970,71.36462,Udemy,18.380672,3.6880414
2412,Course_2412,Marketing,16,4487,64.87998,edX,108.28446,3.5017567
2413,Course_2413,Data Science,17,1126,56.66069,edX,43.04493,4.697299
2415,Course_2415,Office Tools,70,1623,73.60936,edX,124.07173,3.1070318
2416,Course_2416,AI,89,2388,78.89107,edX,39.381886,3.050093
2417,Course_2417,Data Science,78,617,67.115074,edX,68.41138,4.8862567
2419,Course_2419,Technology,83,2808,65.501724,Udemy,173.68172,3.000149
2421,Course_2421,Design,42,2110,94.55914,Udemy,135.63461,4.1563506
2422,Course_2422,Data Science,94,4343,85.507324,edX,129.85812,4.231356
2423,Course_2423,Data Science,50,694,91.789085,LinkedIn Learning,96.52176,3.90184
2424,Course_2424,Data Science,26,2455,89.68126,edX,189.16101,3.2862816
2425,Course_2425,Business,95,3865,77.36308,edX,119.94779,3.2702062
2426,Course_2426,Programming,22,808,50.023216,LinkedIn Learning,120.63147,4.105177
2427,Course_2427,AI,93,2893,93.915115,LinkedIn Learning,97.31661,4.6353216
2428,Course_2428,Office Tools,38,2684,76.02656,edX,87.22924,4.2548347
2429,Course_2429,AI,56,3667,72.742645,LinkedIn Learning,136.01295,3.8414192
2430,Course_2430,Programming,22,3602,82.76827,Udemy,164.01521,3.6599057
2431,Course_2431,AI,97,1263,85.09979,LinkedIn Learning,14.845807,4.307938
2432,Course_2432,Marketing,78,3004,72.451904,LinkedIn Learning,24.234432,3.276255
2435,Course_2435,Business,60,665,71.632706,edX,48.505264,3.9343944
2436,Course_2436,Design,47,2273,85.543594,edX,194.21237,3.9965587
2437,Course_2437,Technology,39,330,87.90017,Udemy,78.93485,4.5258512
2439,Course_2439,Business,18,4060,65.51264,LinkedIn Learning,11.973799,4.9480214
2440,Course_2440,Programming,31,3266,54.347458,LinkedIn Learning,70.594696,4.687886
2441,Course_2441,Design,59,2289,67.47895,LinkedIn Learning,153.03635,4.8066564
2442,Course_2442,Data Science,10,600,55.318325,edX,90.12002,4.442585
2443,Course_2443,Data Science,46,475,97.74732,Udemy,173.48413,3.8585021
2444,Course_2444,Office Tools,71,1381,88.68145,Udemy,162.40144,4.2358384
2445,Course_2445,Marketing,89,3682,79.29143,Udemy,94.1701,3.0009892
2446,Course_2446,Design,51,3145,58.41149,Udemy,109.2596,4.219676
2447,Course_2447,Business,35,3601,50.976303,LinkedIn Learning,120.79158,3.9715958
2449,Course_2449,Finance,37,4075,83.26681,edX,138.33325,3.2947016
2450,Course_2450,Data Science,63,777,68.75965,Udemy,74.99017,4.811214
2451,Course_2451,Programming,89,923,98.60492,LinkedIn Learning,55.75281,3.957398
2453,Course_2453,Data Science,22,3106,56.288216,Udemy,110.99146,4.6515036
2454,Course_2454,Technology,27,3592,83.54427,LinkedIn Learning,21.673903,3.0542805
2455,Course_2455,Programming,27,4017,97.79337,edX,172.8282,3.7110555
2456,Course_2456,Business,99,770,95.58313,edX,158.67636,3.889673
2458,Course_2458,Marketing,49,4748,50.597622,LinkedIn Learning,122.441826,4.756072
2459,Course_2459,Design,62,357,81.06834,Udemy,32.294075,4.4238267
2461,Course_2461,Design,68,3771,85.383835,edX,134.99313,3.1914692
2462,Course_2462,AI,32,1424,96.30457,edX,20.76589,4.841174
2464,Course_2464,Office Tools,20,2862,91.64385,LinkedIn Learning,91.23745,3.4998877
2465,Course_2465,Technology,21,4681,67.44894,Udemy,88.79707,3.2405407
2466,Course_2466,Design,72,1337,84.94304,LinkedIn Learning,55.97945,4.512335
2468,Course_2468,Programming,67,1881,52.018436,Udemy,114.605576,4.4433627
2470,Course_2470,AI,94,136,70.43116,Udemy,183.52232,4.0656104
2471,Course_2471,Business,100,1805,91.50702,Udemy,69.97238,3.9830565
2472,Course_2472,Data Science,14,1917,71.6852,Udemy,76.67472,4.3709064
2473,Course_2473,AI,35,4870,73.340256,Udemy,69.18157,4.09301
2474,Course_2474,AI,31,681,73.096245,edX,143.26497,4.060263
2475,Course_2475,Programming,90,324,90.74802,Udemy,83.640945,4.3406897
2476,Course_2476,Technology,62,1372,99.837265,edX,17.298592,4.0292892
2477,Course_2477,Marketing,82,4401,70.022514,Udemy,130.57681,3.4886596
2478,Course_2478,Office Tools,88,1908,75.65962,Udemy,30.700808,4.1799426
2479,Course_2479,Design,20,1562,74.57441,edX,125.95953,3.189351
2480,Course_2480,AI,82,1169,90.085625,edX,170.86012,3.9238744
2481,Course_2481,AI,63,2587,97.930725,LinkedIn Learning,171.29265,3.9738019
2483,Course_2483,Design,25,3984,91.13442,LinkedIn Learning,134.04103,3.0966916
2484,Course_2484,Data Science,13,518,94.61087,LinkedIn Learning,31.068064,4.9183035
2485,Course_2485,Marketing,87,1248,83.88758,Udemy,56.357716,3.429998
2486,Course_2486,Marketing,46,4755,88.71282,LinkedIn Learning,147.10464,3.869319
2487,Course_2487,Marketing,55,3801,88.71202,LinkedIn Learning,190.08792,4.9285536
2488,Course_2488,Business,30,4440,76.456276,Udemy,188.20964,4.7778487
2489,Course_2489,Marketing,58,4795,63.829052,LinkedIn Learning,141.86046,4.0272427
2490,Course_2490,Programming,65,1323,61.293365,edX,111.03121,4.156895
2491,Course_2491,Business,85,233,88.4745,LinkedIn Learning,91.04136,4.103306
2492,Course_2492,AI,23,4344,82.51359,Udemy,174.80379,4.9605546
2494,Course_2494,Technology,81,1269,54.80465,edX,78.72113,4.2511716
2495,Course_2495,Programming,80,1725,54.476906,edX,91.156624,4.926295
2496,Course_2496,Finance,80,3272,76.46535,edX,161.21577,4.3232226
2497,Course_2497,AI,49,2798,81.13715,LinkedIn Learning,108.36577,4.5933466
2498,Course_2498,Business,52,453,89.13824,LinkedIn Learning,163.4857,3.010929
2499,Course_2499,Business,76,4692,77.679665,LinkedIn Learning,23.666746,4.3363333
2500,Course_2500,Office Tools,36,1657,64.3072,edX,137.95255,3.2268279
2502,Course_2502,Technology,40,1237,56.880592,LinkedIn Learning,43.34833,3.2925065
2503,Course_2503,Technology,34,3510,56.31156,Udemy,163.12541,4.4281387
2504,Course_2504,Marketing,15,4537,90.402985,Udemy,15.221341,3.0611613
2505,Course_2505,Marketing,37,2350,93.940056,edX,160.4266,4.9991755
2506,Course_2506,Design,52,4713,62.54772,Udemy,117.325714,3.4983416
2507,Course_2507,Technology,36,1268,51.666748,LinkedIn Learning,157.3905,3.062179
2508,Course_2508,Finance,24,3248,69.64144,Udemy,42.0579,4.787506
2509,Course_2509,Office Tools,87,906,92.34103,edX,139.21483,4.423157
2510,Course_2510,Business,68,310,72.79968,edX,108.816185,3.2805123
2512,Course_2512,Design,38,2661,78.989235,Udemy,118.34026,3.6495903
2513,Course_2513,Programming,70,850,59.53247,Udemy,105.97988,3.425193
2514,Course_2514,Office Tools,99,4183,58.17405,edX,103.2083,3.2221565
2515,Course_2515,AI,21,4437,81.365425,edX,109.10027,4.514096
2516,Course_2516,Finance,27,1641,64.15412,LinkedIn Learning,114.45349,3.8122442
2517,Course_2517,Finance,14,4592,61.02063,LinkedIn Learning,36.315365,4.5321803
2518,Course_2518,Office Tools,54,2492,52.6049,edX,164.37402,4.666859
2519,Course_2519,Office Tools,97,2133,92.499245,LinkedIn Learning,62.43544,4.4227996
2520,Course_2520,Technology,92,2067,89.15192,LinkedIn Learning,70.245026,3.2552435
2522,Course_2522,Design,91,1986,55.962852,LinkedIn Learning,144.92303,4.202784
2523,Course_2523,Programming,36,1982,85.22054,Udemy,11.774644,3.5366552
2524,Course_2524,AI,37,4459,65.13983,LinkedIn Learning,86.16789,3.4477637
2525,Course_2525,Programming,13,1866,70.357216,Udemy,18.12287,4.1837673
2526,Course_2526,Design,62,925,52.510082,LinkedIn Learning,73.30212,3.8392043
2527,Course_2527,AI,91,4423,87.02307,Udemy,159.23842,3.4358127
2529,Course_2529,Marketing,92,2934,60.022106,LinkedIn Learning,88.723915,4.029668
2532,Course_2532,Office Tools,18,220,55.53911,edX,101.41182,4.2438755
2533,Course_2533,Finance,27,3203,62.98184,Udemy,26.878841,3.1013749
2534,Course_2534,AI,13,3131,85.97639,LinkedIn Learning,149.21136,3.079167
2535,Course_2535,Finance,82,1001,68.880745,edX,143.30835,4.803557
2537,Course_2537,Data Science,65,2662,92.63925,edX,33.737976,4.889707
2540,Course_2540,Programming,12,2651,50.149704,Udemy,132.77515,3.0626152
2541,Course_2541,Business,41,3873,82.76106,Udemy,17.362257,3.6638925
2542,Course_2542,Programming,15,120,52.27737,edX,162.75905,3.6345956
2543,Course_2543,Marketing,57,658,60.158695,edX,182.6155,4.196555
2544,Course_2544,AI,52,633,50.201126,LinkedIn Learning,20.510052,4.5603123
2545,Course_2545,Business,24,963,63.29385,LinkedIn Learning,51.11552,4.2534723
2546,Course_2546,Business,54,3469,64.1774,LinkedIn Learning,122.86878,4.4391294
2547,Course_2547,Business,18,2640,70.29527,Udemy,42.46005,4.421764
2548,Course_2548,Design,68,4409,66.5848,edX,167.08952,4.3728414
2549,Course_2549,Technology,75,1326,60.54036,Udemy,84.64021,3.7467375
2550,Course_2550,Business,98,3267,77.568596,edX,107.95617,3.8279905
2552,Course_2552,AI,35,2704,53.628067,Udemy,18.740433,4.7602463
2553,Course_2553,Office Tools,14,1191,94.15358,edX,80.23796,3.8646958
2554,Course_2554,Marketing,17,1980,89.230736,LinkedIn Learning,53.62146,3.5272398
2556,Course_2556,AI,82,1374,99.09263,edX,116.3446,3.2866635
2558,Course_2558,Programming,92,4292,82.83637,edX,68.852776,3.3443713
2559,Course_2559,Business,24,1698,86.56996,Udemy,92.204025,4.6360383
2560,Course_2560,Data Science,38,3293,96.607475,LinkedIn Learning,133.84193,3.0435014
2561,Course_2561,Data Science,56,743,66.76563,Udemy,177.71625,4.971462
2562,Course_2562,Programming,34,2768,77.85823,LinkedIn Learning,158.06085,4.8508487
2564,Course_2564,Business,45,2390,77.5844,edX,102.88479,3.824189
2565,Course_2565,Design,23,5000,56.863472,LinkedIn Learning,24.938023,4.290555
2566,Course_2566,Data Science,28,4783,52.509426,Udemy,120.482285,4.986573
2567,Course_2567,Programming,51,3700,96.702354,Udemy,127.71934,4.991713
2568,Course_2568,Marketing,65,1376,55.977108,edX,131.87991,4.1392574
2570,Course_2570,Marketing,51,306,59.769318,Udemy,143.56989,4.2066035
2572,Course_2572,Office Tools,92,248,68.24975,Udemy,58.816082,4.7922244
2574,Course_2574,Office Tools,96,3396,94.66471,edX,105.18902,3.4791996
2575,Course_2575,AI,11,4949,72.06512,Udemy,113.63226,3.0371025
2576,Course_2576,AI,72,2751,63.12994,Udemy,17.03603,4.285538
2577,Course_2577,Finance,39,638,89.24868,Udemy,131.38441,4.924772
2578,Course_2578,Office Tools,54,2410,80.415436,edX,176.39706,4.7323365
2580,Course_2580,Finance,78,2501,96.129105,edX,186.48132,4.2694182
2581,Course_2581,Finance,58,1557,63.78159,Udemy,194.94641,3.1533177
2582,Course_2582,AI,12,3802,95.367386,Udemy,173.9568,4.153155
2583,Course_2583,Finance,77,1348,66.957634,LinkedIn Learning,59.910976,4.4272337
2584,Course_2584,Marketing,95,3465,56.936943,LinkedIn Learning,76.21876,4.9169893
2585,Course_2585,AI,25,413,64.69555,edX,52.73956,3.7544231
2586,Course_2586,AI,55,1396,89.768875,Udemy,138.31412,3.0331743
2587,Course_2587,Design,10,3945,72.60494,Udemy,114.03532,4.8359575
2588,Course_2588,Technology,75,4421,72.33937,LinkedIn Learning,23.604202,3.5256832
2590,Course_2590,Design,61,308,88.53939,edX,102.40185,3.2789867
2591,Course_2591,Data Science,12,3124,91.64504,edX,159.04024,4.4792542
2593,Course_2593,Finance,49,4038,87.158936,Udemy,183.07312,4.756655
2595,Course_2595,Programming,73,327,63.29803,Udemy,59.3626,4.9598866
2599,Course_2599,Office Tools,12,3933,59.991325,edX,38.390842,3.8871567
2602,Course_2602,Office Tools,95,403,76.62161,LinkedIn Learning,159.40326,3.2577999
2603,Course_2603,Office Tools,73,1516,59.53667,edX,182.88936,3.89254
2605,Course_2605,Technology,88,4057,75.63643,Udemy,53.753365,4.5510883
2606,Course_2606,Business,95,2483,89.36107,edX,39.525944,3.4146976
2607,Course_2607,Marketing,40,3331,72.774254,Udemy,196.93018,4.946218
2608,Course_2608,Business,63,261,68.78423,Udemy,187.77943,4.303823
2609,Course_2609,Finance,95,4195,89.966545,Udemy,82.31929,3.3471453
2610,Course_2610,Office Tools,77,4652,56.814915,Udemy,20.978788,4.9474344
2611,Course_2611,Data Science,80,488,88.507614,LinkedIn Learning,165.7398,3.6963549
2612,Course_2612,Marketing,20,4498,56.38597,LinkedIn Learning,18.238457,4.006748
2613,Course_2613,Design,40,1319,74.497795,edX,73.03589,4.232331
2614,Course_2614,Business,57,171,91.96999,Udemy,23.814735,3.0547476
2617,Course_2617,Data Science,14,4357,79.99626,edX,98.6325,4.0054464
2618,Course_2618,Marketing,70,4751,99.67077,Udemy,104.716125,3.0516648
2619,Course_2619,Finance,56,2314,75.007805,Udemy,59.853542,3.3296313
2620,Course_2620,Business,90,3388,96.542816,Udemy,175.4379,3.9690332
2621,Course_2621,Design,84,1877,94.28524,Udemy,118.71031,3.9041712
2623,Course_2623,AI,24,4468,60.831013,Udemy,94.682175,4.776125
2624,Course_2624,AI,78,2197,82.13213,LinkedIn Learning,61.978188,3.5081747
2625,Course_2625,Data Science,13,4462,63.818726,edX,90.29012,4.469516
2626,Course_2626,Business,73,1941,69.75329,Udemy,193.39069,4.796535
2628,Course_2628,Business,85,1674,77.20713,LinkedIn Learning,74.22702,4.4717975
2629,Course_2629,Office Tools,46,2386,58.336174,Udemy,169.5362,4.2746243
2630,Course_2630,Marketing,85,1591,54.957726,Udemy,194.98701,4.332487
2632,Course_2632,Marketing,33,3454,76.59896,LinkedIn Learning,74.2864,3.8070052
2633,Course_2633,Programming,18,1801,66.72975,edX,112.16041,3.1075215
2635,Course_2635,Business,100,986,60.40815,edX,108.9949,3.1940103
2636,Course_2636,Finance,85,3270,63.143543,LinkedIn Learning,14.279212,3.1315584
2637,Course_2637,Data Science,64,389,82.10348,LinkedIn Learning,165.30058,3.0299683
2639,Course_2639,Office Tools,31,4155,84.82638,Udemy,196.30052,4.794912
2640,Course_2640,Marketing,62,4075,93.83635,edX,138.93355,4.177659
2642,Course_2642,AI,74,663,72.30742,edX,167.03336,3.7705178
2643,Course_2643,Data Science,18,1107,93.70567,edX,189.51486,4.814827
2644,Course_2644,Design,72,1816,85.96026,edX,44.050167,3.3868983
2645,Course_2645,Finance,53,1721,79.45702,Udemy,33.556595,3.8644044
2646,Course_2646,Design,85,3809,96.15634,Udemy,21.762524,3.3113234
2650,Course_2650,Programming,59,3675,86.32764,LinkedIn Learning,14.420823,3.1520555
2651,Course_2651,Data Science,74,2838,73.3399,edX,187.6683,3.337747
2652,Course_2652,Design,13,2769,51.673256,Udemy,135.10535,4.130652
2653,Course_2653,Technology,84,3997,51.79091,LinkedIn Learning,87.94706,4.2280345
2655,Course_2655,Design,80,1375,72.37631,edX,103.28215,4.5266027
2656,Course_2656,Technology,79,1811,93.37751,edX,24.569277,4.056736
2659,Course_2659,Business,81,1540,67.37176,Udemy,180.10709,3.5843143
2660,Course_2660,Finance,56,3742,87.88048,Udemy,15.702183,4.923162
2661,Course_2661,Office Tools,45,313,63.638504,edX,89.98332,4.891313
2664,Course_2664,Data Science,85,380,81.60986,Udemy,97.29407,3.6123235
2666,Course_2666,Technology,79,4539,81.96813,edX,194.15268,4.056845
2667,Course_2667,Marketing,26,148,90.944466,edX,153.1383,4.3803506
2668,Course_2668,Design,32,3346,85.83763,edX,94.44205,3.4991832
2669,Course_2669,Office Tools,36,1513,85.482315,Udemy,172.36502,4.1188035
2670,Course_2670,Data Science,53,797,64.50885,LinkedIn Learning,60.300663,3.7317984
2672,Course_2672,Programming,53,3400,64.68428,edX,28.857224,4.4115324
2673,Course_2673,Finance,34,1778,64.46728,Udemy,180.22794,4.5904684
2674,Course_2674,Design,12,509,91.22852,Udemy,80.819664,4.8425508
2675,Course_2675,Data Science,71,2135,72.913055,edX,155.4622,3.5813794
2676,Course_2676,Programming,95,3369,95.01977,Udemy,135.12608,3.4794722
2678,Course_2678,Data Science,12,1281,98.48075,LinkedIn Learning,35.727802,3.739113
2680,Course_2680,AI,59,379,92.066345,edX,102.01106,4.8121533
2682,Course_2682,Office Tools,33,246,85.37823,Udemy,116.40293,3.080751
2683,Course_2683,Marketing,54,646,84.85234,LinkedIn Learning,22.059645,4.321386
2684,Course_2684,Programming,14,1141,85.31847,Udemy,168.25406,3.2159283
2687,Course_2687,Design,16,4197,59.970142,Udemy,141.08461,3.9544709
2689,Course_2689,Data Science,66,4664,82.18901,Udemy,112.6813,3.8340008
2690,Course_2690,Design,93,3762,69.10774,Udemy,195.05835,4.1242285
2691,Course_2691,Technology,49,155,93.306015,LinkedIn Learning,156.24307,3.6484609
2692,Course_2692,Design,34,1747,93.41259,Udemy,137.22159,3.4715512
2693,Course_2693,Programming,64,900,95.83545,LinkedIn Learning,186.06543,4.286991
2694,Course_2694,Finance,51,4415,88.06439,Udemy,138.6073,3.8344147
2695,Course_2695,Office Tools,10,303,53.15856,edX,137.78471,4.8414574
2697,Course_2697,Programming,61,338,51.247753,Udemy,81.10257,3.2703314
2698,Course_2698,Business,95,3063,73.10341,LinkedIn Learning,48.06859,4.522413
2701,Course_2701,Programming,60,4556,61.719917,edX,32.32247,3.0989637
2703,Course_2703,Finance,13,1788,70.95496,edX,160.61989,3.5221543
2704,Course_2704,AI,71,719,90.55351,Udemy,42.463947,4.877553
2706,Course_2706,Marketing,87,4733,72.909515,Udemy,91.98424,4.337452
2707,Course_2707,Data Science,75,2048,83.07576,edX,138.56776,3.263246
2709,Course_2709,Office Tools,67,1346,71.310295,LinkedIn Learning,62.363323,3.5052378
2711,Course_2711,Office Tools,80,619,88.81063,Udemy,173.88165,4.5366144
2713,Course_2713,Business,10,989,69.13774,LinkedIn Learning,64.46517,4.8851423
2714,Course_2714,Office Tools,100,511,57.65325,edX,165.21132,3.9501085
2715,Course_2715,Design,22,1999,61.839855,LinkedIn Learning,131.9941,3.875733
2716,Course_2716,Business,63,3392,79.78101,edX,14.294015,3.2909262
2717,Course_2717,Technology,79,1181,93.04809,edX,75.935036,3.270204
2718,Course_2718,Programming,94,782,93.325455,LinkedIn Learning,63.406216,4.486549
2719,Course_2719,Design,25,3831,56.367287,Udemy,126.72504,3.4067626
2720,Course_2720,Design,27,3213,97.06578,LinkedIn Learning,185.33437,3.5135183
2721,Course_2721,Data Science,86,1955,94.93338,LinkedIn Learning,146.67133,4.471839
2722,Course_2722,Technology,80,1724,88.59181,LinkedIn Learning,188.2676,4.884072
2723,Course_2723,Programming,58,1892,80.57991,Udemy,96.121414,4.704049
2724,Course_2724,Technology,62,1474,59.73198,LinkedIn Learning,35.341434,3.22484
2727,Course_2727,AI,55,2383,98.515396,LinkedIn Learning,92.93613,3.251732
2728,Course_2728,Finance,81,2193,95.362274,Udemy,18.280153,4.396125
2729,Course_2729,Data Science,84,477,60.485035,edX,91.291855,3.229977
2730,Course_2730,Finance,100,4105,85.368065,Udemy,179.64085,3.9645612
2731,Course_2731,Programming,38,672,50.65099,Udemy,44.107014,4.9511395
2733,Course_2733,Marketing,69,2188,54.286453,Udemy,198.40894,3.199064
2734,Course_2734,Business,45,1697,65.41674,LinkedIn Learning,110.3429,3.213587
2736,Course_2736,Design,84,3526,83.37253,LinkedIn Learning,121.34679,4.388407
2739,Course_2739,Technology,96,2595,87.063995,Udemy,189.70139,4.590304
2740,Course_2740,Marketing,68,4870,69.6289,Udemy,186.03012,4.0092354
2741,Course_2741,Data Science,80,4471,59.02759,edX,110.37045,4.1093373
2742,Course_2742,Finance,46,1548,73.11498,Udemy,121.85989,4.844806
2743,Course_2743,Technology,85,1578,69.75746,edX,141.62663,4.5630245
2744,Course_2744,Marketing,37,982,90.3892,edX,185.09088,4.3933153
2745,Course_2745,AI,58,4211,87.21602,LinkedIn Learning,96.18756,4.116121
2746,Course_2746,Marketing,78,4811,85.05885,LinkedIn Learning,109.936356,4.295354
2747,Course_2747,Technology,80,4025,67.94,edX,99.715096,3.168429
2749,Course_2749,Programming,80,987,96.937965,LinkedIn Learning,107.5878,4.13681
2750,Course_2750,Data Science,14,1854,55.420486,Udemy,29.571848,3.9522703
2751,Course_2751,Marketing,44,1330,94.12445,Udemy,131.33925,3.8852432
2752,Course_2752,Technology,25,2196,84.19741,edX,194.81189,4.1483455
2753,Course_2753,Marketing,82,4995,60.50411,Udemy,190.08405,3.5564058
2754,Course_2754,Marketing,13,2292,60.177525,Udemy,91.710014,3.9583645
2756,Course_2756,Design,93,730,72.62892,Udemy,194.70535,4.3604355
2757,Course_2757,Marketing,83,4893,51.848545,edX,28.626514,4.824593
2758,Course_2758,AI,92,4559,52.78869,LinkedIn Learning,176.0772,3.7258315
2759,Course_2759,Office Tools,18,3924,81.98898,Udemy,187.42398,4.6960692
2760,Course_2760,Technology,32,1963,86.05661,edX,95.14831,3.8373435
2761,Course_2761,AI,37,3916,85.00441,Udemy,187.46658,3.0133574
2762,Course_2762,Business,65,2451,84.15234,LinkedIn Learning,182.20148,3.217552
2763,Course_2763,Programming,20,2356,75.37894,LinkedIn Learning,41.83138,4.993196
2764,Course_2764,Marketing,28,1294,69.839005,Udemy,137.53041,3.2282727
2766,Course_2766,Data Science,24,1531,79.39301,Udemy,76.547874,4.667243
2767,Course_2767,Office Tools,40,1415,96.442856,Udemy,78.82156,3.7242303
2768,Course_2768,Data Science,38,4254,72.34267,LinkedIn Learning,19.400843,4.0982733
2769,Course_2769,Finance,85,2485,79.56547,Udemy,42.260178,3.4537597
2770,Course_2770,Programming,98,432,73.83737,edX,100.238686,3.0060527
2771,Course_2771,Design,52,2006,85.02537,Udemy,14.760687,4.87532
2772,Course_2772,Business,11,494,82.717674,edX,98.43497,4.97913
2773,Course_2773,Marketing,48,2972,99.49849,Udemy,136.81291,4.123094
2774,Course_2774,Business,32,2885,72.85655,LinkedIn Learning,107.51772,3.5575223
2775,Course_2775,Marketing,100,4531,57.892845,edX,170.71074,3.5448434
2776,Course_2776,Design,89,2658,67.24856,Udemy,190.77184,4.3710194
2778,Course_2778,Finance,17,1502,98.07259,LinkedIn Learning,89.86075,4.76424
2781,Course_2781,Finance,46,3699,65.53315,LinkedIn Learning,188.47453,3.257125
2782,Course_2782,Technology,84,2715,57.07691,Udemy,101.004166,4.6924453
2784,Course_2784,AI,70,3942,73.541374,Udemy,24.332088,4.897846
2785,Course_2785,AI,44,4327,64.33905,LinkedIn Learning,199.8621,4.757639
2786,Course_2786,AI,67,671,74.26873,LinkedIn Learning,159.39352,3.8531775
2788,Course_2788,Business,38,2600,61.621964,LinkedIn Learning,181.56326,4.505704
2790,Course_2790,Data Science,84,637,61.722904,LinkedIn Learning,153.86845,4.525892
2791,Course_2791,Design,59,1727,60.759087,Udemy,133.01549,3.162505
2792,Course_2792,Technology,53,868,50.8168,Udemy,37.53286,3.5016894
2794,Course_2794,Programming,49,4249,69.018486,edX,48.01043,4.1020036
2795,Course_2795,Finance,51,4817,64.93373,Udemy,37.431404,4.5110564
2796,Course_2796,Technology,94,3424,91.161575,Udemy,20.43242,4.731478
2797,Course_2797,Finance,18,3814,56.578686,edX,169.92795,4.5057635
2798,Course_2798,AI,52,2934,65.83422,edX,199.03458,3.293298
2799,Course_2799,Marketing,57,2277,98.68282,Udemy,142.80736,3.0467348
2801,Course_2801,AI,23,1575,60.208717,LinkedIn Learning,19.631824,3.623241
2802,Course_2802,Finance,80,2129,86.08448,edX,53.593506,3.4930842
2803,Course_2803,Technology,46,4341,82.69384,Udemy,98.53021,3.0288215
2805,Course_2805,Finance,77,1900,51.03754,edX,27.185959,4.047447
2806,Course_2806,Office Tools,83,2893,81.23805,Udemy,82.75269,3.691896
2809,Course_2809,Technology,66,4575,64.37209,edX,37.636105,3.8177662
2810,Course_2810,Data Science,89,2275,80.41007,LinkedIn Learning,38.93477,3.5222473
2811,Course_2811,AI,19,3725,65.19961,LinkedIn Learning,100.95056,3.7688298
2812,Course_2812,Office Tools,72,1198,57.405712,edX,169.9678,3.2319648
2813,Course_2813,Business,53,3179,71.56986,Udemy,11.974522,3.6430006
2814,Course_2814,Finance,43,2855,95.83768,Udemy,41.307377,3.8600726
2816,Course_2816,Office Tools,23,4145,54.775433,edX,121.225655,4.814506
2819,Course_2819,AI,43,4243,60.209553,LinkedIn Learning,143.99925,3.6695786
2820,Course_2820,Design,43,1056,55.5925,edX,112.94845,4.449441
2821,Course_2821,Technology,73,188,52.65469,Udemy,154.77354,4.3680816
2822,Course_2822,Programming,21,3299,71.392426,LinkedIn Learning,19.1524,4.1893616
2823,Course_2823,Design,88,1630,57.42181,LinkedIn Learning,188.38039,4.471358
2824,Course_2824,Technology,92,4445,73.748375,LinkedIn Learning,130.2958,4.499717
2825,Course_2825,Data Science,50,834,81.897644,edX,178.4154,3.9644594
2827,Course_2827,Business,52,3014,57.806717,edX,136.41812,3.1242414
2828,Course_2828,Marketing,33,3995,84.79072,LinkedIn Learning,155.52968,3.1174963
2830,Course_2830,Finance,48,3673,70.40764,edX,169.78897,4.6579056
2831,Course_2831,Technology,61,4593,66.55766,LinkedIn Learning,190.64958,3.658686
2832,Course_2832,Finance,41,1034,73.99931,Udemy,139.0011,4.675418
2833,Course_2833,Design,41,4088,64.741875,edX,67.89443,4.5534973
2835,Course_2835,Technology,16,1304,81.94699,Udemy,130.54128,3.1269565
2836,Course_2836,Design,92,3341,93.93139,edX,81.32681,4.002059
2839,Course_2839,AI,72,3221,86.07487,LinkedIn Learning,107.310555,4.8592744
2842,Course_2842,Finance,39,2019,61.458546,Udemy,187.72665,4.5709476
2844,Course_2844,Data Science,70,808,76.16471,edX,199.42201,3.06067
2845,Course_2845,AI,60,236,66.357925,Udemy,138.19284,4.026236
2846,Course_2846,AI,14,4367,94.47388,edX,118.5515,4.8353953
2847,Course_2847,Data Science,25,1270,94.00691,edX,29.596172,3.1465876
2848,Course_2848,Data Science,75,3712,68.15108,Udemy,150.18727,4.9414134
2849,Course_2849,Finance,85,4073,60.59881,Udemy,127.94789,3.736747
2851,Course_2851,Design,64,1939,91.86041,edX,115.37629,3.531693
2852,Course_2852,Finance,66,1307,87.8205,Udemy,160.46553,4.059242
2853,Course_2853,AI,25,4092,77.50164,Udemy,11.233034,4.987157
2854,Course_2854,Office Tools,51,4327,94.82235,edX,194.80841,3.2983096
2856,Course_2856,Design,76,3013,74.110085,LinkedIn Learning,109.152885,4.7183247
2857,Course_2857,Data Science,40,4073,81.92484,edX,197.62509,3.3640864
2860,Course_2860,Office Tools,52,4562,68.752975,Udemy,132.70294,3.1631248
2861,Course_2861,Technology,63,1556,68.470566,LinkedIn Learning,77.50203,3.3905644
2862,Course_2862,Marketing,37,4962,64.700836,edX,130.33109,4.0647006
2863,Course_2863,Office Tools,34,1504,82.66142,edX,176.68958,3.8465407
2865,Course_2865,Finance,78,1454,94.19895,edX,107.688446,4.411663
2866,Course_2866,Office Tools,99,2116,69.98238,Udemy,128.93825,3.6494198
2867,Course_2867,Finance,12,3912,67.06595,LinkedIn Learning,145.39069,3.6326134
2868,Course_2868,Marketing,81,2870,69.79133,LinkedIn Learning,22.732075,4.0939507
2869,Course_2869,Technology,58,2730,79.205574,Udemy,147.49057,3.1794603
2871,Course_2871,Design,91,3100,91.19572,LinkedIn Learning,102.8192,4.701148
2872,Course_2872,Technology,70,3280,80.69701,LinkedIn Learning,31.30658,4.1444
2873,Course_2873,Marketing,95,4001,51.205044,edX,179.37152,3.009695
2874,Course_2874,Design,47,4243,85.74578,edX,79.85796,4.844792
2876,Course_2876,Data Science,55,3748,59.222412,Udemy,157.78207,4.8311877
2877,Course_2877,Design,63,3715,69.33693,LinkedIn Learning,196.0513,3.2640133
2878,Course_2878,Business,17,2822,51.599834,LinkedIn Learning,154.24174,4.526518
2880,Course_2880,Business,82,2080,68.457596,Udemy,152.44708,3.8610048
2882,Course_2882,Marketing,28,210,98.96872,edX,85.02264,4.2007394
2883,Course_2883,Finance,74,4020,90.602196,Udemy,163.0092,4.6955395
2884,Course_2884,Marketing,10,411,60.534176,LinkedIn Learning,117.314285,4.158946
2885,Course_2885,Finance,54,516,53.940723,Udemy,29.529346,3.8056343
2887,Course_2887,Design,33,1970,97.59569,edX,191.25163,4.329777
2889,Course_2889,Office Tools,88,3139,99.55041,LinkedIn Learning,133.86084,4.4437723
2891,Course_2891,Technology,85,3964,80.89079,edX,40.734875,4.795448
2892,Course_2892,Data Science,87,1991,63.214275,LinkedIn Learning,133.82498,4.8423195
2894,Course_2894,Data Science,90,1267,59.739704,Udemy,94.9292,3.5696273
2895,Course_2895,AI,61,223,63.945023,LinkedIn Learning,48.74094,4.5866694
2896,Course_2896,Business,21,3650,62.631058,Udemy,29.397766,3.7242491
2899,Course_2899,AI,38,4795,92.96731,edX,101.85209,3.9113925
2901,Course_2901,Data Science,38,3725,76.57635,Udemy,108.248505,4.3029957
2902,Course_2902,Technology,38,1049,56.06716,Udemy,76.50058,4.6282473
2905,Course_2905,Design,73,154,99.973434,Udemy,33.783077,3.3511539
2908,Course_2908,Design,95,3842,91.69414,edX,100.40945,3.7519505
2910,Course_2910,Programming,96,4780,95.477974,edX,63.69684,4.8153253
2911,Course_2911,Design,18,4547,84.575554,Udemy,70.60026,3.4706135
2912,Course_2912,Business,79,1866,62.041527,Udemy,65.458786,4.301075
2913,Course_2913,Marketing,18,1187,64.894264,LinkedIn Learning,11.708989,3.335073
2915,Course_2915,Data Science,24,4008,67.698235,LinkedIn Learning,66.990234,3.6609013
2917,Course_2917,Programming,53,4446,88.990746,Udemy,68.09967,3.9740362
2918,Course_2918,Marketing,58,3350,82.21989,LinkedIn Learning,145.69228,3.8524232
2919,Course_2919,Design,68,2751,93.85468,Udemy,146.27052,3.4934866
2921,Course_2921,Technology,65,4292,85.427605,LinkedIn Learning,107.7835,3.3938303
2922,Course_2922,Marketing,81,3730,51.19734,Udemy,51.43119,4.365876
2923,Course_2923,Technology,12,1948,98.39122,edX,33.354572,3.7710547
2924,Course_2924,Business,54,746,61.44186,LinkedIn Learning,195.38449,3.7609353
2926,Course_2926,Business,30,3645,59.99533,edX,28.653563,4.202262
2927,Course_2927,Office Tools,74,3105,57.23514,edX,58.11437,4.841223
2928,Course_2928,Data Science,20,3471,59.669758,LinkedIn Learning,58.573246,3.0852377
2930,Course_2930,Office Tools,69,1455,75.82626,Udemy,33.243126,4.244245
2931,Course_2931,Design,18,2538,62.516327,edX,84.33278,4.499935
2932,Course_2932,Data Science,32,3062,70.930916,LinkedIn Learning,175.24635,3.7568183
2933,Course_2933,Finance,11,4604,89.99657,Udemy,146.52126,3.7017925
2934,Course_2934,Design,96,761,54.44713,Udemy,183.62634,4.773171
2938,Course_2938,Marketing,29,2431,69.79683,Udemy,169.31816,4.286225
2939,Course_2939,Programming,20,3778,97.72859,edX,172.02054,4.5536747
2940,Course_2940,Finance,65,928,78.31698,LinkedIn Learning,26.82713,4.339555
2941,Course_2941,Design,14,1567,61.006104,LinkedIn Learning,169.27916,4.023027
2942,Course_2942,Office Tools,36,2844,56.077785,edX,128.12424,4.793728
2944,Course_2944,Marketing,33,403,66.59838,LinkedIn Learning,70.0134,4.51079
2945,Course_2945,Data Science,52,4625,84.29168,Udemy,175.87248,3.3138745
2946,Course_2946,Finance,54,3615,67.74945,edX,124.90878,3.7584076
2947,Course_2947,Office Tools,30,1360,69.99006,LinkedIn Learning,77.609344,4.2943606
2948,Course_2948,Office Tools,12,4039,61.917225,Udemy,16.9421,4.8202524
2949,Course_2949,Programming,22,441,55.24078,Udemy,183.47795,4.891907
2950,Course_2950,Technology,81,475,89.780365,edX,115.98468,4.990873
2951,Course_2951,Marketing,78,3571,60.78141,LinkedIn Learning,161.07083,4.124067
2952,Course_2952,Finance,40,2381,91.04289,LinkedIn Learning,50.794964,4.4773903
2953,Course_2953,Programming,15,1948,78.83418,Udemy,28.440386,3.0553854
2954,Course_2954,Finance,21,1055,62.014416,Udemy,137.75836,3.689745
2955,Course_2955,AI,72,1456,97.71837,edX,54.0056,3.0693712
2956,Course_2956,Data Science,69,2638,73.30507,LinkedIn Learning,67.962814,4.932945
2957,Course_2957,Data Science,26,633,67.91846,edX,150.74338,4.730196
2958,Course_2958,AI,37,1421,86.17367,edX,199.19727,3.4555423
2960,Course_2960,Design,59,1635,66.066284,edX,11.402537,3.3081527
2963,Course_2963,Finance,81,4031,94.120186,LinkedIn Learning,106.17535,3.616163
2964,Course_2964,AI,69,137,67.19309,edX,127.433044,4.2510924
2965,Course_2965,Business,29,3193,99.79312,LinkedIn Learning,171.96477,4.1464806
2966,Course_2966,Data Science,33,4040,71.21756,LinkedIn Learning,143.54225,4.7311754
2967,Course_2967,Programming,10,1854,89.727356,LinkedIn Learning,37.790787,4.636239
2968,Course_2968,Data Science,17,3248,51.397316,edX,152.86993,4.764363
2969,Course_2969,Office Tools,42,2528,99.70933,Udemy,148.23807,4.634084
2970,Course_2970,Technology,43,3160,56.973118,edX,159.62794,4.537201
2971,Course_2971,Finance,33,1359,87.35406,LinkedIn Learning,26.651566,4.234025
2972,Course_2972,Design,57,4320,96.044525,LinkedIn Learning,48.712376,3.5366585
2974,Course_2974,Office Tools,18,3830,56.89148,LinkedIn Learning,69.81168,4.2820053
2975,Course_2975,Business,67,1448,87.03747,edX,153.6892,3.2153487
2979,Course_2979,Data Science,77,1384,86.02067,LinkedIn Learning,80.70033,4.8679585
2981,Course_2981,Design,67,3416,77.25854,Udemy,102.5384,3.3092363
2983,Course_2983,Business,14,193,99.946014,LinkedIn Learning,28.579723,3.1574764
2985,Course_2985,Marketing,25,619,71.70182,LinkedIn Learning,162.44232,3.6116424
2986,Course_2986,Business,55,1803,64.10568,LinkedIn Learning,157.06343,4.933758
2987,Course_2987,Design,75,3460,73.942696,LinkedIn Learning,20.280094,4.2056947
2988,Course_2988,Office Tools,17,2466,57.732067,LinkedIn Learning,26.13639,4.721369
2990,Course_2990,Finance,96,2439,96.28151,LinkedIn Learning,86.52443,3.7209601
2991,Course_2991,Finance,52,4777,57.029747,Udemy,90.78217,3.9994123
2992,Course_2992,Business,13,854,61.036854,edX,131.20584,4.784223
2993,Course_2993,Marketing,11,2285,85.33634,edX,173.22623,3.4426625
2998,Course_2998,Office Tools,68,4010,56.526062,edX,159.31767,3.165186
2999,Course_2999,Design,20,4729,59.72867,LinkedIn Learning,91.96171,4.486735
3000,Course_3000,Business,48,3282,56.556984,Udemy,32.334965,3.3175607
3001,Course_3001,Finance,41,2577,72.00003,edX,196.79015,3.7773135
3002,Course_3002,Data Science,26,4979,92.58061,Udemy,19.739367,4.3223615
3003,Course_3003,AI,45,4841,83.820755,edX,116.65499,4.6320434
3004,Course_3004,Design,48,403,50.81546,edX,176.80765,3.2766893
3005,Course_3005,Programming,50,2969,66.05012,LinkedIn Learning,196.98605,4.9620366
3006,Course_3006,Data Science,82,546,95.176506,LinkedIn Learning,142.26396,4.0585737
3007,Course_3007,Design,88,4889,95.025154,Udemy,70.70454,4.858658
3008,Course_3008,Finance,23,3680,63.796375,Udemy,54.074043,3.0091176
3010,Course_3010,Programming,25,1171,51.51687,Udemy,101.7201,4.551823
3011,Course_3011,Finance,58,4151,62.681507,Udemy,82.97024,4.8516483
3013,Course_3013,Technology,27,3778,88.98267,Udemy,27.846338,3.2751682
3014,Course_3014,Data Science,77,4306,59.0808,LinkedIn Learning,87.515465,3.3385825
3015,Course_3015,Office Tools,51,2298,88.17173,Udemy,24.028648,4.9197845
3016,Course_3016,Technology,83,4279,58.30723,edX,88.062454,4.936177
3017,Course_3017,Design,42,2231,61.208202,edX,116.144714,3.574687
3018,Course_3018,Finance,34,1171,66.154015,LinkedIn Learning,55.404903,4.741842
3019,Course_3019,AI,23,2970,92.489075,edX,143.05957,3.1182356
3020,Course_3020,Data Science,68,919,61.423492,LinkedIn Learning,110.32797,3.7534447
3022,Course_3022,Finance,41,3399,74.44299,edX,88.03593,4.0401754
3023,Course_3023,Programming,12,470,94.68776,Udemy,123.45601,3.5911603
3024,Course_3024,Design,68,3241,99.80841,edX,45.18523,3.9875102
3026,Course_3026,AI,83,1015,52.39192,edX,91.00342,4.2109385
3027,Course_3027,Technology,37,2092,69.11213,Udemy,21.346678,3.6328955
3029,Course_3029,Marketing,79,1748,93.51961,LinkedIn Learning,18.679007,4.304021
3030,Course_3030,Design,58,2873,52.974384,Udemy,173.07022,3.6623836
3031,Course_3031,Technology,14,3882,72.44055,edX,100.88274,4.4835253
3032,Course_3032,Business,46,1309,73.33496,LinkedIn Learning,112.858765,4.9358697
3033,Course_3033,Programming,81,640,90.736206,LinkedIn Learning,75.57807,4.5322437
3034,Course_3034,Design,80,1110,59.157166,Udemy,116.23999,3.5636795
3035,Course_3035,Business,90,2971,93.046364,Udemy,56.3309,4.7176104
3039,Course_3039,Programming,70,457,93.42856,Udemy,86.03223,4.9309683
3040,Course_3040,Marketing,100,3772,70.19467,edX,149.7749,4.2240148
3041,Course_3041,Office Tools,89,2279,69.70515,Udemy,148.4319,3.7031608
3042,Course_3042,Data Science,35,226,62.97283,LinkedIn Learning,29.055042,3.008074
3043,Course_3043,AI,82,3961,52.826523,Udemy,37.58094,3.738831
3046,Course_3046,Data Science,100,428,98.00016,Udemy,171.18631,4.6167707
3048,Course_3048,Data Science,64,4736,71.432335,Udemy,186.3786,4.841203
3049,Course_3049,Design,21,3777,83.915535,edX,142.51593,4.984366
3050,Course_3050,Finance,90,4029,88.99927,LinkedIn Learning,99.697,3.0788383
3051,Course_3051,Data Science,73,2983,70.52673,Udemy,180.63062,3.2887442
3054,Course_3054,Programming,71,4165,69.80205,edX,99.388115,3.6576712
3056,Course_3056,Marketing,75,4593,83.470924,edX,141.49083,4.561274
3057,Course_3057,Design,24,1934,90.06265,edX,29.642778,4.5764847
3058,Course_3058,Finance,47,4450,56.37167,Udemy,130.51088,4.6685004
3059,Course_3059,AI,98,4623,99.09378,Udemy,133.21954,4.140704
3060,Course_3060,Technology,55,4643,55.676468,edX,46.04923,4.419696
3061,Course_3061,AI,98,1546,75.346146,Udemy,176.19157,3.4143856
3063,Course_3063,Marketing,62,2563,61.32201,LinkedIn Learning,117.77275,4.29896
3064,Course_3064,Programming,18,4410,69.875946,LinkedIn Learning,162.32611,3.690449
3065,Course_3065,Finance,36,2136,62.46872,edX,48.72121,3.5497854
3066,Course_3066,Business,55,1095,59.587585,LinkedIn Learning,115.777275,4.4316072
3067,Course_3067,Marketing,60,1009,91.78088,Udemy,31.171032,3.6722708
3068,Course_3068,Data Science,51,2260,57.105366,edX,18.239145,3.237527
3069,Course_3069,Technology,12,1002,83.83226,LinkedIn Learning,61.959583,3.1846988
3070,Course_3070,Design,55,1589,93.3225,edX,49.993103,4.9477572
3071,Course_3071,Business,39,1438,90.749016,LinkedIn Learning,120.88,3.061449
3072,Course_3072,Finance,78,3117,71.613625,Udemy,101.12319,3.454841
3073,Course_3073,AI,17,1685,56.77076,Udemy,87.03706,3.090598
3074,Course_3074,Technology,42,2929,52.87592,LinkedIn Learning,152.50658,4.9316125
3075,Course_3075,Office Tools,89,2357,57.295956,LinkedIn Learning,43.95243,4.9001336
3079,Course_3079,Office Tools,76,1979,85.96439,Udemy,96.77709,3.9125946
3080,Course_3080,Finance,99,900,64.777176,edX,190.30928,4.4934673
3081,Course_3081,Office Tools,95,503,94.579895,LinkedIn Learning,156.08081,3.7121418
3082,Course_3082,Data Science,25,3287,82.977844,LinkedIn Learning,147.39766,3.8240662
3083,Course_3083,Office Tools,83,4814,99.905846,edX,75.86819,3.8945243
3084,Course_3084,Finance,58,4450,92.96826,Udemy,89.94818,3.6553783
3085,Course_3085,Business,47,4074,74.02624,edX,19.255892,3.7664495
3086,Course_3086,Technology,42,4139,74.83708,Udemy,145.00879,3.323217
3087,Course_3087,Design,65,2228,83.60734,Udemy,127.53342,3.594829
3088,Course_3088,AI,100,3447,79.2985,Udemy,51.769672,3.1451063
3089,Course_3089,Design,46,4894,68.82553,Udemy,167.40877,3.1493912
3090,Course_3090,Technology,88,3695,72.86879,edX,10.80634,3.3265681
3092,Course_3092,Design,89,921,68.19158,Udemy,196.37108,3.8812413
3093,Course_3093,Business,66,3578,95.538345,edX,199.39107,3.3612926
3094,Course_3094,Technology,56,208,93.45083,LinkedIn Learning,170.47348,3.4096022
3095,Course_3095,Office Tools,12,2109,75.46715,edX,79.16578,3.4772067
3096,Course_3096,Finance,66,1081,75.09647,LinkedIn Learning,104.28594,3.866688
3098,Course_3098,Design,14,4921,51.946762,LinkedIn Learning,92.09359,3.826515
3099,Course_3099,Finance,32,1256,67.077255,Udemy,198.40863,3.959411
3100,Course_3100,Data Science,69,2397,81.20726,edX,104.59488,3.8647978
3101,Course_3101,Marketing,53,3675,50.0741,edX,80.202736,3.3104558
3104,Course_3104,Finance,53,4852,71.10531,LinkedIn Learning,94.100136,4.0083985
3107,Course_3107,AI,54,4018,65.01079,LinkedIn Learning,45.47487,4.387463
3108,Course_3108,AI,35,3259,98.0711,Udemy,197.04184,4.076367
3109,Course_3109,Marketing,81,969,77.463646,Udemy,18.861078,4.072676
3111,Course_3111,Finance,97,4999,68.83257,LinkedIn Learning,85.56375,4.1082883
3112,Course_3112,AI,36,2362,89.57427,edX,75.813065,4.8835607
3113,Course_3113,Marketing,94,3929,60.4862,Udemy,36.056335,4.3522677
3115,Course_3115,Data Science,23,2884,99.54561,LinkedIn Learning,52.626793,4.8156376
3116,Course_3116,Finance,84,1982,92.95225,Udemy,115.854324,3.8598645
3117,Course_3117,Office Tools,75,1183,95.972664,LinkedIn Learning,144.57445,4.291586
3118,Course_3118,Design,99,4714,64.06777,LinkedIn Learning,190.63316,3.3357978
3120,Course_3120,Marketing,30,1774,92.02628,Udemy,125.3723,4.5715775
3121,Course_3121,Technology,36,568,53.82886,edX,199.21614,3.630488
3123,Course_3123,Marketing,62,2988,81.62257,Udemy,199.05846,4.4648285
3124,Course_3124,Technology,82,4174,78.35807,Udemy,66.73453,4.308237
3127,Course_3127,Design,18,3251,95.8476,LinkedIn Learning,59.933426,3.2236629
3128,Course_3128,Finance,57,4271,82.638855,edX,93.09625,3.7013047
3130,Course_3130,Programming,80,743,98.76531,Udemy,150.9841,3.1988301
3132,Course_3132,Design,48,1765,91.264275,Udemy,27.60308,4.2045875
3133,Course_3133,Finance,95,3816,60.832623,edX,60.98247,4.4730034
3135,Course_3135,AI,62,2554,88.93795,Udemy,165.43805,4.887577
3136,Course_3136,Office Tools,61,3102,54.12669,Udemy,145.80278,3.552092
3137,Course_3137,Office Tools,78,3911,68.00286,LinkedIn Learning,196.76437,3.053185
3138,Course_3138,Finance,45,2916,99.594574,edX,172.95854,3.6148427
3140,Course_3140,Business,54,2040,59.72584,Udemy,140.7735,3.0552666
3141,Course_3141,AI,29,2400,75.86445,edX,29.326738,4.948373
3142,Course_3142,Marketing,18,3001,82.11648,edX,194.10257,3.8240721
3143,Course_3143,Business,77,1459,55.81813,LinkedIn Learning,94.166794,3.495116
3147,Course_3147,AI,27,3505,99.49244,LinkedIn Learning,109.30849,4.4870696
3148,Course_3148,Data Science,24,2444,63.275448,LinkedIn Learning,24.96844,4.512111
3149,Course_3149,Design,56,376,84.29426,Udemy,175.90477,3.736485
3150,Course_3150,Finance,94,2255,82.73006,Udemy,34.901302,3.848199
3151,Course_3151,Finance,99,1795,63.844868,Udemy,148.05812,4.070594
3154,Course_3154,Technology,98,4905,65.09009,edX,139.07224,3.4078424
3156,Course_3156,Programming,31,490,80.627426,Udemy,10.674268,4.6456037
3157,Course_3157,Marketing,50,2406,98.27244,LinkedIn Learning,153.8725,3.0647082
3158,Course_3158,Programming,15,3260,80.36141,edX,119.83247,3.867335
3159,Course_3159,Finance,93,1080,69.599236,edX,139.1811,4.045219
3160,Course_3160,Programming,88,3362,56.51028,edX,178.0895,4.926357
3161,Course_3161,Design,81,4718,66.6134,edX,39.051807,4.732628
3163,Course_3163,Office Tools,76,4456,77.704056,Udemy,25.9852,3.582092
3164,Course_3164,Programming,18,1630,98.23976,edX,166.93356,3.2576268
3167,Course_3167,AI,16,4998,97.264946,LinkedIn Learning,102.19455,3.035606
3168,Course_3168,Data Science,33,2039,89.501335,Udemy,121.16063,4.1368847
3171,Course_3171,Business,98,2233,89.43382,Udemy,164.88612,3.6982784
3172,Course_3172,Finance,49,4394,64.73037,edX,60.186638,3.3914492
3173,Course_3173,Data Science,34,3230,72.02147,edX,16.756002,3.1858885
3175,Course_3175,Programming,24,1223,77.474045,LinkedIn Learning,48.91819,3.8223827
3176,Course_3176,Programming,54,1281,82.14795,LinkedIn Learning,177.03485,3.7714157
3178,Course_3178,Marketing,72,4368,59.33074,LinkedIn Learning,185.34172,4.585545
3180,Course_3180,Marketing,99,314,84.20997,Udemy,57.55471,4.052822
3181,Course_3181,Business,34,3593,98.59942,Udemy,114.49927,3.0962691
3182,Course_3182,Data Science,97,1521,99.505325,edX,189.99648,3.553439
3183,Course_3183,AI,45,1623,83.14877,LinkedIn Learning,79.592094,3.4860926
3184,Course_3184,Office Tools,42,1078,81.79829,edX,172.0379,3.481645
3185,Course_3185,Business,20,333,58.176975,LinkedIn Learning,83.18637,3.1534426
3186,Course_3186,Design,51,213,78.65062,Udemy,166.71289,3.0600452
3187,Course_3187,Data Science,52,4243,72.83493,LinkedIn Learning,93.833954,4.477276
3188,Course_3188,Design,28,784,95.74991,LinkedIn Learning,35.60876,4.197041
3189,Course_3189,Marketing,53,2171,68.28326,Udemy,194.7018,4.4594235
3191,Course_3191,AI,83,1058,57.41394,LinkedIn Learning,20.586988,4.2264113
3192,Course_3192,Finance,29,2180,97.81536,Udemy,74.66052,4.973967
3193,Course_3193,Business,45,882,59.424397,edX,85.850685,3.5876076
3194,Course_3194,Data Science,11,1891,58.34597,LinkedIn Learning,14.722381,3.7598178
3195,Course_3195,Marketing,39,2665,96.84302,Udemy,30.529308,4.7933836
3196,Course_3196,Business,79,1896,98.23195,edX,114.981895,3.4840822
3197,Course_3197,AI,74,2902,68.921585,LinkedIn Learning,119.75274,3.5735974
3199,Course_3199,Data Science,95,3266,95.33145,LinkedIn Learning,86.73898,3.987001
3200,Course_3200,Marketing,10,1345,85.99407,edX,136.25279,3.1476953
3201,Course_3201,Design,77,4085,69.316895,LinkedIn Learning,11.0376,4.6870174
3202,Course_3202,AI,11,4607,52.59649,LinkedIn Learning,48.13479,4.2968183
3203,Course_3203,Finance,66,2184,62.9603,edX,75.36745,3.7677832
3204,Course_3204,AI,89,342,86.60955,edX,151.95091,3.0056865
3205,Course_3205,Finance,71,1824,91.93539,edX,34.482162,3.4359362
3206,Course_3206,AI,65,1897,64.029945,LinkedIn Learning,19.868238,4.6513057
3208,Course_3208,Business,59,4413,84.98739,Udemy,137.727,4.0529275
3209,Course_3209,Data Science,65,4556,54.923088,edX,133.40712,4.3611727
3210,Course_3210,Business,51,1409,61.480476,LinkedIn Learning,137.69516,3.3758569
3211,Course_3211,Technology,38,2061,85.78584,LinkedIn Learning,34.72685,3.2372336
3212,Course_3212,AI,55,1882,84.676834,LinkedIn Learning,94.89147,3.7481298
3213,Course_3213,Data Science,39,2008,93.74611,Udemy,136.08916,4.582407
3214,Course_3214,Office Tools,65,1721,72.911156,edX,146.04,4.737479
3215,Course_3215,Programming,54,3801,91.49353,edX,17.37532,4.079741
3216,Course_3216,Programming,83,4681,61.339737,Udemy,154.44615,3.146827
3217,Course_3217,AI,37,1381,83.143074,edX,131.28792,3.2498157
3220,Course_3220,Design,57,1013,95.979706,LinkedIn Learning,87.49503,3.4389646
3221,Course_3221,Business,48,207,77.50958,Udemy,122.45712,4.901055
3223,Course_3223,Programming,25,3399,56.094093,LinkedIn Learning,114.18354,4.4404354
3224,Course_3224,Finance,35,1706,52.579746,edX,98.125656,3.382176
3225,Course_3225,Data Science,38,304,62.343807,Udemy,154.77594,3.0657547
3226,Course_3226,Finance,85,4411,78.02755,Udemy,68.436806,4.1227846
3227,Course_3227,AI,23,4990,94.72696,edX,48.141117,3.887657
3228,Course_3228,Data Science,11,1978,50.220024,edX,163.5203,4.3855186
3229,Course_3229,Marketing,78,4173,78.39225,LinkedIn Learning,172.10916,4.6158624
3230,Course_3230,Office Tools,28,4128,60.581852,edX,54.636723,4.3796988
3232,Course_3232,Programming,83,1374,58.19436,edX,169.91927,3.406323
3234,Course_3234,Programming,61,695,91.334305,edX,41.043953,4.38727
3235,Course_3235,Office Tools,31,547,82.33815,Udemy,26.854137,3.006333
3236,Course_3236,AI,83,1746,91.48991,Udemy,99.3117,3.4886568
3237,Course_3237,Office Tools,63,1554,75.766174,edX,24.490488,4.3502145
3240,Course_3240,AI,22,2968,72.96151,LinkedIn Learning,105.66602,3.7830796
3241,Course_3241,Marketing,56,4064,70.713715,edX,175.551,3.5255237
3242,Course_3242,Office Tools,89,1995,69.76419,edX,32.869156,4.265727
3243,Course_3243,Business,22,2454,63.942776,Udemy,97.27715,3.087884
3244,Course_3244,AI,100,4075,97.977905,edX,113.929565,3.6283789
3245,Course_3245,Technology,88,3333,62.32962,LinkedIn Learning,126.87631,4.1751976
3246,Course_3246,Design,15,1285,51.251534,edX,132.3381,3.523904
3249,Course_3249,AI,69,3621,76.10552,edX,51.141212,3.8126583
3251,Course_3251,Business,93,754,92.31575,LinkedIn Learning,112.74403,4.9240174
3252,Course_3252,Design,69,3892,67.99452,Udemy,78.56388,3.6565943
3254,Course_3254,AI,33,3835,78.283394,Udemy,165.94533,3.1574323
3256,Course_3256,Technology,58,4625,84.09891,Udemy,93.31916,3.7008677
3261,Course_3261,Marketing,56,4137,53.724026,edX,94.92893,4.6892934
3262,Course_3262,Marketing,85,3207,88.41498,edX,108.62798,4.7880645
3263,Course_3263,Office Tools,43,3159,63.952282,Udemy,94.32603,4.790964
3264,Course_3264,Programming,13,1220,63.40105,Udemy,125.57534,3.9440706
3265,Course_3265,Technology,60,2595,80.48163,Udemy,192.66217,4.7809362
3266,Course_3266,Design,95,3793,82.15475,edX,90.43251,3.768334
3267,Course_3267,Marketing,58,834,86.60421,Udemy,83.25938,3.7068255
3270,Course_3270,Technology,13,4520,65.703766,edX,33.681404,4.33735
3271,Course_3271,Data Science,39,2768,77.987236,Udemy,194.50131,4.8789134
3272,Course_3272,Technology,68,395,56.98419,LinkedIn Learning,114.44506,3.3208034
3273,Course_3273,Marketing,14,2688,55.843452,edX,56.969948,4.837545
3274,Course_3274,Technology,13,2586,70.27434,LinkedIn Learning,110.756744,3.0048401
3275,Course_3275,Finance,87,4106,61.930508,LinkedIn Learning,97.77812,4.174797
3276,Course_3276,Programming,45,3581,70.631195,LinkedIn Learning,53.07067,4.791419
3279,Course_3279,Data Science,80,664,95.360016,LinkedIn Learning,176.43105,3.81131
3280,Course_3280,Data Science,83,1746,66.885414,Udemy,149.12856,4.1934276
3282,Course_3282,Programming,70,4023,99.8883,Udemy,81.755936,4.322152
3283,Course_3283,Office Tools,10,3724,61.813183,edX,178.6057,4.893967
3286,Course_3286,Marketing,55,1141,72.5386,edX,165.86505,4.131692
3287,Course_3287,Data Science,10,2748,83.30733,edX,26.977882,3.069359
3288,Course_3288,Technology,99,448,97.360115,LinkedIn Learning,128.99178,4.5819044
3289,Course_3289,Technology,70,871,94.11713,Udemy,39.992172,3.553249
3290,Course_3290,Business,35,4660,88.01896,Udemy,195.03003,3.3586318
3291,Course_3291,Office Tools,50,4797,68.16865,Udemy,104.012825,4.030612
3292,Course_3292,Finance,15,3791,90.16951,Udemy,57.007225,3.9071553
3293,Course_3293,Technology,72,1830,53.726707,edX,50.322277,3.5016625
3294,Course_3294,Finance,22,1753,54.228333,Udemy,16.853445,3.710949
3295,Course_3295,Business,60,2368,53.44526,Udemy,196.99431,4.9529004
3296,Course_3296,Office Tools,37,157,76.7236,LinkedIn Learning,86.58507,3.207852
3297,Course_3297,Business,27,3168,66.51616,LinkedIn Learning,139.74786,4.3901887
3298,Course_3298,Technology,74,914,96.02679,Udemy,140.04591,3.2771986
3299,Course_3299,Data Science,79,947,54.034912,LinkedIn Learning,42.64064,3.8302956
3300,Course_3300,AI,42,4744,70.82536,Udemy,18.010242,4.5456133
3302,Course_3302,Design,65,3672,65.57831,LinkedIn Learning,182.9256,4.708322
3303,Course_3303,Office Tools,22,1518,97.62834,edX,152.51373,3.4664261
3304,Course_3304,Finance,73,4990,93.69404,LinkedIn Learning,195.87794,4.221663
3305,Course_3305,Marketing,91,2231,75.5034,edX,175.4106,3.012899
3307,Course_3307,Technology,87,4068,93.15735,LinkedIn Learning,27.036121,4.6343718
3309,Course_3309,Design,21,4683,62.232113,edX,11.714997,4.926007
3310,Course_3310,Marketing,78,2948,58.43536,Udemy,175.71402,3.9241116
3311,Course_3311,Finance,61,3383,79.95193,LinkedIn Learning,138.83632,3.4015417
3312,Course_3312,Finance,81,1057,85.41026,Udemy,52.743473,3.5963337
3313,Course_3313,Technology,86,3565,59.604343,Udemy,142.90613,3.1858444
3314,Course_3314,Programming,73,2985,50.838425,Udemy,35.36912,4.772334
3315,Course_3315,Programming,53,4966,57.596188,Udemy,13.083902,4.405589
3317,Course_3317,Data Science,91,2284,51.017513,LinkedIn Learning,155.8727,4.088678
3318,Course_3318,Office Tools,19,1104,54.290787,Udemy,108.9131,3.265803
3319,Course_3319,Design,69,413,71.630005,Udemy,139.9247,3.4718091
3320,Course_3320,Business,70,4166,55.812645,Udemy,158.39151,4.681586
3321,Course_3321,Marketing,23,3215,99.438866,Udemy,86.79922,3.849292
3323,Course_3323,Business,87,2810,66.51319,Udemy,184.178,4.568677
3324,Course_3324,AI,80,4941,70.66401,LinkedIn Learning,99.34947,4.808228
3325,Course_3325,Programming,52,1559,80.79627,edX,57.18981,4.5208044
3326,Course_3326,Business,68,953,56.031967,Udemy,122.96807,3.9982097
3327,Course_3327,Office Tools,62,2261,75.118935,edX,68.55667,3.6423368
3328,Course_3328,Office Tools,88,1952,94.62235,Udemy,133.95238,4.278815
3329,Course_3329,Finance,96,3180,55.947037,Udemy,184.8359,3.1152656
3330,Course_3330,Business,20,2258,96.24882,edX,125.11523,3.1502924
3331,Course_3331,Office Tools,36,1735,87.06988,LinkedIn Learning,111.13977,4.5881963
3332,Course_3332,Marketing,30,1878,56.587967,edX,106.49215,3.9397624
3333,Course_3333,Business,24,4004,67.69895,LinkedIn Learning,79.56731,4.3509326
3334,Course_3334,Data Science,65,4138,61.27919,Udemy,94.86737,3.6165915
3336,Course_3336,Marketing,39,3764,58.28173,Udemy,25.709051,4.17108
3337,Course_3337,Business,46,4500,82.06416,Udemy,32.60928,3.404014
3338,Course_3338,AI,55,1495,57.414337,edX,78.01468,4.439533
3339,Course_3339,Office Tools,91,1813,67.30522,Udemy,49.674923,3.5226421
3340,Course_3340,Business,20,2264,78.43241,LinkedIn Learning,13.333949,3.4302108
3343,Course_3343,Business,92,3051,62.97511,edX,37.627228,4.7400913
3344,Course_3344,Business,68,891,71.742424,Udemy,23.737799,3.5617003
3345,Course_3345,Finance,98,4883,84.95606,edX,99.81518,3.55564
3346,Course_3346,Programming,18,4876,93.74721,edX,11.430652,3.7771864
3347,Course_3347,Programming,26,2478,79.858986,LinkedIn Learning,87.8702,3.3655005
3348,Course_3348,Programming,92,4453,95.41238,edX,32.125156,4.8263803
3350,Course_3350,Finance,93,3571,74.0255,edX,71.409195,4.8460774
3351,Course_3351,Programming,56,2922,94.315315,LinkedIn Learning,143.89258,3.2175264
3352,Course_3352,Programming,12,1075,53.34032,LinkedIn Learning,12.209917,4.008557
3353,Course_3353,Programming,92,2485,53.86631,Udemy,145.19794,4.964641
3354,Course_3354,Finance,22,3433,67.47618,Udemy,147.42268,4.203092
3355,Course_3355,AI,74,601,74.65034,Udemy,152.44621,3.2251427
3356,Course_3356,Marketing,66,141,81.69125,LinkedIn Learning,150.86618,4.819602
3357,Course_3357,Design,26,3055,72.186356,LinkedIn Learning,195.59982,3.3559687
3358,Course_3358,Office Tools,88,220,60.909016,LinkedIn Learning,81.40754,3.2071187
3359,Course_3359,Technology,80,856,98.230515,edX,50.80908,3.2017386
3360,Course_3360,Programming,54,4091,63.280575,Udemy,70.16937,3.7658608
3362,Course_3362,Office Tools,75,3442,73.52477,Udemy,132.6026,3.971729
3363,Course_3363,Marketing,81,3923,77.88117,edX,185.76639,3.047916
3364,Course_3364,AI,26,4126,98.39456,LinkedIn Learning,167.20528,3.4289982
3365,Course_3365,Technology,71,2319,72.85918,LinkedIn Learning,66.0194,3.695748
3366,Course_3366,AI,54,3413,81.76297,edX,18.66928,4.034903
3368,Course_3368,Design,10,3102,88.88986,Udemy,38.20911,3.509634
3370,Course_3370,Office Tools,86,496,67.97174,edX,147.25516,3.881956
3372,Course_3372,Design,71,2454,72.43946,LinkedIn Learning,149.68213,3.1557443
3374,Course_3374,Design,85,1766,71.98314,edX,40.936947,4.33791
3375,Course_3375,Data Science,45,3711,90.51655,edX,82.81436,4.1005154
3376,Course_3376,Business,15,1249,99.227196,edX,33.547016,3.1153002
3378,Course_3378,Programming,30,4676,76.90828,LinkedIn Learning,129.50452,4.2401786
3379,Course_3379,Marketing,68,1943,65.35073,edX,165.00217,4.7278233
3380,Course_3380,Technology,72,3294,93.906296,edX,60.899284,4.852793
3382,Course_3382,Business,23,4851,63.273575,Udemy,55.39418,3.4514441
3384,Course_3384,Business,19,4182,76.06263,edX,143.13364,3.5388858
3385,Course_3385,Design,96,2876,77.298,LinkedIn Learning,60.496563,3.5960207
3386,Course_3386,Design,52,1830,93.36419,Udemy,107.349594,3.277321
3387,Course_3387,Programming,37,2893,97.71278,LinkedIn Learning,50.770023,3.5064511
3389,Course_3389,Finance,59,4078,58.48563,Udemy,109.864716,3.1182675
3391,Course_3391,Technology,46,3265,93.54621,Udemy,23.064638,4.508547
3393,Course_3393,Business,47,4452,57.800987,LinkedIn Learning,11.067832,3.0448244
3394,Course_3394,AI,14,2611,88.482315,LinkedIn Learning,159.90125,4.284882
3396,Course_3396,Finance,44,2925,86.21002,Udemy,64.6285,4.2933006
3397,Course_3397,Business,50,2721,99.53815,LinkedIn Learning,10.266851,4.815674
3398,Course_3398,Finance,70,3910,80.76133,LinkedIn Learning,82.873924,3.7577033
3399,Course_3399,Design,47,4304,71.76454,Udemy,158.34535,3.0051093
3400,Course_3400,Design,61,4678,51.95522,LinkedIn Learning,59.810925,4.717468
3401,Course_3401,Office Tools,77,3427,67.52742,LinkedIn Learning,155.22906,3.4305427
3405,Course_3405,Data Science,84,861,75.49661,LinkedIn Learning,27.692835,3.7824593
3406,Course_3406,Office Tools,34,377,94.24538,Udemy,124.20183,4.389481
3407,Course_3407,Office Tools,54,1254,91.67957,edX,48.182575,3.1659722
3408,Course_3408,Business,96,1849,61.80886,edX,66.28153,4.591107
3409,Course_3409,Programming,71,1789,96.784515,LinkedIn Learning,130.8008,4.9843225
3411,Course_3411,Marketing,24,4205,72.62466,LinkedIn Learning,199.81897,4.5046782
3412,Course_3412,AI,11,4769,54.817554,Udemy,77.13274,3.2740912
3413,Course_3413,Design,57,3739,54.82528,LinkedIn Learning,60.11318,3.028681
3415,Course_3415,Data Science,85,3900,81.69243,Udemy,82.144424,3.7401664
3416,Course_3416,Marketing,81,4333,53.443184,edX,50.131046,3.7054868
3417,Course_3417,Technology,73,3364,53.472595,Udemy,163.60416,3.5970664
3418,Course_3418,Design,91,4743,71.66627,LinkedIn Learning,194.30507,4.867733
3419,Course_3419,Technology,92,1296,73.93146,Udemy,129.02509,4.1689134
3422,Course_3422,Marketing,13,3874,65.89019,LinkedIn Learning,163.77373,3.2705228
3423,Course_3423,Technology,12,1802,52.6184,edX,29.37719,3.7072947
3424,Course_3424,Data Science,39,4802,73.736786,LinkedIn Learning,21.275501,4.7413735
3426,Course_3426,Programming,48,1856,51.783085,LinkedIn Learning,131.04948,4.0932965
3427,Course_3427,Data Science,94,3652,87.77345,Udemy,146.60292,3.4531875
3428,Course_3428,AI,85,685,99.532776,edX,72.45919,4.1366353
3430,Course_3430,Programming,15,2605,88.220604,edX,59.746273,4.6706724
3433,Course_3433,Office Tools,26,955,67.03874,Udemy,116.08856,4.7277265
3434,Course_3434,Programming,18,2624,57.354805,LinkedIn Learning,137.30275,4.3620853
3435,Course_3435,AI,95,2346,95.08254,Udemy,36.93997,3.3799715
3436,Course_3436,Marketing,76,1857,79.914825,Udemy,175.30667,3.2540731
3437,Course_3437,Marketing,54,184,63.1637,Udemy,163.05696,3.7144825
3438,Course_3438,Programming,49,3063,55.42793,edX,34.249886,3.8533156
3440,Course_3440,Design,27,980,81.897766,Udemy,49.40784,4.5901027
3441,Course_3441,Marketing,77,763,82.51341,LinkedIn Learning,40.626305,3.7214825
3443,Course_3443,Marketing,37,3292,79.58167,edX,199.93527,3.1927836
3444,Course_3444,Finance,24,3741,76.296364,LinkedIn Learning,124.35773,4.1123667
3445,Course_3445,Office Tools,35,1423,66.17254,edX,74.4235,4.723293
3450,Course_3450,Design,90,2612,63.20011,Udemy,176.49307,3.8123722
3452,Course_3452,Technology,64,531,94.67151,edX,188.11313,3.3600345
3453,Course_3453,AI,39,4865,73.69785,edX,19.2764,4.2329707
3455,Course_3455,AI,45,3603,86.77675,LinkedIn Learning,23.594719,3.1175325
3456,Course_3456,Design,52,1267,94.28013,LinkedIn Learning,27.708218,3.4763756
3457,Course_3457,Finance,80,4596,75.15338,edX,102.46039,4.474344
3460,Course_3460,Office Tools,42,2058,89.67727,Udemy,72.64676,4.008666
3463,Course_3463,Finance,70,1182,85.709694,LinkedIn Learning,33.488277,3.9905295
3464,Course_3464,Office Tools,30,3039,73.884315,edX,170.85373,3.85901
3465,Course_3465,Technology,82,3641,96.320305,edX,166.22482,4.431899
3466,Course_3466,Business,97,1036,81.67801,edX,28.4746,3.8615272
3467,Course_3467,Technology,80,711,56.664753,Udemy,175.70721,4.24731
3469,Course_3469,AI,78,931,84.77295,Udemy,121.52045,4.3112793
3470,Course_3470,Data Science,28,1670,82.292046,LinkedIn Learning,73.9801,4.2379293
3471,Course_3471,Design,59,215,90.35487,LinkedIn Learning,34.032463,3.6257625
3473,Course_3473,Finance,89,2194,67.226,Udemy,177.2054,4.482703
3474,Course_3474,Programming,17,4300,96.74045,edX,77.155136,4.646398
3475,Course_3475,Marketing,23,1317,89.75085,edX,108.40159,4.7635713
3476,Course_3476,Programming,54,4341,68.32761,edX,174.65195,4.8862247
3477,Course_3477,Marketing,71,712,72.44043,LinkedIn Learning,80.13922,3.2884622
3478,Course_3478,Data Science,10,4758,80.60888,edX,116.95237,3.8357136
3480,Course_3480,AI,39,2329,74.812744,LinkedIn Learning,91.38902,4.0478106
3483,Course_3483,Office Tools,47,3422,94.7668,LinkedIn Learning,85.29431,4.839766
3484,Course_3484,Marketing,41,1794,62.723034,LinkedIn Learning,53.024284,4.338067
3485,Course_3485,Programming,56,4623,89.195694,edX,121.65882,4.004582
3486,Course_3486,AI,17,945,88.72943,LinkedIn Learning,31.725649,3.4372578
3487,Course_3487,Marketing,68,1802,72.84636,edX,99.76908,3.101549
3488,Course_3488,Business,81,934,87.65336,LinkedIn Learning,11.521838,4.046655
3490,Course_3490,Programming,17,599,84.57114,LinkedIn Learning,50.559387,3.0093918
3491,Course_3491,AI,100,2271,62.84768,LinkedIn Learning,181.39195,3.3427262
3493,Course_3493,Marketing,42,3216,83.17043,LinkedIn Learning,195.39304,4.3222933
3495,Course_3495,Business,88,1151,70.671165,LinkedIn Learning,178.0058,3.9145124
3496,Course_3496,Finance,45,4133,78.6499,LinkedIn Learning,102.20219,3.3883886
3497,Course_3497,AI,70,190,59.26059,LinkedIn Learning,18.947428,3.1882157
3498,Course_3498,Design,91,1818,86.52957,LinkedIn Learning,60.345123,3.433036
3499,Course_3499,Business,82,1120,62.566586,LinkedIn Learning,61.60179,3.4146352
3500,Course_3500,Business,18,1969,84.31744,Udemy,120.99373,4.6668158
3502,Course_3502,Design,99,1397,88.12587,edX,159.63031,4.656886
3503,Course_3503,Data Science,11,873,62.54603,edX,187.10289,3.0715191
3505,Course_3505,Design,89,4679,54.568542,LinkedIn Learning,89.58112,4.660863
3506,Course_3506,Marketing,22,3395,76.00728,LinkedIn Learning,182.17816,3.8694565
3508,Course_3508,Finance,37,2281,76.5879,LinkedIn Learning,129.86406,3.108372
3509,Course_3509,Data Science,37,1490,73.54369,edX,101.42745,4.1479177
3510,Course_3510,Business,82,535,98.10964,LinkedIn Learning,107.37757,3.8607864
3512,Course_3512,Data Science,16,1837,54.088135,LinkedIn Learning,187.7614,4.303607
3513,Course_3513,Office Tools,18,3457,68.0764,edX,61.07835,3.3980546
3515,Course_3515,Design,100,1853,95.758095,Udemy,150.04794,4.7889585
3516,Course_3516,Marketing,42,1013,71.93769,LinkedIn Learning,22.942604,4.5635386
3517,Course_3517,Office Tools,16,3856,98.403145,edX,64.26675,4.396069
3518,Course_3518,Design,47,564,73.234375,edX,57.969673,4.9259086
3519,Course_3519,Office Tools,98,4529,81.87714,Udemy,135.69081,4.429622
3520,Course_3520,Marketing,16,4034,74.47195,Udemy,43.19755,4.580338
3521,Course_3521,Business,87,2269,63.306725,Udemy,156.18732,4.6014576
3522,Course_3522,Office Tools,19,241,66.95104,edX,49.498684,4.3198185
3524,Course_3524,AI,70,1059,98.28639,edX,81.57399,4.465472
3525,Course_3525,Business,76,2189,99.49016,edX,145.82585,4.8091917
3526,Course_3526,Design,30,1061,67.02634,LinkedIn Learning,118.03099,3.9839392
3527,Course_3527,Programming,58,1558,83.052605,Udemy,143.0838,3.630646
3528,Course_3528,Finance,10,1970,76.44235,Udemy,94.28317,4.7949586
3529,Course_3529,Data Science,31,4207,57.992443,LinkedIn Learning,183.59784,4.269524
3530,Course_3530,Finance,83,1702,50.87123,edX,21.289125,3.422615
3531,Course_3531,Marketing,94,3428,97.49735,LinkedIn Learning,199.64932,3.2907164
3532,Course_3532,Business,86,1559,90.26351,Udemy,69.354294,3.8282979
3533,Course_3533,Marketing,61,4433,94.47032,LinkedIn Learning,126.48993,3.0430028
3535,Course_3535,Design,65,813,81.185776,edX,165.74799,4.890749
3536,Course_3536,Programming,57,3952,73.28115,edX,124.44886,4.3597956
3537,Course_3537,AI,89,1329,60.66872,edX,175.24043,4.443834
3540,Course_3540,Technology,12,707,79.20705,edX,194.26646,3.482651
3542,Course_3542,Data Science,51,1235,50.97331,edX,70.72929,3.5056245
3544,Course_3544,Finance,16,298,74.03859,Udemy,72.72543,4.083475
3545,Course_3545,Finance,38,3763,79.2604,LinkedIn Learning,160.043,4.1096096
3547,Course_3547,Finance,17,3312,61.395382,edX,37.215065,4.002952
3548,Course_3548,Office Tools,52,2171,57.24497,Udemy,12.987619,3.4308577
3549,Course_3549,Technology,52,3860,53.60797,edX,155.31891,3.5242634
3550,Course_3550,AI,86,795,62.264008,edX,63.72195,3.4970415
3552,Course_3552,Programming,71,2874,95.78487,LinkedIn Learning,55.20666,4.129898
3553,Course_3553,Finance,70,2996,95.61354,Udemy,146.28705,3.309139
3555,Course_3555,Business,73,4282,99.6317,Udemy,108.0858,3.6079571
3556,Course_3556,Business,86,4969,65.848694,Udemy,164.6386,3.2159438
3557,Course_3557,Data Science,30,3753,87.02228,edX,110.5375,3.3491442
3559,Course_3559,Office Tools,28,4485,56.546024,Udemy,58.75877,4.600954
3561,Course_3561,Programming,69,1506,59.441624,LinkedIn Learning,57.449936,4.0120625
3562,Course_3562,Marketing,58,3243,77.27254,LinkedIn Learning,131.87872,4.0525045
3563,Course_3563,Business,81,1194,67.26333,Udemy,188.77669,4.3256173
3564,Course_3564,Programming,49,1038,83.15641,LinkedIn Learning,189.17308,4.4395504
3565,Course_3565,Office Tools,92,2653,91.62555,LinkedIn Learning,134.88884,3.8422923
3566,Course_3566,Programming,83,4984,62.470936,LinkedIn Learning,28.374254,4.077996
3568,Course_3568,Design,53,4218,84.00521,Udemy,11.131379,3.9221053
3569,Course_3569,Data Science,83,3062,87.87457,Udemy,120.20621,3.2877939
3570,Course_3570,Design,47,4855,98.61515,LinkedIn Learning,181.59448,3.6853294
3571,Course_3571,AI,42,4697,64.34088,LinkedIn Learning,29.545452,4.802321
3572,Course_3572,Design,91,3900,76.0245,Udemy,174.66632,4.6769414
3574,Course_3574,Data Science,50,2176,50.939884,LinkedIn Learning,65.87189,3.3826437
3575,Course_3575,Office Tools,50,3478,53.99886,LinkedIn Learning,44.59383,3.7079008
3576,Course_3576,AI,35,4823,56.550297,Udemy,63.9414,3.656684
3577,Course_3577,Design,96,1805,84.20024,edX,61.42109,3.7318525
3579,Course_3579,AI,29,4132,66.85118,Udemy,179.28345,4.178126
3582,Course_3582,Programming,76,4954,55.19283,LinkedIn Learning,103.83316,3.442093
3583,Course_3583,AI,84,4707,77.85249,edX,40.655743,3.3720608
3584,Course_3584,Marketing,25,2237,54.0542,edX,16.242785,4.863394
3585,Course_3585,Business,95,4424,69.98218,edX,194.93335,3.3874156
3586,Course_3586,Programming,10,1971,84.98832,LinkedIn Learning,199.90843,3.4382973
3589,Course_3589,Programming,88,361,59.23269,LinkedIn Learning,117.56445,3.6232255
3590,Course_3590,Finance,91,4547,94.3601,Udemy,159.86133,4.188984
3591,Course_3591,Programming,90,2656,66.31534,edX,33.10467,3.5468
3592,Course_3592,Office Tools,83,2636,58.669804,LinkedIn Learning,175.04997,4.7217717
3593,Course_3593,Finance,27,584,63.742447,LinkedIn Learning,195.49904,4.750709
3594,Course_3594,Programming,55,3014,70.61147,LinkedIn Learning,52.078953,3.2030277
3595,Course_3595,Programming,49,802,77.94302,Udemy,178.62253,3.2742507
3598,Course_3598,AI,16,226,51.11383,Udemy,16.569134,4.2011714
3599,Course_3599,Business,49,3835,80.04413,edX,136.79071,3.7148488
3600,Course_3600,Design,89,2323,76.09014,edX,131.29355,3.9390757
3602,Course_3602,Data Science,16,2297,61.605175,LinkedIn Learning,102.03141,3.8605995
3604,Course_3604,Business,49,4028,82.617645,edX,188.00024,4.7078514
3605,Course_3605,Technology,89,1790,64.827835,edX,41.26333,3.0613735
3606,Course_3606,Finance,14,1374,81.0163,edX,45.866543,3.0239453
3607,Course_3607,Design,52,294,57.20797,LinkedIn Learning,197.63748,3.8098605
3608,Course_3608,Programming,100,3570,69.681526,Udemy,138.22562,4.499453
3609,Course_3609,AI,98,2418,98.88592,edX,15.946182,4.2147985
3610,Course_3610,Business,99,2294,53.33786,edX,61.362766,4.6076736
3612,Course_3612,Data Science,83,1743,85.892586,edX,17.606136,3.4902568
3613,Course_3613,Programming,82,3822,50.743813,edX,57.158936,3.101649
3615,Course_3615,Design,44,3556,95.648964,edX,111.97956,3.1881778
3617,Course_3617,Programming,15,484,57.781265,LinkedIn Learning,147.97379,3.0716288
3619,Course_3619,Marketing,73,4844,61.867237,edX,59.97652,4.284834
3620,Course_3620,Office Tools,99,4780,51.897503,Udemy,51.01188,3.2868743
3621,Course_3621,Data Science,44,2845,68.43573,Udemy,35.63646,3.5066469
3624,Course_3624,Data Science,59,4557,63.288044,Udemy,94.89328,3.047345
3625,Course_3625,Office Tools,95,1379,54.670155,edX,133.45905,3.0393906
3626,Course_3626,Technology,13,1344,50.07745,LinkedIn Learning,147.53708,3.2223754
3630,Course_3630,Finance,19,421,90.936905,Udemy,112.251076,4.46121
3631,Course_3631,Data Science,84,3217,56.979767,LinkedIn Learning,40.22353,4.6184893
3632,Course_3632,Technology,93,3391,71.40491,edX,27.653597,3.1720924
3633,Course_3633,Marketing,34,4346,74.28185,edX,54.18333,4.883371
3634,Course_3634,Business,81,291,75.70828,edX,15.5678215,3.6092281
3635,Course_3635,Office Tools,39,2973,56.97429,edX,79.76494,3.7290685
3636,Course_3636,Marketing,67,4509,93.490974,Udemy,142.79579,4.7996135
3637,Course_3637,Technology,36,3801,91.19064,edX,160.83408,4.7535977
3639,Course_3639,Finance,62,265,73.77681,Udemy,143.18353,3.7980976
3640,Course_3640,Office Tools,73,1156,64.60108,LinkedIn Learning,168.75404,4.0362973
3641,Course_3641,Design,84,1819,89.72635,Udemy,56.96079,4.262153
3642,Course_3642,Finance,79,2749,69.51513,Udemy,53.291836,4.6534953
3644,Course_3644,AI,32,4086,66.78871,LinkedIn Learning,33.06238,4.291694
3645,Course_3645,Design,45,975,54.479443,edX,59.600296,4.925226
3646,Course_3646,Finance,32,4526,79.7837,Udemy,90.937294,3.5860698
3647,Course_3647,AI,95,4238,96.9323,Udemy,114.639305,3.7279806
3648,Course_3648,Business,95,1832,63.327,LinkedIn Learning,172.46898,3.0471046
3649,Course_3649,AI,17,1757,68.96692,LinkedIn Learning,110.54345,4.920349
3650,Course_3650,Technology,23,3749,85.52373,edX,48.974396,3.747294
3652,Course_3652,Design,80,4816,80.86251,edX,95.06978,4.0651536
3653,Course_3653,Business,17,1242,59.63922,Udemy,51.07284,3.9171126
3654,Course_3654,Finance,100,4467,50.35559,LinkedIn Learning,195.68636,4.7205405
3655,Course_3655,Marketing,23,2529,72.44939,edX,54.865288,3.3709507
3656,Course_3656,Data Science,32,4655,97.8455,edX,195.77202,4.654809
3657,Course_3657,Programming,92,3478,63.315582,LinkedIn Learning,40.60186,3.5879757
3660,Course_3660,Data Science,56,2705,94.56432,Udemy,181.78279,3.8786585
3661,Course_3661,Programming,16,281,69.87236,edX,70.19317,4.048211
3662,Course_3662,Office Tools,21,3326,90.13727,edX,80.60254,4.893536
3664,Course_3664,Technology,92,1978,61.598053,edX,199.36768,4.693882
3665,Course_3665,Office Tools,91,3477,78.45801,LinkedIn Learning,198.67506,3.5829566
3666,Course_3666,Finance,51,3177,58.997383,Udemy,116.34306,3.9065046
3667,Course_3667,Business,100,4014,73.64196,LinkedIn Learning,130.75766,3.2749045
3668,Course_3668,AI,61,2450,88.68355,edX,54.32835,4.650404
3669,Course_3669,Technology,18,4802,75.77757,Udemy,187.33679,3.033444
3672,Course_3672,Design,94,3850,50.312695,edX,13.237937,3.3408375
3673,Course_3673,Technology,45,3908,78.89183,edX,80.527664,4.224087
3674,Course_3674,Business,83,844,98.889114,Udemy,105.64744,3.0997436
3676,Course_3676,Business,78,1438,57.48065,edX,72.5974,4.570722
3677,Course_3677,Marketing,72,3720,67.50397,edX,140.04181,4.3912053
3678,Course_3678,Technology,33,4160,82.74081,Udemy,96.18537,3.7092965
3679,Course_3679,Design,78,3490,90.67824,edX,31.993694,4.942019
3680,Course_3680,Office Tools,32,1894,71.26077,edX,44.937813,4.1216044
3681,Course_3681,Data Science,55,4792,63.468735,LinkedIn Learning,34.04346,3.7909482
3682,Course_3682,Finance,32,2216,92.83528,LinkedIn Learning,197.6545,4.691829
3683,Course_3683,Marketing,53,791,91.32997,Udemy,22.843513,3.7783055
3684,Course_3684,Programming,12,3005,73.60271,LinkedIn Learning,48.40881,3.7327368
3685,Course_3685,Technology,95,3463,61.65035,Udemy,149.23795,3.0313504
3686,Course_3686,Design,12,684,72.92964,LinkedIn Learning,124.36708,4.6905694
3688,Course_3688,Marketing,52,4725,69.12933,edX,176.4929,4.0689163
3692,Course_3692,Programming,87,3666,86.98487,LinkedIn Learning,176.79872,3.984232
3693,Course_3693,Business,48,4598,89.94541,edX,186.42088,3.7520933
3694,Course_3694,Design,79,2382,72.525215,Udemy,179.57407,3.7721038
3695,Course_3695,Office Tools,62,2914,68.13013,edX,24.531305,3.5755444
3696,Course_3696,Technology,30,4702,89.5074,Udemy,184.17365,3.7534888
3697,Course_3697,Data Science,33,4371,84.32865,LinkedIn Learning,21.531384,4.0438294
3699,Course_3699,Office Tools,80,1066,98.1106,Udemy,34.78095,4.015149
3701,Course_3701,Finance,66,1112,74.14718,Udemy,32.322815,4.1223965
3702,Course_3702,Data Science,21,4667,65.34789,edX,154.49098,3.5619724
3703,Course_3703,AI,50,550,73.38943,Udemy,141.82463,3.8420823
3706,Course_3706,Programming,32,1820,82.27268,LinkedIn Learning,193.7738,4.2890177
3707,Course_3707,Design,61,3569,89.58472,edX,79.56543,3.8305526
3708,Course_3708,Data Science,48,3406,62.120567,edX,55.143147,3.6475005
3709,Course_3709,Office Tools,47,3404,77.60407,LinkedIn Learning,130.23341,3.924861
3710,Course_3710,AI,23,2429,52.119385,edX,88.7753,3.5699177
3712,Course_3712,Business,87,2602,55.06839,LinkedIn Learning,62.292294,4.344915
3713,Course_3713,AI,80,1585,57.019234,edX,135.83865,3.0618043
3714,Course_3714,Finance,94,2826,92.796524,edX,10.507914,4.54896
3715,Course_3715,Office Tools,91,1928,65.36875,Udemy,112.63871,3.5722463
3716,Course_3716,Programming,87,4482,75.70864,edX,186.70187,3.3800664
3717,Course_3717,Technology,59,181,57.301765,Udemy,82.01848,3.1949492
3718,Course_3718,Finance,85,3386,79.8483,Udemy,93.9872,3.6824546
3719,Course_3719,Design,81,1306,89.3518,LinkedIn Learning,109.4113,3.95659
3720,Course_3720,Marketing,54,4322,51.706795,Udemy,158.20322,3.045079
3722,Course_3722,Finance,46,760,70.17673,edX,163.22699,3.8302002
3723,Course_3723,Programming,57,958,60.616135,edX,108.32208,3.0766613
3724,Course_3724,Business,42,1046,95.015076,Udemy,49.663,4.8730865
3726,Course_3726,Marketing,87,2118,98.70058,LinkedIn Learning,25.711308,3.1665971
3728,Course_3728,Business,10,2460,87.90561,edX,59.829998,3.1234145
3730,Course_3730,Data Science,71,472,72.23274,edX,92.414894,3.9858513
3731,Course_3731,Finance,78,390,90.86921,edX,115.326935,4.6274586
3733,Course_3733,Finance,66,3637,89.53257,edX,112.00396,4.7455096
3734,Course_3734,Office Tools,88,195,75.87601,LinkedIn Learning,133.3815,4.263579
3736,Course_3736,Office Tools,82,1968,89.257484,edX,184.75372,4.023109
3737,Course_3737,Finance,22,3800,91.66127,edX,153.05876,3.5372114
3738,Course_3738,Business,31,2154,98.38561,LinkedIn Learning,79.40516,3.5392196
3739,Course_3739,Business,87,895,90.29967,Udemy,55.87287,4.8926015
3741,Course_3741,Design,46,2823,96.04674,LinkedIn Learning,49.009815,4.8467093
3742,Course_3742,Data Science,100,4635,70.36541,edX,71.7113,4.322993
3744,Course_3744,AI,74,4773,52.036083,Udemy,29.29897,3.0368798
3745,Course_3745,AI,71,1855,65.17019,edX,162.4762,4.192535
3746,Course_3746,Marketing,87,3416,59.081455,edX,95.69341,4.5769577
3747,Course_3747,Data Science,91,4943,91.12985,Udemy,73.2214,3.4653685
3748,Course_3748,Marketing,69,3381,68.96042,edX,118.71743,4.9493475
3749,Course_3749,Marketing,65,2467,85.809364,edX,158.66602,3.9039822
3750,Course_3750,Finance,30,4055,91.5454,LinkedIn Learning,49.24475,4.2096815
3751,Course_3751,Technology,34,3971,79.01412,edX,19.674093,3.959477
3752,Course_3752,Programming,14,2969,61.524242,edX,10.16606,4.281604
3753,Course_3753,Business,74,253,94.40565,LinkedIn Learning,38.928658,4.2814565
3754,Course_3754,Office Tools,71,177,60.143337,edX,144.9579,3.5776207
3755,Course_3755,Marketing,69,3257,51.422935,LinkedIn Learning,192.15117,3.374578
3757,Course_3757,Programming,80,133,94.73565,LinkedIn Learning,128.16441,4.478114
3758,Course_3758,Business,53,4534,95.95972,Udemy,36.987064,4.4861093
3759,Course_3759,Data Science,10,3251,75.81888,edX,43.343235,4.183424
3761,Course_3761,Marketing,86,3875,50.88139,Udemy,60.527264,4.511872
3762,Course_3762,Marketing,68,3138,87.882515,LinkedIn Learning,196.65321,3.8834434
3763,Course_3763,Programming,64,1084,93.50323,edX,195.28354,4.026105
3764,Course_3764,Design,27,2350,90.06679,LinkedIn Learning,78.96316,3.0411894
3765,Course_3765,Finance,50,227,51.812645,edX,62.096943,3.242284
3766,Course_3766,Technology,54,710,66.87469,LinkedIn Learning,47.88212,4.838886
3767,Course_3767,Programming,22,2790,57.464935,edX,193.03096,3.1997979
3768,Course_3768,Office Tools,71,3323,82.10939,Udemy,101.628555,4.9686103
3769,Course_3769,Data Science,20,2710,89.68769,Udemy,109.82923,3.6334145
3770,Course_3770,Office Tools,68,3905,93.51826,edX,181.75278,3.5483773
3771,Course_3771,Programming,13,1375,89.37163,LinkedIn Learning,176.23126,3.1796584
3773,Course_3773,Design,66,417,68.67012,Udemy,190.18277,4.9903064
3774,Course_3774,Programming,83,4855,91.39209,LinkedIn Learning,145.32353,3.878191
3775,Course_3775,Data Science,98,1950,86.52557,edX,143.58076,4.5496883
3776,Course_3776,Data Science,77,4350,75.669,Udemy,95.90236,4.8482757
3777,Course_3777,Technology,39,201,88.514465,edX,182.11111,3.0318933
3778,Course_3778,Finance,33,1585,57.963337,edX,54.35986,3.6624992
3780,Course_3780,AI,53,2261,65.42766,edX,42.428947,3.1471121
3781,Course_3781,AI,65,693,94.00724,edX,78.70715,3.1096117
3782,Course_3782,Programming,92,3180,71.10557,LinkedIn Learning,55.2837,3.71344
3783,Course_3783,Finance,20,745,83.55283,LinkedIn Learning,64.53715,3.1920524
3784,Course_3784,Data Science,18,925,98.11512,LinkedIn Learning,101.178314,4.4240375
3785,Course_3785,Finance,80,3793,66.23919,Udemy,169.18138,4.541428
3786,Course_3786,AI,67,1176,54.931324,Udemy,156.74693,4.0534105
3787,Course_3787,Marketing,86,616,98.40844,LinkedIn Learning,105.69273,3.185832
3788,Course_3788,Business,28,1659,82.24265,LinkedIn Learning,142.58255,4.9595237
3791,Course_3791,Programming,86,548,59.09189,edX,199.03831,3.1364915
3793,Course_3793,Programming,25,1512,68.414215,LinkedIn Learning,84.24577,3.9478
3794,Course_3794,Design,92,2209,94.56823,Udemy,18.279814,3.167871
3795,Course_3795,Business,52,2304,66.125084,LinkedIn Learning,163.3274,3.0723672
3797,Course_3797,Marketing,81,1938,62.405746,LinkedIn Learning,145.9687,4.0954494
3798,Course_3798,Programming,68,1083,98.23586,LinkedIn Learning,156.47884,3.368962
3801,Course_3801,Office Tools,81,2868,69.526146,Udemy,131.94545,3.917738
3804,Course_3804,AI,76,3378,78.85639,Udemy,103.656235,4.285149
3805,Course_3805,AI,38,4276,77.897316,LinkedIn Learning,109.55757,4.0964065
3806,Course_3806,AI,47,1789,84.73471,Udemy,97.92425,3.95716
3807,Course_3807,Business,77,3268,72.20461,LinkedIn Learning,15.347189,3.1213186
3809,Course_3809,AI,59,3557,62.798668,Udemy,68.94408,3.4348967
3810,Course_3810,Business,70,718,85.68691,Udemy,31.147625,4.60782
3812,Course_3812,Technology,40,2899,78.4246,edX,177.12573,4.6739573
3813,Course_3813,Business,73,1190,87.06905,edX,123.80014,3.261401
3814,Course_3814,Data Science,47,3418,54.085854,Udemy,54.098675,3.9473422
3815,Course_3815,Business,41,3892,81.60935,Udemy,73.84549,4.789166
3816,Course_3816,Data Science,27,2801,59.99568,edX,124.71192,3.8173883
3817,Course_3817,Programming,57,4089,62.57841,LinkedIn Learning,193.37248,3.753783
3818,Course_3818,Office Tools,96,3104,67.58138,Udemy,73.32798,3.1762507
3819,Course_3819,Business,85,2620,91.509026,LinkedIn Learning,163.08417,4.570031
3820,Course_3820,AI,76,1474,60.23192,LinkedIn Learning,85.70034,4.154848
3821,Course_3821,Business,79,3398,52.231384,edX,123.2825,3.4003983
3822,Course_3822,Data Science,63,1502,70.58748,edX,175.20488,4.8259697
3823,Course_3823,Design,18,1052,77.87641,LinkedIn Learning,84.28383,4.443919
3824,Course_3824,Office Tools,19,3270,96.851456,LinkedIn Learning,170.10857,3.786065
3825,Course_3825,Technology,98,4617,80.54967,LinkedIn Learning,29.787483,4.1853485
3826,Course_3826,Programming,38,1997,55.978977,edX,19.799791,4.986059
3828,Course_3828,Finance,54,3824,51.72803,LinkedIn Learning,198.40038,4.201036
3831,Course_3831,Technology,42,366,82.076805,LinkedIn Learning,157.2915,3.4461508
3832,Course_3832,Design,80,168,92.530365,Udemy,86.34103,4.22243
3833,Course_3833,Marketing,81,2414,98.719406,LinkedIn Learning,19.799505,3.427037
3834,Course_3834,Office Tools,20,4052,92.98023,edX,99.925125,3.7021153
3836,Course_3836,Programming,81,4308,84.48894,edX,149.70467,3.7349207
3838,Course_3838,Design,49,4925,91.43349,edX,86.67274,4.3302794
3841,Course_3841,Data Science,48,156,94.64278,edX,100.608986,3.165931
3842,Course_3842,Data Science,90,2701,69.30234,edX,132.18445,3.8689978
3843,Course_3843,AI,91,731,88.62824,LinkedIn Learning,14.332253,3.3185751
3844,Course_3844,Business,73,4643,63.768795,LinkedIn Learning,23.967436,4.5118756
3847,Course_3847,Marketing,11,4404,96.47383,Udemy,20.128777,4.048179
3848,Course_3848,Marketing,18,1115,56.9912,edX,51.7226,3.1562476
3849,Course_3849,Technology,61,3635,52.25852,Udemy,13.922888,3.6752176
3850,Course_3850,Data Science,52,2678,91.181404,Udemy,121.78803,4.3403797
3851,Course_3851,Marketing,93,2927,92.869835,edX,149.76909,3.2976408
3852,Course_3852,Data Science,19,4807,84.19264,LinkedIn Learning,158.30025,3.482941
3854,Course_3854,AI,52,4041,81.56248,edX,59.199932,4.90317
3855,Course_3855,Finance,62,2180,63.589085,edX,157.01048,3.391114
3856,Course_3856,Technology,68,3774,51.59271,LinkedIn Learning,67.524605,3.7385035
3857,Course_3857,Technology,63,1587,53.510674,edX,94.99936,4.0894284
3858,Course_3858,Finance,24,1298,93.18267,Udemy,179.97327,3.8226848
3859,Course_3859,Marketing,20,450,55.265015,Udemy,172.36333,3.4788203
3860,Course_3860,Marketing,91,4633,50.866264,LinkedIn Learning,23.351143,4.4392548
3863,Course_3863,Programming,33,3969,59.582348,LinkedIn Learning,43.548706,4.905611
3865,Course_3865,Marketing,95,3321,72.88045,LinkedIn Learning,117.31202,3.1687043
3866,Course_3866,Design,88,3149,64.41951,Udemy,113.24548,4.0808825
3867,Course_3867,AI,99,4198,56.699574,Udemy,72.718605,3.6959686
3868,Course_3868,Business,85,289,85.57864,LinkedIn Learning,170.87805,4.4222875
3869,Course_3869,Design,50,1324,73.195465,Udemy,164.43558,4.940406
3870,Course_3870,Design,52,104,69.76771,Udemy,60.29605,4.982791
3872,Course_3872,AI,90,2707,50.12859,LinkedIn Learning,169.49754,4.690873
3873,Course_3873,Technology,76,4781,69.90685,Udemy,42.23573,3.105506
3874,Course_3874,Business,90,3201,82.28038,edX,12.064083,3.194303
3875,Course_3875,AI,59,388,63.664116,edX,83.44813,4.117162
3877,Course_3877,Marketing,16,556,57.208042,Udemy,195.44554,4.138606
3878,Course_3878,Data Science,13,3184,58.5982,Udemy,135.92249,4.501655
3880,Course_3880,Technology,20,1881,57.04766,Udemy,101.97057,3.1598108
3881,Course_3881,Technology,93,1619,97.84721,LinkedIn Learning,196.40678,4.114529
3882,Course_3882,Finance,82,357,58.45872,Udemy,153.39072,3.3312337
3883,Course_3883,Business,26,762,94.33261,Udemy,46.583027,4.635951
3885,Course_3885,Office Tools,34,3803,82.885284,LinkedIn Learning,149.35231,4.2466493
3886,Course_3886,Business,98,4916,76.18468,LinkedIn Learning,190.00014,3.137828
3887,Course_3887,Data Science,79,3147,65.056335,LinkedIn Learning,121.04863,4.35303
3888,Course_3888,Office Tools,18,3907,50.895264,LinkedIn Learning,101.8973,4.1046734
3889,Course_3889,Business,79,3183,70.428955,Udemy,131.0972,4.8889256
3890,Course_3890,Programming,21,4861,67.955795,Udemy,105.87512,4.692922
3892,Course_3892,Technology,14,1581,88.876854,edX,163.78946,4.3606434
3894,Course_3894,Finance,90,1563,52.62405,LinkedIn Learning,32.89629,3.3600488
3895,Course_3895,Office Tools,95,546,93.77069,Udemy,196.83717,3.4677987
3897,Course_3897,Data Science,82,2428,67.41968,Udemy,79.85072,3.1653814
3898,Course_3898,AI,74,4278,71.31161,edX,75.56045,3.49957
3899,Course_3899,Marketing,51,1007,58.349022,LinkedIn Learning,95.63144,4.50811
3900,Course_3900,Business,60,730,60.766666,edX,178.3195,3.9223828
3901,Course_3901,Marketing,34,3660,93.56651,LinkedIn Learning,69.88298,3.9368153
3903,Course_3903,Data Science,79,1237,85.19188,Udemy,196.1856,3.5696216
3904,Course_3904,Marketing,90,2041,82.63758,Udemy,20.189514,4.2764096
3905,Course_3905,Office Tools,38,3347,57.126106,Udemy,108.525665,4.2549005
3909,Course_3909,Design,53,3878,60.74124,edX,170.92088,4.6669493
3910,Course_3910,Finance,93,3566,74.360855,LinkedIn Learning,185.03955,3.368238
3911,Course_3911,AI,50,1349,64.24344,edX,187.301,4.192531
3913,Course_3913,Office Tools,48,3082,98.319916,edX,39.785027,4.2290874
3914,Course_3914,Technology,97,794,50.952938,Udemy,114.41187,3.9699693
3915,Course_3915,Business,59,3904,51.11892,LinkedIn Learning,87.82362,3.9363196
3916,Course_3916,Design,23,1393,95.713684,LinkedIn Learning,108.837685,4.010916
3917,Course_3917,Business,76,3629,80.11298,LinkedIn Learning,37.61255,4.574666
3918,Course_3918,Design,33,1264,86.31716,edX,41.932117,3.1305518
3919,Course_3919,Data Science,17,1731,67.094986,edX,133.9645,4.730258
3923,Course_3923,Office Tools,86,725,90.11092,Udemy,67.9067,3.620453
3925,Course_3925,Technology,38,2750,82.438576,LinkedIn Learning,158.52803,4.739155
3926,Course_3926,Finance,14,2116,61.498775,edX,192.87776,3.4297166
3927,Course_3927,Design,35,2286,58.378555,LinkedIn Learning,112.556526,3.924639
3929,Course_3929,AI,38,2706,80.32479,edX,86.71984,3.647464
3930,Course_3930,Business,99,4712,79.08731,edX,10.554875,4.946418
3931,Course_3931,Design,11,3686,79.70691,LinkedIn Learning,34.90394,4.1797132
3934,Course_3934,Marketing,43,3077,60.611115,LinkedIn Learning,149.17697,3.0023708
3935,Course_3935,Design,56,250,65.72692,LinkedIn Learning,117.31033,3.1575387
3936,Course_3936,Design,84,3864,88.91358,Udemy,25.435,4.3691034
3937,Course_3937,AI,27,2892,68.00582,Udemy,191.20758,4.1765094
3938,Course_3938,Data Science,90,1104,78.314705,edX,62.016212,3.6368964
3940,Course_3940,Marketing,86,3058,93.8861,Udemy,63.455433,4.5808296
3941,Course_3941,Design,24,1666,64.379875,LinkedIn Learning,38.711407,4.4313884
3942,Course_3942,Marketing,85,728,65.93138,Udemy,79.184814,3.2348108
3943,Course_3943,Marketing,14,4592,69.0485,LinkedIn Learning,68.59154,4.5186534
3945,Course_3945,Data Science,78,3910,65.144684,LinkedIn Learning,99.124084,3.0815644
3946,Course_3946,Programming,46,1859,89.61388,Udemy,133.29938,4.0237646
3947,Course_3947,Design,46,2685,67.72928,edX,157.11774,3.178434
3949,Course_3949,Design,76,3793,75.885,Udemy,92.08011,4.2116694
3950,Course_3950,Data Science,64,553,58.86897,LinkedIn Learning,168.41188,3.2300596
3952,Course_3952,Programming,66,2888,62.70067,edX,170.06194,4.5495195
3953,Course_3953,Technology,29,513,75.01591,LinkedIn Learning,148.58398,3.9199119
3954,Course_3954,Technology,65,422,96.0921,edX,129.18288,3.7858436
3955,Course_3955,Marketing,90,594,76.369934,edX,84.40948,4.9075594
3956,Course_3956,Technology,22,2610,78.48848,Udemy,184.43532,4.2000318
3957,Course_3957,Design,67,1695,74.36355,LinkedIn Learning,73.21394,4.30901
3958,Course_3958,AI,64,391,69.007576,LinkedIn Learning,92.76635,3.0789702
3960,Course_3960,AI,79,4585,88.28387,Udemy,77.36251,3.453683
3961,Course_3961,AI,61,483,71.45546,edX,12.12043,4.3611
3964,Course_3964,Finance,79,2223,51.08506,LinkedIn Learning,122.90119,3.882086
3965,Course_3965,Business,67,3945,55.77911,Udemy,45.382236,3.8895252
3967,Course_3967,Data Science,25,2845,94.33267,edX,41.88188,4.3927183
3968,Course_3968,Marketing,13,3896,96.72572,LinkedIn Learning,148.36725,3.2567093
3969,Course_3969,Programming,66,4630,63.00401,edX,23.214731,3.4464128
3970,Course_3970,Programming,84,4822,88.159065,Udemy,197.09402,4.05882
3971,Course_3971,Finance,81,3545,58.92336,edX,199.38817,3.6713488
3972,Course_3972,Technology,43,1609,71.872185,LinkedIn Learning,141.52109,4.8195157
3973,Course_3973,Finance,14,2409,80.86392,edX,31.806908,4.3684087
3974,Course_3974,Technology,98,2224,68.44498,LinkedIn Learning,100.73442,4.644552
3976,Course_3976,Business,74,1562,81.54082,LinkedIn Learning,114.54267,4.0453577
3977,Course_3977,Programming,33,2629,89.26078,edX,166.12704,3.3424156
3979,Course_3979,Business,63,889,52.388622,edX,78.4235,3.792902
3980,Course_3980,Design,36,1579,94.830345,Udemy,157.74138,4.002558
3982,Course_3982,Finance,97,1083,73.40296,Udemy,51.593956,4.642751
3983,Course_3983,AI,68,2912,76.77408,LinkedIn Learning,138.77579,3.336235
3985,Course_3985,Technology,95,1867,95.03524,edX,128.86632,3.1124442
3986,Course_3986,Business,49,1012,55.57607,edX,161.96004,4.349973
3987,Course_3987,AI,32,229,85.38568,edX,170.60042,4.0185275
3988,Course_3988,Data Science,49,1241,85.536995,Udemy,164.1971,3.796233
3990,Course_3990,Marketing,97,4419,70.24868,edX,135.36754,4.9196706
3991,Course_3991,Business,80,915,85.20309,LinkedIn Learning,122.16322,4.9607997
3992,Course_3992,AI,99,656,86.30745,Udemy,58.396984,3.8568997
3993,Course_3993,Marketing,55,748,71.155235,Udemy,89.42385,4.221441
3994,Course_3994,Office Tools,23,3143,55.18292,Udemy,80.0284,3.2988842
3995,Course_3995,Marketing,32,4515,85.595,Udemy,116.05586,4.323226
3996,Course_3996,Programming,46,4766,66.05697,Udemy,13.484503,4.6457267
3998,Course_3998,Finance,91,2393,87.32168,edX,160.05125,4.20315
3999,Course_3999,Data Science,47,952,83.79584,edX,99.73578,4.3796525
4000,Course_4000,Design,100,889,78.94622,LinkedIn Learning,127.11005,3.0632787
4001,Course_4001,Business,23,2748,55.70622,Udemy,70.33981,4.939306
4002,Course_4002,Marketing,35,4560,88.69299,Udemy,194.55269,4.47183
4005,Course_4005,Finance,60,681,89.09795,Udemy,114.23717,3.1268733
4006,Course_4006,Data Science,88,3643,79.322,Udemy,131.56627,4.637771
4007,Course_4007,Finance,31,3715,53.6945,LinkedIn Learning,35.51198,4.1424546
4009,Course_4009,AI,64,857,98.790016,edX,114.132195,4.578309
4010,Course_4010,Marketing,60,3571,57.426205,LinkedIn Learning,51.43402,4.1024404
4011,Course_4011,Marketing,89,342,66.94055,edX,119.718216,3.8225055
4012,Course_4012,Business,48,331,66.52298,edX,111.24823,3.8041213
4014,Course_4014,Finance,70,2720,55.08282,Udemy,112.40639,3.479112
4015,Course_4015,Office Tools,52,3273,87.53515,edX,173.53967,3.5421162
4016,Course_4016,Design,95,4379,83.12935,edX,13.481812,3.1963875
4017,Course_4017,Data Science,12,1235,94.14115,edX,44.829445,3.503197
4018,Course_4018,Design,92,4433,88.200356,edX,26.746729,3.9487162
4019,Course_4019,Programming,31,837,69.03016,edX,157.51222,3.4295275
4020,Course_4020,Finance,49,3707,95.65252,Udemy,148.4832,3.6127503
4021,Course_4021,AI,15,3035,91.61738,edX,102.76327,4.880332
4023,Course_4023,Data Science,51,4898,97.091805,edX,63.741753,3.0893497
4025,Course_4025,Design,76,4789,57.59425,Udemy,188.26582,3.936686
4026,Course_4026,Data Science,43,1517,95.03653,LinkedIn Learning,13.081027,3.9367957
4027,Course_4027,Technology,100,1405,96.508575,LinkedIn Learning,129.50806,4.761817
4028,Course_4028,Design,72,4131,62.98404,LinkedIn Learning,52.294357,3.8623004
4029,Course_4029,Business,35,1265,91.872795,LinkedIn Learning,158.99464,3.66997
4030,Course_4030,Technology,70,4428,65.96179,LinkedIn Learning,55.273266,3.2245536
4032,Course_4032,Office Tools,81,3935,79.86985,edX,13.057818,3.0026453
4033,Course_4033,Office Tools,12,4376,61.799625,edX,161.54053,4.040571
4034,Course_4034,AI,17,3733,70.62331,edX,197.83626,3.9972174
4035,Course_4035,Finance,93,2902,89.78864,edX,181.89232,4.920288
4036,Course_4036,Marketing,15,1266,56.674034,Udemy,65.12142,3.763897
4037,Course_4037,Business,22,4173,50.506573,Udemy,113.384346,3.8649457
4038,Course_4038,Marketing,56,3787,67.427864,edX,63.915554,4.8214397
4039,Course_4039,Data Science,48,4098,74.21056,edX,53.140167,4.5053678
4040,Course_4040,Design,82,2275,62.766003,Udemy,25.523617,3.3370204
4042,Course_4042,Design,39,245,60.379936,edX,58.593914,3.4663618
4043,Course_4043,Finance,97,3263,85.512924,Udemy,191.4592,3.5863304
4046,Course_4046,Office Tools,73,3656,51.249687,LinkedIn Learning,139.61154,4.140693
4047,Course_4047,Marketing,86,2986,99.07497,Udemy,34.827927,4.452462
4048,Course_4048,Data Science,45,2629,79.20827,edX,193.77806,3.487478
4050,Course_4050,AI,50,1853,64.72094,edX,167.9105,4.050357
4051,Course_4051,Data Science,87,2560,65.970955,edX,169.82936,3.8499765
4053,Course_4053,Programming,23,2586,71.18889,LinkedIn Learning,85.34001,3.4443188
4054,Course_4054,Business,82,1731,74.53674,LinkedIn Learning,126.9692,4.296331
4055,Course_4055,Programming,91,3329,81.58128,LinkedIn Learning,86.62662,4.4382777
4056,Course_4056,Office Tools,47,1196,99.00514,edX,86.43736,4.2516656
4057,Course_4057,Technology,86,2883,53.513752,LinkedIn Learning,28.247318,4.1777134
4059,Course_4059,AI,89,155,88.71772,Udemy,146.84613,4.603684
4060,Course_4060,Technology,26,505,73.048645,Udemy,36.07157,4.2787113
4061,Course_4061,Finance,24,4775,64.64991,Udemy,156.3179,3.6510844
4062,Course_4062,Technology,58,581,65.928986,LinkedIn Learning,60.516193,4.4861875
4064,Course_4064,Technology,69,3012,92.56576,edX,16.052174,3.168834
4065,Course_4065,Technology,99,4777,53.857525,LinkedIn Learning,151.59773,4.4822254
4066,Course_4066,Data Science,87,4748,82.44413,Udemy,30.89428,3.8430521
4067,Course_4067,Office Tools,10,566,61.192265,LinkedIn Learning,182.74202,4.1469917
4068,Course_4068,Design,19,4128,96.49245,LinkedIn Learning,115.64169,3.570407
4069,Course_4069,Office Tools,81,1646,50.32778,LinkedIn Learning,12.131057,4.302656
4070,Course_4070,Data Science,92,4006,87.14875,LinkedIn Learning,43.52918,4.3259563
4071,Course_4071,Business,81,4423,63.74674,LinkedIn Learning,106.15572,4.71009
4072,Course_4072,AI,20,4847,85.09174,edX,132.16365,4.859514
4075,Course_4075,Business,57,1875,74.17251,LinkedIn Learning,132.51222,4.223563
4078,Course_4078,Business,18,3627,90.91211,Udemy,96.509476,3.432366
4079,Course_4079,Technology,27,3473,60.837486,Udemy,99.82095,4.067408
4081,Course_4081,Finance,81,635,92.65617,Udemy,163.76366,3.5613875
4083,Course_4083,Finance,57,3577,79.68563,LinkedIn Learning,50.99487,3.319654
4084,Course_4084,Business,66,3832,56.589485,edX,149.58218,3.3458462
4085,Course_4085,Programming,75,929,84.98644,Udemy,199.15852,4.5216556
4086,Course_4086,Technology,47,2332,78.72355,LinkedIn Learning,79.69301,4.1079545
4089,Course_4089,Technology,26,4719,65.47887,edX,118.91225,4.3451114
4091,Course_4091,Business,14,2802,76.63936,Udemy,74.38811,4.0245657
4092,Course_4092,Technology,27,3261,83.96252,LinkedIn Learning,114.2147,3.6625533
4093,Course_4093,Technology,51,3732,84.785965,edX,12.34804,4.9346566
4094,Course_4094,AI,75,1496,85.866974,LinkedIn Learning,142.82077,4.8000765
4095,Course_4095,Business,97,1841,60.794132,LinkedIn Learning,14.227418,3.5889294
4097,Course_4097,Marketing,100,2214,79.97168,edX,41.15404,4.9775395
4098,Course_4098,Marketing,56,1676,99.19725,Udemy,71.47941,3.3764193
4099,Course_4099,Data Science,75,4041,95.87263,LinkedIn Learning,10.392482,4.051893
4100,Course_4100,Office Tools,56,4585,64.11514,Udemy,69.99433,3.103408
4101,Course_4101,Data Science,47,975,70.075485,edX,118.03312,4.396056
4102,Course_4102,Office Tools,46,3489,55.07759,LinkedIn Learning,169.22383,3.1480908
4103,Course_4103,Business,37,2353,54.308376,LinkedIn Learning,157.29001,3.68346
4104,Course_4104,Finance,75,3424,93.125824,edX,109.01725,3.282751
4105,Course_4105,Finance,74,399,80.97876,edX,169.57974,4.916396
4107,Course_4107,Design,10,724,52.594574,Udemy,103.87402,4.458648
4109,Course_4109,Business,45,425,76.71334,LinkedIn Learning,119.52631,4.9429917
4111,Course_4111,Business,56,351,99.09557,LinkedIn Learning,62.21438,4.526122
4112,Course_4112,Programming,13,4835,50.47468,Udemy,49.28498,3.7321315
4113,Course_4113,Programming,74,2297,79.08656,Udemy,101.40954,4.4252353
4114,Course_4114,AI,52,1081,76.89551,LinkedIn Learning,152.36281,4.4434814
4115,Course_4115,Office Tools,96,2699,50.797867,edX,77.5171,3.2678401
4116,Course_4116,Business,84,1589,69.744286,LinkedIn Learning,164.1024,3.47002
4117,Course_4117,Data Science,24,2682,81.15952,LinkedIn Learning,183.18143,4.750687
4118,Course_4118,Design,60,1064,75.34761,edX,128.60999,3.2368639
4122,Course_4122,Design,39,1340,95.30454,edX,114.178566,4.638055
4123,Course_4123,Technology,65,4749,78.32397,edX,38.442806,4.389256
4124,Course_4124,Office Tools,52,2997,88.182365,edX,198.94243,4.240799
4126,Course_4126,Technology,70,2151,63.167686,Udemy,59.963074,4.900506
4127,Course_4127,Data Science,94,880,99.01603,Udemy,178.82446,4.6935306
4128,Course_4128,Technology,68,230,83.40453,LinkedIn Learning,142.56203,4.699177
4129,Course_4129,Technology,41,4458,65.748634,LinkedIn Learning,195.86044,3.9037263
4130,Course_4130,Design,46,2919,95.810646,Udemy,46.91445,4.136753
4131,Course_4131,Finance,90,1670,64.13811,Udemy,93.305466,4.8988767
4132,Course_4132,Programming,76,925,90.05619,Udemy,108.486946,3.1757925
4133,Course_4133,Data Science,46,4270,73.8404,edX,142.42825,4.1881375
4134,Course_4134,Programming,13,156,57.229313,LinkedIn Learning,186.54529,3.436351
4135,Course_4135,Programming,34,3500,74.00703,Udemy,179.26895,3.9607303
4137,Course_4137,Finance,80,2177,82.85032,Udemy,155.32759,3.3489547
4138,Course_4138,Marketing,81,3916,98.555275,Udemy,74.57083,3.4231827
4139,Course_4139,Programming,14,3651,50.77044,edX,48.491264,3.638943
4140,Course_4140,Marketing,72,2673,50.805607,edX,71.69124,4.223133
4141,Course_4141,Technology,45,2032,70.53771,edX,131.78009,4.630082
4142,Course_4142,Marketing,90,4725,84.942375,edX,75.96962,4.972239
4144,Course_4144,Office Tools,23,1246,67.68229,LinkedIn Learning,18.666708,4.00976
4146,Course_4146,Data Science,49,3296,65.130806,edX,51.233757,4.128378
4148,Course_4148,Finance,14,3431,55.671085,Udemy,57.946712,3.7423623
4151,Course_4151,Design,58,1304,71.936104,LinkedIn Learning,179.90126,4.2180276
4152,Course_4152,Business,46,4494,80.24352,Udemy,187.05516,3.5543728
4154,Course_4154,Finance,96,1142,95.84043,Udemy,67.7662,3.7660537
4155,Course_4155,Office Tools,99,1316,83.96316,LinkedIn Learning,24.790392,3.602085
4156,Course_4156,AI,55,2757,72.344315,edX,100.83647,3.6591883
4158,Course_4158,Finance,85,415,58.07568,LinkedIn Learning,179.43777,4.7403665
4161,Course_4161,Programming,10,2852,85.27469,LinkedIn Learning,65.51094,3.117149
4163,Course_4163,Office Tools,99,2966,51.837284,LinkedIn Learning,152.76472,4.2306876
4165,Course_4165,Office Tools,44,3657,84.490654,LinkedIn Learning,199.56927,4.5917583
4167,Course_4167,Design,34,3578,75.056496,edX,178.92807,3.3099613
4168,Course_4168,Technology,52,1823,97.39005,LinkedIn Learning,22.350826,3.8922162
4171,Course_4171,Marketing,29,4723,84.8176,LinkedIn Learning,70.47292,4.6012526
4175,Course_4175,Data Science,69,4420,59.50587,Udemy,129.3035,4.7013693
4176,Course_4176,Data Science,96,2086,99.96077,edX,75.98067,3.2908366
4177,Course_4177,Technology,82,845,88.61907,Udemy,149.73502,4.420898
4178,Course_4178,Design,74,3171,72.747314,Udemy,120.86545,4.4927807
4180,Course_4180,AI,85,1644,97.006195,LinkedIn Learning,15.510419,3.041172
4181,Course_4181,Business,29,4906,93.24609,LinkedIn Learning,110.59966,3.7427006
4183,Course_4183,Programming,40,3142,77.79196,LinkedIn Learning,70.28073,3.4773788
4184,Course_4184,Technology,36,1033,73.21119,LinkedIn Learning,61.935028,3.6197698
4185,Course_4185,Finance,82,684,90.0961,edX,98.69651,3.0607579
4187,Course_4187,Technology,29,4831,88.05318,edX,130.15353,4.557539
4188,Course_4188,Programming,37,3839,87.525154,edX,34.333855,4.707276
4189,Course_4189,Marketing,13,1821,73.45104,edX,66.26423,3.7645419
4190,Course_4190,Data Science,89,3824,74.6098,Udemy,52.139194,4.832436
4191,Course_4191,Design,37,3264,76.67033,LinkedIn Learning,43.01201,3.6707268
4193,Course_4193,Marketing,82,2273,95.88422,LinkedIn Learning,55.855057,4.369932
4194,Course_4194,Business,83,4768,98.78998,LinkedIn Learning,87.03532,3.372428
4195,Course_4195,Office Tools,74,1230,80.19423,Udemy,144.01538,3.2984266
4196,Course_4196,Office Tools,54,3738,77.70073,LinkedIn Learning,67.70483,3.1808176
4197,Course_4197,Programming,87,2906,53.87005,edX,112.143135,3.4080834
4198,Course_4198,Programming,84,2549,61.736916,Udemy,50.290623,4.339734
4199,Course_4199,Office Tools,28,4045,54.466797,Udemy,68.36716,3.6286547
4200,Course_4200,Programming,74,3678,86.54276,LinkedIn Learning,83.003525,3.0882237
4201,Course_4201,Marketing,42,4664,75.84451,edX,14.376328,4.2105494
4202,Course_4202,Programming,60,3157,58.964775,edX,28.328537,3.6054828
4203,Course_4203,Office Tools,15,2156,73.18234,edX,76.02554,3.7934918
4204,Course_4204,Design,77,318,74.30048,Udemy,27.319328,4.7104826
4205,Course_4205,Data Science,73,666,82.127975,LinkedIn Learning,153.94238,4.779174
4207,Course_4207,Technology,31,3161,77.411575,edX,33.732117,3.9537978
4208,Course_4208,Marketing,54,2142,59.67445,LinkedIn Learning,15.524875,3.913145
4209,Course_4209,Data Science,10,1563,85.041336,Udemy,132.41017,4.8402247
4210,Course_4210,Finance,39,3975,72.27472,Udemy,195.53043,4.5670238
4211,Course_4211,Design,36,2672,74.12196,edX,65.16375,3.1824472
4212,Course_4212,Business,20,3294,65.99502,edX,186.68958,4.619503
4214,Course_4214,Office Tools,53,2433,84.5328,Udemy,96.83148,4.9273977
4215,Course_4215,Design,73,2946,98.47449,LinkedIn Learning,16.234962,4.858217
4217,Course_4217,Programming,78,3190,78.706055,edX,100.99809,3.5657613
4218,Course_4218,Business,20,3401,63.500668,LinkedIn Learning,189.6761,4.5397954
4219,Course_4219,Office Tools,34,4462,68.31419,Udemy,14.029041,4.9058414
4220,Course_4220,Business,22,3097,62.526806,Udemy,101.82449,4.6528482
4221,Course_4221,Marketing,96,4474,59.16339,Udemy,135.05685,4.87706
4223,Course_4223,Data Science,14,4993,66.764305,Udemy,85.525925,4.3813496
4224,Course_4224,AI,27,1813,78.77304,Udemy,167.39679,3.3237653
4225,Course_4225,Technology,67,1792,97.99775,LinkedIn Learning,61.627037,3.0332398
4227,Course_4227,Data Science,13,3729,94.17199,LinkedIn Learning,129.68048,3.1893306
4228,Course_4228,Business,25,2993,66.464836,Udemy,189.22264,3.2923226
4229,Course_4229,Business,100,4302,67.18742,LinkedIn Learning,133.0292,3.6843486
4232,Course_4232,Business,89,3677,60.82584,Udemy,98.257675,4.217183
4233,Course_4233,Design,66,4528,90.29631,Udemy,118.39049,3.6272833
4235,Course_4235,Design,47,2857,76.54588,LinkedIn Learning,98.33259,4.83838
4236,Course_4236,Design,24,3449,94.404976,edX,74.67049,3.4502437
4237,Course_4237,Marketing,86,4583,50.563965,Udemy,39.51503,3.0967462
4238,Course_4238,Programming,62,1685,73.17645,LinkedIn Learning,91.766106,4.170828
4240,Course_4240,AI,12,3941,65.419624,Udemy,185.57988,4.0614486
4241,Course_4241,Finance,53,643,81.83564,edX,82.97035,4.65131
4242,Course_4242,Design,70,1824,65.340675,LinkedIn Learning,186.26138,4.1327715
4245,Course_4245,Marketing,29,1926,55.11226,edX,149.41733,4.8108253
4247,Course_4247,Technology,15,571,55.75653,Udemy,198.53387,4.0612087
4248,Course_4248,Programming,26,4217,74.102066,edX,91.738396,4.935764
4249,Course_4249,Data Science,27,1388,61.730038,LinkedIn Learning,125.81674,3.382521
4250,Course_4250,Business,37,497,94.13457,edX,35.856224,4.5588236
4251,Course_4251,Marketing,23,1274,82.763115,Udemy,142.06271,3.6721587
4252,Course_4252,Marketing,91,2047,60.01404,edX,56.44322,4.796765
4253,Course_4253,Business,23,2859,83.819565,LinkedIn Learning,54.136906,3.9456968
4255,Course_4255,Office Tools,43,3047,66.75572,Udemy,143.89122,4.155417
4257,Course_4257,Finance,28,3265,54.96234,edX,107.60722,4.448854
4258,Course_4258,AI,21,3853,63.39729,Udemy,139.40773,4.023033
4259,Course_4259,Technology,84,2813,67.10712,edX,130.08492,3.1219506
4265,Course_4265,Business,39,4168,54.713947,Udemy,77.72218,4.3054147
4266,Course_4266,Data Science,94,3885,71.430244,LinkedIn Learning,102.35552,3.452095
4271,Course_4271,Finance,54,270,67.93966,edX,132.32532,4.624267
4273,Course_4273,Programming,75,3003,59.25853,edX,175.22505,4.8598676
4274,Course_4274,Technology,50,794,74.44032,LinkedIn Learning,127.52465,3.5266495
4276,Course_4276,Office Tools,13,4871,62.009544,Udemy,162.76839,4.5057735
4277,Course_4277,AI,76,4257,57.75033,LinkedIn Learning,50.495895,3.4080596
4278,Course_4278,Data Science,47,1033,62.339424,edX,177.47145,4.0580797
4279,Course_4279,Design,97,1650,84.94287,Udemy,170.1481,4.861256
4280,Course_4280,Finance,94,790,91.29349,LinkedIn Learning,55.196877,4.5030046
4281,Course_4281,AI,91,2443,83.23337,edX,85.0882,4.7032347
4284,Course_4284,Design,22,2450,91.28988,edX,79.72264,3.8225129
4285,Course_4285,Business,36,3364,82.97951,Udemy,155.0441,3.1556952
4286,Course_4286,AI,73,974,66.62782,LinkedIn Learning,82.383575,4.786083
4287,Course_4287,Business,85,834,96.19207,Udemy,58.10569,4.8688536
4288,Course_4288,Finance,32,747,87.20899,Udemy,92.31888,3.7819424
4289,Course_4289,AI,30,815,75.28753,edX,54.168617,3.3242953
4290,Course_4290,Finance,77,633,51.415646,Udemy,107.44527,3.1715977
4292,Course_4292,Data Science,31,3664,62.303272,edX,198.32666,3.0195339
4295,Course_4295,Data Science,37,1136,93.412384,Udemy,167.82832,3.3076606
4296,Course_4296,Technology,45,210,69.3677,edX,117.1171,4.6688313
4298,Course_4298,Business,14,3853,74.76802,edX,41.609665,3.233846
4299,Course_4299,Marketing,61,4035,79.17039,Udemy,57.963432,3.0486727
4300,Course_4300,Business,95,2655,95.343254,Udemy,129.00778,3.0618513
4301,Course_4301,Business,20,1878,86.504875,LinkedIn Learning,138.78534,4.1696877
4302,Course_4302,Office Tools,14,4177,74.19519,Udemy,130.39424,4.4081106
4303,Course_4303,Data Science,80,718,62.629814,Udemy,26.411547,3.1713064
4308,Course_4308,Technology,36,4087,50.100277,edX,31.216831,4.703162
4309,Course_4309,Finance,43,1982,73.87372,LinkedIn Learning,18.07703,4.2201557
4310,Course_4310,Programming,21,3597,67.3012,LinkedIn Learning,180.81744,3.6903784
4312,Course_4312,Finance,60,1160,86.71791,edX,179.82297,4.9212165
4313,Course_4313,Programming,76,3716,98.818344,edX,136.2229,3.5818033
4314,Course_4314,Data Science,81,4928,70.4871,Udemy,141.76523,3.2840066
4315,Course_4315,Data Science,11,2536,97.5823,Udemy,145.28088,4.6918826
4316,Course_4316,Business,75,3931,78.83018,edX,33.460304,3.2599797
4317,Course_4317,AI,75,4147,74.16279,LinkedIn Learning,78.01105,3.0230262
4318,Course_4318,Business,41,2632,63.05496,Udemy,82.20671,3.1929429
4319,Course_4319,AI,50,1869,81.68534,edX,128.09453,4.56213
4321,Course_4321,Finance,99,2805,76.780304,edX,124.993355,4.8667436
4322,Course_4322,Finance,92,239,67.27019,LinkedIn Learning,96.968636,4.363639
4323,Course_4323,Marketing,17,3729,72.83803,LinkedIn Learning,22.638494,4.550299
4327,Course_4327,Design,50,4950,58.031754,LinkedIn Learning,117.60503,3.2020884
4328,Course_4328,Technology,26,4640,83.06704,LinkedIn Learning,71.18648,4.752808
4329,Course_4329,Data Science,61,771,64.602516,Udemy,10.91548,4.6227098
4330,Course_4330,Finance,20,2700,99.70586,edX,195.40492,4.0994964
4332,Course_4332,Finance,51,4986,88.47668,Udemy,109.89129,4.8441715
4333,Course_4333,Finance,97,450,61.5564,edX,196.64424,4.4652977
4334,Course_4334,Marketing,64,2745,50.937046,Udemy,17.25845,3.2147324
4335,Course_4335,Design,65,651,86.014694,LinkedIn Learning,59.31589,3.9391878
4336,Course_4336,Finance,10,4106,84.105644,edX,187.92714,3.493709
4337,Course_4337,Design,34,3604,81.32665,edX,61.659073,4.422872
4339,Course_4339,Marketing,86,2112,86.76277,LinkedIn Learning,97.29368,3.8664672
4341,Course_4341,Finance,25,347,86.54622,edX,49.032578,3.1637673
4343,Course_4343,Marketing,45,4378,86.67548,LinkedIn Learning,166.74767,4.2682614
4345,Course_4345,AI,72,250,62.163525,Udemy,197.2174,4.259659
4346,Course_4346,Office Tools,97,3969,85.04969,LinkedIn Learning,181.40266,3.2677789
4347,Course_4347,Data Science,25,1464,69.00599,edX,23.294333,3.284227
4348,Course_4348,Business,81,812,96.0864,edX,43.132664,3.6614773
4349,Course_4349,Office Tools,42,3881,67.2772,edX,103.47798,4.89564
4350,Course_4350,Finance,27,2800,87.76161,Udemy,138.55664,4.9980984
4351,Course_4351,Finance,89,3203,81.017136,Udemy,52.824802,4.6970963
4352,Course_4352,Business,56,554,79.31701,Udemy,103.57571,4.4503293
4355,Course_4355,Business,66,2453,72.6322,edX,98.19605,3.9593263
4357,Course_4357,Data Science,93,1350,86.92238,Udemy,122.08366,3.624177
4358,Course_4358,Marketing,89,4266,86.898964,edX,137.03812,3.4928794
4359,Course_4359,AI,84,1150,94.07813,LinkedIn Learning,122.966606,4.847435
4361,Course_4361,Office Tools,54,3553,56.737453,Udemy,83.40356,4.041822
4362,Course_4362,AI,41,808,55.12776,edX,124.446625,4.8672156
4364,Course_4364,AI,14,4714,59.286797,LinkedIn Learning,117.61055,4.2350636
4365,Course_4365,Programming,33,1115,80.35645,Udemy,195.14673,4.206499
4366,Course_4366,Design,22,2638,95.524994,Udemy,104.63147,3.010749
4367,Course_4367,Programming,74,694,78.972374,Udemy,61.179405,3.890398
4368,Course_4368,Marketing,51,2616,60.901688,Udemy,198.33417,4.718335
4370,Course_4370,AI,67,2505,56.447586,LinkedIn Learning,129.76175,4.3594627
4371,Course_4371,Programming,94,2928,95.6051,LinkedIn Learning,164.62358,3.619084
4372,Course_4372,Finance,29,4303,96.85458,LinkedIn Learning,136.96819,4.4038324
4373,Course_4373,Design,38,4065,52.09247,LinkedIn Learning,170.54323,3.1311858
4376,Course_4376,Technology,26,3911,65.93062,edX,113.999886,3.6390069
4378,Course_4378,Programming,35,2535,81.50932,edX,199.0904,4.9724207
4379,Course_4379,Finance,85,389,64.17372,edX,46.268333,4.3241267
4380,Course_4380,Programming,22,344,87.1424,LinkedIn Learning,134.76926,3.1594708
4382,Course_4382,Marketing,44,4364,69.28465,LinkedIn Learning,171.007,4.867856
4383,Course_4383,Technology,88,2281,84.58036,edX,53.791626,3.6237264
4384,Course_4384,Programming,85,2091,81.46374,edX,154.96962,4.6820874
4387,Course_4387,Marketing,43,398,53.03343,edX,126.44598,4.059441
4388,Course_4388,Business,12,2583,74.93716,Udemy,14.35826,4.2146487
4389,Course_4389,Finance,23,4879,57.292694,LinkedIn Learning,39.916138,3.863347
4390,Course_4390,Marketing,13,3252,61.35023,edX,22.84029,3.2547295
4392,Course_4392,Data Science,99,2621,61.119835,LinkedIn Learning,164.21925,3.3752506
4393,Course_4393,Data Science,94,1628,60.74627,LinkedIn Learning,194.96501,3.2152953
4394,Course_4394,Marketing,71,504,98.82648,LinkedIn Learning,129.19528,3.3801126
4398,Course_4398,Office Tools,69,3302,63.15409,LinkedIn Learning,141.20981,4.439983
4400,Course_4400,Marketing,39,2705,76.92927,edX,68.67694,3.5184114
4401,Course_4401,Office Tools,40,3505,84.84538,Udemy,25.87684,4.681986
4405,Course_4405,Technology,78,4670,83.12492,LinkedIn Learning,105.831375,3.6187649
4407,Course_4407,Finance,57,4567,56.11116,edX,144.77875,3.0126562
4408,Course_4408,Business,13,1822,56.930286,LinkedIn Learning,149.57779,3.4712887
4410,Course_4410,Design,19,1950,80.82413,Udemy,182.5598,4.7921057
4411,Course_4411,Marketing,75,2103,71.19049,LinkedIn Learning,25.07216,3.673749
4413,Course_4413,Finance,15,3420,69.10794,Udemy,125.335915,3.9948246
4414,Course_4414,Technology,50,3835,67.15059,LinkedIn Learning,188.30424,4.3567896
4415,Course_4415,Business,35,3547,79.62702,Udemy,18.336914,3.245211
4417,Course_4417,Data Science,49,3721,57.47593,LinkedIn Learning,121.10033,4.0879207
4418,Course_4418,Office Tools,15,4792,59.808292,Udemy,95.93514,4.312858
4419,Course_4419,Business,76,2560,52.749374,LinkedIn Learning,17.645878,4.9263444
4420,Course_4420,Marketing,78,4214,95.5515,Udemy,56.737846,3.4869292
4422,Course_4422,Design,24,571,63.082657,edX,31.73484,3.4067042
4423,Course_4423,Design,64,2503,55.05333,Udemy,169.20963,3.9046628
4426,Course_4426,Technology,41,2490,82.69659,edX,54.603622,4.507339
4427,Course_4427,Design,18,380,82.702354,Udemy,142.32065,4.112137
4429,Course_4429,Marketing,95,3050,53.33004,Udemy,31.836342,4.1289835
4430,Course_4430,Data Science,83,4805,84.67519,edX,141.87486,3.8539324
4431,Course_4431,Marketing,64,3208,73.72521,LinkedIn Learning,78.75441,3.3542082
4432,Course_4432,Finance,82,1544,50.14189,LinkedIn Learning,74.440445,3.0642385
4433,Course_4433,Office Tools,23,2875,94.40116,edX,73.33142,3.260146
4434,Course_4434,Programming,50,1404,89.02871,edX,23.687428,3.093713
4435,Course_4435,Programming,27,4597,74.84514,LinkedIn Learning,166.08922,4.083759
4437,Course_4437,Programming,94,2464,52.95176,Udemy,146.07237,3.7878947
4438,Course_4438,Business,16,706,61.10317,edX,179.14117,3.4339736
4440,Course_4440,Programming,38,2634,76.79637,edX,185.91138,3.918108
4441,Course_4441,AI,70,113,85.08321,LinkedIn Learning,111.06657,4.640166
4443,Course_4443,Office Tools,43,2726,66.16119,LinkedIn Learning,111.92366,4.458906
4444,Course_4444,Office Tools,45,220,91.32111,edX,141.64845,4.473287
4445,Course_4445,Marketing,26,1265,58.15324,LinkedIn Learning,112.71082,4.4579873
4446,Course_4446,Finance,55,1412,64.562096,Udemy,192.19273,3.2696066
4448,Course_4448,Marketing,71,2427,81.75553,edX,123.90813,3.2419565
4451,Course_4451,Programming,39,2187,58.65171,edX,116.83314,4.449987
4453,Course_4453,Data Science,65,1428,72.97389,edX,186.6732,4.03156
4455,Course_4455,Finance,37,2945,68.87292,LinkedIn Learning,101.26775,3.8641856
4457,Course_4457,Business,74,4298,71.16366,edX,84.94497,3.706677
4458,Course_4458,AI,38,265,80.03499,edX,31.079897,4.1529236
4459,Course_4459,Finance,86,2238,76.68788,edX,87.57403,4.359439
4460,Course_4460,Finance,74,649,71.048744,LinkedIn Learning,55.118816,4.0051312
4461,Course_4461,Business,14,2153,95.10459,LinkedIn Learning,170.94838,3.4419112
4462,Course_4462,Design,88,2399,77.22678,Udemy,98.8135,4.5608916
4463,Course_4463,Finance,70,1037,56.05401,Udemy,189.05037,4.8598685
4464,Course_4464,AI,96,1004,63.348686,Udemy,166.87402,3.6165743
4466,Course_4466,Data Science,61,1827,83.79449,LinkedIn Learning,167.18753,3.7427049
4467,Course_4467,Marketing,69,412,94.36851,LinkedIn Learning,17.598906,4.0155215
4468,Course_4468,Business,64,4616,54.369205,LinkedIn Learning,79.94466,3.592362
4469,Course_4469,Data Science,53,2141,89.39705,LinkedIn Learning,181.03616,3.477843
4470,Course_4470,Business,91,3623,87.86437,edX,104.62055,3.7972193
4471,Course_4471,Marketing,92,3940,74.95687,edX,41.834927,4.4518867
4472,Course_4472,Data Science,19,692,59.30441,LinkedIn Learning,115.38964,4.757231
4475,Course_4475,Design,67,2478,62.634064,edX,105.64651,4.891327
4476,Course_4476,Design,35,3087,95.360374,edX,97.327034,4.0304694
4477,Course_4477,AI,53,4433,55.75431,LinkedIn Learning,74.5592,3.524985
4478,Course_4478,Marketing,98,3224,97.212845,LinkedIn Learning,160.547,4.9954057
4480,Course_4480,Programming,49,2906,74.85784,edX,187.47614,4.090229
4484,Course_4484,Marketing,11,2187,65.59506,LinkedIn Learning,43.86639,4.184799
4485,Course_4485,Data Science,79,4974,61.22728,LinkedIn Learning,143.10406,4.4407706
4486,Course_4486,Office Tools,91,689,89.636955,Udemy,101.241196,4.2958593
4488,Course_4488,Business,40,2541,73.43918,LinkedIn Learning,117.17085,4.195351
4489,Course_4489,Programming,14,2321,85.811676,edX,54.984222,4.4710674
4490,Course_4490,Data Science,97,3904,78.80448,Udemy,29.220228,3.3098311
4492,Course_4492,Design,13,1992,89.11052,LinkedIn Learning,184.3942,3.4950998
4493,Course_4493,AI,29,1938,73.28946,edX,54.632156,4.4759016
4495,Course_4495,Finance,40,3279,73.087715,Udemy,78.8005,3.0133812
4497,Course_4497,Finance,80,4340,54.88706,Udemy,184.79492,3.661045
4498,Course_4498,Business,40,3699,69.467514,Udemy,106.04359,3.1975439
4499,Course_4499,Finance,22,4171,67.72425,Udemy,144.44836,4.2077303
4500,Course_4500,Office Tools,45,4644,69.17317,edX,170.80862,4.6867023
4501,Course_4501,Data Science,65,1055,67.44557,LinkedIn Learning,76.092735,3.346599
4502,Course_4502,Office Tools,72,293,94.82971,Udemy,67.39125,4.962911
4503,Course_4503,Data Science,84,4110,78.82592,LinkedIn Learning,181.78241,4.0776067
4504,Course_4504,Marketing,93,3660,70.90398,Udemy,131.37378,3.3603592
4505,Course_4505,Data Science,38,1754,66.80055,LinkedIn Learning,189.15091,4.9895053
4506,Course_4506,Finance,46,2116,52.325882,Udemy,175.5233,3.496587
4507,Course_4507,Data Science,77,4399,93.62438,edX,124.33171,3.6472266
4508,Course_4508,Programming,12,3066,58.148216,LinkedIn Learning,14.625313,3.2947273
4509,Course_4509,Design,74,3186,67.311104,edX,16.277975,3.6115558
4510,Course_4510,Data Science,32,4132,87.532555,Udemy,178.8791,3.984567
4512,Course_4512,Office Tools,81,596,85.63711,Udemy,77.39138,3.935075
4516,Course_4516,Finance,37,2350,90.156395,Udemy,31.896048,3.4591012
4517,Course_4517,Finance,28,898,54.50959,LinkedIn Learning,177.31549,3.6573024
4521,Course_4521,AI,47,2060,77.77944,LinkedIn Learning,197.39189,3.0395732
4522,Course_4522,Programming,55,1012,50.71629,edX,167.29892,3.8799996
4523,Course_4523,Office Tools,19,3006,67.411606,LinkedIn Learning,185.11693,4.8611875
4524,Course_4524,Data Science,24,1460,69.57609,Udemy,189.95067,4.5715904
4525,Course_4525,Design,95,2307,59.65101,Udemy,96.94699,4.596029
4527,Course_4527,Data Science,24,3233,97.76495,Udemy,91.55709,4.7704115
4528,Course_4528,Finance,54,2935,83.80468,edX,101.22534,4.1168656
4529,Course_4529,Design,56,1226,73.789185,LinkedIn Learning,85.40551,3.6857605
4531,Course_4531,Design,15,3851,62.930874,LinkedIn Learning,138.78253,3.8229923
4532,Course_4532,Technology,72,799,91.899254,LinkedIn Learning,159.93002,3.821421
4533,Course_4533,Finance,38,1645,78.252106,Udemy,189.80885,3.0224235
4535,Course_4535,Finance,13,4834,51.0926,edX,40.84509,4.305089
4537,Course_4537,AI,50,2631,87.82671,LinkedIn Learning,21.107573,4.5647206
4538,Course_4538,Finance,70,4984,59.717773,LinkedIn Learning,34.04429,3.1309702
4539,Course_4539,Office Tools,57,4201,87.2582,edX,27.828175,4.0234556
4540,Course_4540,Data Science,82,4242,93.32416,edX,24.818872,3.1401103
4541,Course_4541,Programming,47,4812,73.72161,edX,40.552677,4.421799
4543,Course_4543,Finance,58,3423,76.16061,Udemy,129.42828,4.9505777
4545,Course_4545,AI,31,1243,88.05612,Udemy,194.34843,3.7174623
4546,Course_4546,Finance,27,907,52.958057,Udemy,160.00331,4.82464
4547,Course_4547,Business,32,1547,74.66893,Udemy,14.25378,3.446171
4548,Course_4548,Finance,36,4280,92.97546,LinkedIn Learning,190.72554,3.7321522
4549,Course_4549,Finance,24,2150,53.231438,edX,185.08284,4.2832065
4551,Course_4551,AI,14,2727,60.81745,LinkedIn Learning,199.56549,4.4605265
4552,Course_4552,Design,41,370,87.1112,Udemy,153.171,3.1350975
4554,Course_4554,Design,82,4316,70.92109,LinkedIn Learning,70.42593,3.8453445
4555,Course_4555,AI,30,3084,87.962265,edX,51.099823,3.991065
4556,Course_4556,Data Science,77,3573,62.274857,LinkedIn Learning,140.80684,3.5094404
4558,Course_4558,Technology,18,4008,64.225845,Udemy,170.54199,4.4941487
4561,Course_4561,Finance,54,1143,58.484924,LinkedIn Learning,57.173428,4.6971297
4563,Course_4563,Marketing,85,4671,94.72005,edX,58.278854,3.8179164
4564,Course_4564,Office Tools,32,1786,56.988087,Udemy,102.464806,4.9650745
4565,Course_4565,Technology,24,555,82.87596,LinkedIn Learning,183.31567,4.8814754
4567,Course_4567,Data Science,89,778,66.71636,Udemy,52.19464,4.6425047
4569,Course_4569,Business,34,4130,96.12449,edX,171.245,3.2171938
4571,Course_4571,Finance,40,856,73.1635,LinkedIn Learning,172.84132,3.8874133
4573,Course_4573,Technology,62,169,90.495445,edX,85.56613,4.343272
4574,Course_4574,Office Tools,63,2685,59.693253,Udemy,156.72961,4.364661
4575,Course_4575,Design,56,2423,74.80003,LinkedIn Learning,144.69647,3.0342538
4576,Course_4576,Marketing,29,3672,68.75436,Udemy,172.2121,4.819801
4577,Course_4577,Design,93,4381,50.400906,Udemy,137.0237,3.638099
4578,Course_4578,Finance,33,2491,67.9774,Udemy,26.326704,3.8825884
4579,Course_4579,Programming,93,2693,58.065998,Udemy,177.70764,4.6356
4580,Course_4580,Marketing,82,1179,87.103134,LinkedIn Learning,134.62715,4.145649
4581,Course_4581,Business,14,3485,78.73035,edX,87.24388,3.2975843
4582,Course_4582,Office Tools,18,1527,85.950035,edX,82.40525,3.8269506
4586,Course_4586,Design,41,3387,61.179268,LinkedIn Learning,112.247574,3.0872307
4587,Course_4587,Data Science,88,1106,78.09122,edX,81.99746,3.001793
4588,Course_4588,Programming,62,356,59.568653,Udemy,110.63943,4.14657
4589,Course_4589,AI,85,580,54.438297,edX,79.22781,4.3388443
4591,Course_4591,Finance,58,1941,70.71663,LinkedIn Learning,193.25327,3.9378927
4592,Course_4592,Office Tools,94,202,98.565834,LinkedIn Learning,99.6895,4.991112
4594,Course_4594,Business,42,432,93.13696,LinkedIn Learning,107.07153,4.0958285
4595,Course_4595,Finance,50,316,69.5818,edX,21.407808,4.7051945
4596,Course_4596,Business,92,5000,93.3394,edX,47.77157,3.7848065
4598,Course_4598,Data Science,38,3206,79.22974,Udemy,164.58876,4.429077
4599,Course_4599,Data Science,51,3292,80.75686,edX,82.367615,3.1963115
4600,Course_4600,Finance,19,4795,80.71094,edX,138.99094,4.191826
4601,Course_4601,Data Science,45,3996,93.54777,LinkedIn Learning,34.04714,4.5456114
4602,Course_4602,Office Tools,97,3396,93.62217,Udemy,80.2595,4.432443
4603,Course_4603,Programming,47,2732,74.06053,edX,144.5858,4.696218
4604,Course_4604,Data Science,42,2322,82.873665,LinkedIn Learning,65.659065,4.942837
4605,Course_4605,Business,80,4281,66.28585,Udemy,150.16397,3.6721509
4606,Course_4606,Office Tools,90,2206,88.92451,edX,186.44164,4.346035
4607,Course_4607,Marketing,87,2509,83.99265,edX,116.1818,4.483901
4609,Course_4609,Office Tools,24,640,55.059967,Udemy,40.37939,4.1166644
4610,Course_4610,Design,97,1053,51.888832,edX,198.92445,4.5767045
4612,Course_4612,Finance,88,1832,55.520866,edX,26.423664,4.915895
4615,Course_4615,Office Tools,98,1616,71.50002,LinkedIn Learning,105.82255,4.4924693
4616,Course_4616,Design,37,4024,57.28116,Udemy,40.779278,4.444803
4618,Course_4618,Office Tools,88,4933,53.201015,Udemy,130.47334,4.529018
4619,Course_4619,AI,73,730,77.964294,edX,177.60162,4.4940042
4620,Course_4620,Marketing,84,4909,69.66577,LinkedIn Learning,27.609913,4.262387
4621,Course_4621,Data Science,27,4127,73.449486,Udemy,103.153435,3.6553488
4624,Course_4624,Marketing,60,4307,89.9992,Udemy,18.122091,3.436562
4625,Course_4625,Business,72,205,88.24827,Udemy,152.17091,4.776982
4626,Course_4626,Design,10,2450,76.358955,Udemy,116.96172,3.2523606
4627,Course_4627,Finance,62,1905,79.91125,LinkedIn Learning,79.464714,4.9684567
4629,Course_4629,AI,37,3102,85.54222,edX,136.61427,4.954463
4630,Course_4630,Design,80,1346,95.70466,edX,194.82083,3.4058907
4631,Course_4631,Programming,88,2925,51.0707,Udemy,92.52764,3.2324278
4632,Course_4632,Business,53,3635,67.05574,Udemy,156.65504,3.7157655
4633,Course_4633,Design,69,4231,55.149624,LinkedIn Learning,144.0289,3.683235
4635,Course_4635,Technology,33,1187,87.06879,LinkedIn Learning,89.46473,4.8246336
4636,Course_4636,Marketing,10,3112,75.33359,edX,189.67377,4.4276137
4637,Course_4637,Business,57,4981,64.74053,edX,151.7101,3.2604127
4638,Course_4638,Technology,68,3676,98.99479,edX,41.784565,3.1984835
4639,Course_4639,Technology,34,2320,75.68778,LinkedIn Learning,43.93429,4.490812
4640,Course_4640,AI,59,344,68.82501,edX,170.38657,4.954671
4641,Course_4641,Technology,44,3678,50.934017,edX,160.68874,4.1991477
4642,Course_4642,Marketing,39,1590,65.52095,Udemy,129.43642,3.6709647
4643,Course_4643,Data Science,97,1454,66.45258,Udemy,44.922295,4.4995775
4644,Course_4644,Design,59,849,79.56761,LinkedIn Learning,83.89076,3.9072852
4645,Course_4645,Business,71,3444,83.257126,edX,40.315796,4.8270464
4646,Course_4646,Design,65,2312,59.754925,LinkedIn Learning,110.92825,3.3063424
4647,Course_4647,Finance,25,2242,77.720764,LinkedIn Learning,147.50076,3.2225013
4648,Course_4648,Technology,12,3690,58.010204,Udemy,32.218414,4.800762
4649,Course_4649,AI,94,4989,50.765354,LinkedIn Learning,82.81147,4.141296
4650,Course_4650,Marketing,69,2507,50.266186,edX,15.344394,4.9423914
4651,Course_4651,AI,58,3226,80.78113,Udemy,39.738735,3.709457
4652,Course_4652,AI,83,3430,95.82921,edX,77.96213,4.083488
4654,Course_4654,Office Tools,12,1079,64.0087,Udemy,197.49156,3.000026
4655,Course_4655,Data Science,12,2457,54.532784,LinkedIn Learning,108.52842,3.932825
4656,Course_4656,Office Tools,39,1817,99.978935,Udemy,111.90009,4.8877726
4657,Course_4657,Design,58,4343,91.55094,edX,37.82442,3.0295198
4658,Course_4658,Programming,81,2958,89.13104,Udemy,111.272484,4.3471107
4659,Course_4659,Finance,82,3809,85.312195,Udemy,72.680374,4.6675954
4660,Course_4660,Office Tools,36,742,73.44437,LinkedIn Learning,185.0967,3.57837
4661,Course_4661,Marketing,66,209,72.20922,Udemy,71.58931,4.7907953
4662,Course_4662,Design,65,1035,85.63548,Udemy,19.122051,3.3296769
4663,Course_4663,Design,67,2328,92.17857,LinkedIn Learning,166.61296,3.8156872
4666,Course_4666,Finance,69,147,93.95339,LinkedIn Learning,150.67114,3.781527
4667,Course_4667,Programming,94,3873,54.074947,Udemy,188.89908,4.9899178
4668,Course_4668,Office Tools,33,4706,98.36122,LinkedIn Learning,48.87859,3.2983124
4672,Course_4672,Finance,91,3755,60.400925,edX,145.35782,4.5530066
4673,Course_4673,Marketing,50,136,92.10754,LinkedIn Learning,56.319275,3.296904
4674,Course_4674,AI,41,1583,72.506836,LinkedIn Learning,193.05553,3.3556235
4675,Course_4675,Data Science,79,2618,93.406235,LinkedIn Learning,130.87628,4.9375153
4677,Course_4677,Programming,23,3136,67.055954,Udemy,181.62265,4.928366
4678,Course_4678,Office Tools,93,552,63.22002,edX,193.19775,4.929234
4679,Course_4679,Business,52,4725,98.74703,edX,75.82929,4.094876
4680,Course_4680,AI,73,3760,85.432274,Udemy,79.40821,3.290424
4681,Course_4681,Finance,82,461,86.01015,Udemy,155.72557,4.432346
4682,Course_4682,Design,44,4715,81.64398,LinkedIn Learning,12.315804,3.831635
4683,Course_4683,Marketing,19,4600,64.289116,Udemy,171.993,4.1885967
4684,Course_4684,Office Tools,98,563,60.843304,edX,78.09871,4.092665
4686,Course_4686,Programming,66,2631,50.71786,edX,61.102177,4.772469
4687,Course_4687,Marketing,19,1632,74.39089,Udemy,169.73096,3.5032213
4688,Course_4688,Business,90,2181,62.87409,LinkedIn Learning,147.32535,4.3275375
4690,Course_4690,Marketing,76,2277,80.598465,Udemy,173.69911,3.9231787
4691,Course_4691,Technology,63,369,98.797386,edX,48.66035,3.606748
4692,Course_4692,Technology,79,3211,86.59773,edX,16.39026,4.026037
4694,Course_4694,Data Science,89,862,86.04899,LinkedIn Learning,192.76465,3.0083833
4695,Course_4695,AI,55,1247,50.104576,LinkedIn Learning,177.61588,4.33015
4697,Course_4697,Marketing,84,4885,67.70498,LinkedIn Learning,20.155409,4.8209033
4698,Course_4698,Design,30,2203,67.57657,Udemy,104.67904,4.438249
4699,Course_4699,Programming,11,344,71.03434,Udemy,105.3358,3.8493311
4700,Course_4700,Technology,73,137,83.16058,LinkedIn Learning,90.42508,4.483289
4702,Course_4702,AI,95,4724,98.52,LinkedIn Learning,160.80556,3.977021
4703,Course_4703,Programming,52,1766,99.143364,LinkedIn Learning,142.26813,4.5942526
4706,Course_4706,Technology,68,3383,57.579258,Udemy,63.83422,3.3774219
4707,Course_4707,Marketing,50,3615,55.481586,edX,162.2289,4.7127395
4710,Course_4710,Finance,49,4954,84.897835,edX,122.64116,4.840031
4711,Course_4711,Office Tools,92,3898,72.10495,Udemy,120.87949,4.403623
4712,Course_4712,Programming,45,1750,67.07481,LinkedIn Learning,94.973366,4.735004
4713,Course_4713,Design,49,2410,64.989655,LinkedIn Learning,186.00247,4.8258414
4714,Course_4714,Office Tools,17,4465,54.89467,LinkedIn Learning,134.18353,3.4233902
4715,Course_4715,Programming,80,3537,90.429,LinkedIn Learning,12.441749,3.2227786
4716,Course_4716,Finance,65,2459,64.78527,edX,142.42525,4.0701404
4717,Course_4717,Technology,82,2048,82.10901,edX,16.018148,3.778319
4718,Course_4718,Business,20,3596,79.638016,Udemy,116.19284,4.207956
4720,Course_4720,Technology,91,4576,98.59187,edX,112.1119,4.01796
4721,Course_4721,Technology,61,3501,72.73293,Udemy,34.8387,4.400971
4722,Course_4722,AI,38,303,54.63894,Udemy,198.84975,3.129797
4723,Course_4723,Design,74,4676,64.21043,LinkedIn Learning,101.70544,3.7255614
4724,Course_4724,Programming,80,1365,54.89769,LinkedIn Learning,167.60912,3.0313618
4725,Course_4725,Finance,60,741,68.77838,LinkedIn Learning,152.11557,4.2731323
4726,Course_4726,Business,41,1178,58.415627,LinkedIn Learning,99.605736,4.664345
4728,Course_4728,Office Tools,100,1601,96.55585,LinkedIn Learning,153.51035,3.2749867
4729,Course_4729,Office Tools,65,3316,85.34551,Udemy,39.265396,4.228199
4731,Course_4731,Design,69,3124,99.617325,Udemy,185.1106,4.567225
4732,Course_4732,Design,98,2966,79.05447,LinkedIn Learning,29.914534,3.2311897
4734,Course_4734,Marketing,97,3447,68.09578,Udemy,44.735344,3.5755386
4735,Course_4735,Marketing,20,2484,92.787926,edX,184.86452,3.7770534
4736,Course_4736,Data Science,93,4150,77.767944,edX,73.42892,4.81715
4737,Course_4737,Marketing,99,2333,60.33466,edX,34.017044,4.632254
4738,Course_4738,Programming,29,1873,91.24665,Udemy,176.18091,4.6121135
4739,Course_4739,Office Tools,93,4514,67.64938,LinkedIn Learning,133.6425,3.074193
4740,Course_4740,Design,79,817,52.000347,edX,101.02945,4.584892
4742,Course_4742,AI,77,423,62.728832,Udemy,187.73201,4.1015844
4743,Course_4743,Design,79,2642,88.233025,edX,28.643465,3.644372
4744,Course_4744,Marketing,51,3599,55.4339,LinkedIn Learning,185.77316,4.335407
4745,Course_4745,Business,41,3923,93.66263,Udemy,59.79387,3.3211672
4746,Course_4746,Design,37,1995,93.44208,Udemy,125.55117,4.051829
4749,Course_4749,Technology,25,3743,99.91715,Udemy,164.80963,3.5035365
4751,Course_4751,Data Science,63,1804,66.33542,Udemy,180.62671,4.849843
4752,Course_4752,Finance,71,677,81.25934,edX,70.94421,4.5286
4753,Course_4753,Data Science,56,3173,67.875336,LinkedIn Learning,187.58757,4.409808
4754,Course_4754,Technology,27,4857,60.622078,Udemy,82.83188,4.414264
4755,Course_4755,Design,53,4136,91.36274,Udemy,168.54846,4.3315477
4756,Course_4756,Business,39,110,86.68981,edX,61.152218,3.8050005
4757,Course_4757,AI,70,4976,72.721085,Udemy,135.08498,4.2089305
4759,Course_4759,Data Science,75,4996,54.695293,Udemy,15.744319,4.7235727
4760,Course_4760,Finance,76,3740,81.93106,edX,178.05138,4.84157
4761,Course_4761,AI,96,2363,80.23047,Udemy,113.525955,3.6619992
4764,Course_4764,AI,72,3857,92.18843,LinkedIn Learning,164.1262,3.7604911
4765,Course_4765,Programming,90,3741,92.758,Udemy,112.39009,3.8950412
4766,Course_4766,Marketing,57,1551,91.95177,edX,66.962395,3.5191905
4767,Course_4767,Marketing,54,1323,50.10439,edX,162.74527,4.570889
4768,Course_4768,AI,58,3485,82.032684,Udemy,34.4398,3.2229002
4769,Course_4769,Office Tools,78,3768,50.877644,LinkedIn Learning,104.68119,4.770354
4770,Course_4770,Office Tools,41,2928,76.88601,Udemy,74.81079,4.2497673
4772,Course_4772,Programming,20,246,87.22198,edX,163.71059,4.1948514
4774,Course_4774,Finance,60,3792,76.22985,edX,47.307705,4.7302117
4775,Course_4775,Finance,83,2117,72.993355,Udemy,27.230858,3.712772
4777,Course_4777,Design,51,690,74.91974,LinkedIn Learning,64.24434,3.810278
4778,Course_4778,Technology,74,3168,75.7534,edX,125.23556,3.417195
4779,Course_4779,Finance,83,1267,92.811134,edX,73.88885,4.526583
4780,Course_4780,Design,77,2873,81.21297,LinkedIn Learning,84.566185,3.0188138
4781,Course_4781,Design,63,4256,70.7049,Udemy,110.70967,3.8318172
4782,Course_4782,Design,62,2885,50.388336,Udemy,139.00497,4.805471
4783,Course_4783,Business,11,3679,99.66458,Udemy,124.11533,3.5575933
4784,Course_4784,Office Tools,47,3764,86.376724,Udemy,198.32254,4.324215
4790,Course_4790,Design,18,1793,98.984314,edX,81.49167,4.3245234
4792,Course_4792,Technology,76,2232,90.540665,LinkedIn Learning,18.950802,3.8096685
4793,Course_4793,Finance,99,4671,63.14476,edX,174.98026,3.1181617
4795,Course_4795,Data Science,82,4732,65.20245,LinkedIn Learning,72.487595,4.8698273
4797,Course_4797,AI,70,4624,59.000748,LinkedIn Learning,84.51655,4.8162203
4798,Course_4798,Office Tools,36,4335,55.16624,Udemy,139.85059,4.748249
4799,Course_4799,Programming,41,4582,96.25571,edX,131.72179,4.1858993
4800,Course_4800,AI,20,4245,83.17629,LinkedIn Learning,87.32866,4.8961067
4803,Course_4803,Finance,81,4001,67.66252,edX,179.57478,4.1558046
4804,Course_4804,Marketing,91,2173,92.399506,LinkedIn Learning,103.42426,4.224609
4805,Course_4805,Business,39,4250,66.7942,LinkedIn Learning,186.62448,3.4592535
4806,Course_4806,Office Tools,18,188,99.9811,Udemy,39.000134,3.8018668
4807,Course_4807,AI,67,2997,91.15399,edX,183.8128,3.6592479
4809,Course_4809,Technology,96,2412,66.50753,Udemy,140.842,3.5523098
4810,Course_4810,Business,45,1388,52.609726,LinkedIn Learning,24.658825,4.9513555
4811,Course_4811,AI,76,132,55.631947,LinkedIn Learning,172.93053,3.0633748
4812,Course_4812,Finance,46,2894,51.664406,Udemy,149.30403,4.828814
4813,Course_4813,Finance,71,1254,53.0623,edX,154.82887,4.3780427
4814,Course_4814,Office Tools,20,3363,84.094795,Udemy,126.738014,3.300644
4815,Course_4815,AI,75,2629,58.69439,Udemy,174.44759,4.55605
4816,Course_4816,Business,67,4733,72.21968,Udemy,193.63617,4.9932966
4817,Course_4817,Programming,31,4742,70.88196,Udemy,153.35947,3.479389
4819,Course_4819,AI,39,2125,77.51484,edX,53.208187,4.5422316
4821,Course_4821,Marketing,94,2193,75.62261,edX,178.81448,4.0887456
4822,Course_4822,Design,17,1301,54.206272,LinkedIn Learning,144.91257,4.4883394
4823,Course_4823,Programming,90,3354,92.95776,Udemy,36.23912,3.091901
4825,Course_4825,Design,61,1828,84.71291,Udemy,75.645164,3.3907382
4826,Course_4826,Technology,25,4282,69.99122,Udemy,72.994804,3.8779721
4828,Course_4828,AI,72,2113,50.429478,Udemy,157.64874,4.162292
4829,Course_4829,Data Science,47,4384,66.07361,edX,151.55492,3.6903255
4830,Course_4830,Marketing,74,2129,73.32169,Udemy,146.4475,3.4362338
4833,Course_4833,Business,77,4464,53.9201,LinkedIn Learning,173.47641,4.783083
4834,Course_4834,AI,23,265,91.16907,LinkedIn Learning,134.16113,3.7368627
4835,Course_4835,Design,93,467,81.19975,LinkedIn Learning,44.714798,4.4639287
4838,Course_4838,Technology,43,149,66.94317,Udemy,96.73071,4.315163
4839,Course_4839,Business,26,914,99.85968,Udemy,18.159214,3.4107103
4840,Course_4840,Design,34,2698,61.92935,edX,138.40735,4.2862053
4841,Course_4841,Data Science,94,465,71.87635,Udemy,73.00041,4.8730025
4843,Course_4843,Office Tools,31,2872,98.655266,Udemy,87.37653,4.284925
4844,Course_4844,AI,15,1659,63.59181,edX,68.18353,4.2325764
4845,Course_4845,Office Tools,47,4246,93.51544,LinkedIn Learning,48.200817,3.5669737
4846,Course_4846,Data Science,88,4318,97.47704,edX,90.026215,4.5165434
4847,Course_4847,AI,34,628,91.820305,Udemy,120.66243,3.568864
4848,Course_4848,AI,21,951,75.131,edX,170.80136,3.6625583
4850,Course_4850,Business,39,3484,62.64121,Udemy,122.99034,3.447883
4851,Course_4851,Design,56,4592,64.31477,edX,81.511444,4.8806944
4852,Course_4852,Design,27,3716,73.03643,LinkedIn Learning,104.13032,4.887246
4853,Course_4853,AI,68,3899,63.100155,Udemy,111.27328,4.702905
4854,Course_4854,Technology,41,665,72.24804,LinkedIn Learning,156.1967,4.4681606
4855,Course_4855,Office Tools,30,831,82.39016,Udemy,31.726513,3.3570514
4857,Course_4857,Data Science,61,4152,62.294544,edX,160.5158,4.179032
4858,Course_4858,Design,57,1109,78.91922,Udemy,170.26776,3.1251876
4859,Course_4859,Business,19,3841,61.2755,edX,124.41306,4.527936
4860,Course_4860,Programming,65,2078,58.95803,LinkedIn Learning,128.7752,4.7237196
4861,Course_4861,Marketing,50,2001,99.02174,LinkedIn Learning,153.34668,4.601383
4865,Course_4865,Programming,89,168,79.08126,edX,92.10773,3.6276963
4866,Course_4866,Business,37,3227,57.681396,edX,28.461746,4.2561493
4867,Course_4867,Business,41,1501,90.82428,edX,149.81424,3.0787055
4868,Course_4868,Technology,39,706,64.52188,edX,99.525,4.10675
4869,Course_4869,AI,74,2810,74.360596,LinkedIn Learning,59.280876,3.0593715
4870,Course_4870,Business,48,2587,61.69985,LinkedIn Learning,79.00104,3.8070436
4871,Course_4871,Business,51,3447,69.40207,LinkedIn Learning,128.8272,4.352571
4872,Course_4872,Finance,74,2799,54.154655,LinkedIn Learning,150.23389,4.248504
4875,Course_4875,Data Science,79,914,81.86584,LinkedIn Learning,161.29039,4.5303445
4876,Course_4876,Technology,71,4572,53.165443,LinkedIn Learning,44.004986,3.8059359
4877,Course_4877,Finance,87,2546,88.84651,edX,147.29456,4.8342113
4878,Course_4878,Finance,51,3476,97.48566,Udemy,138.95862,4.9484396
4879,Course_4879,Design,14,382,51.291218,Udemy,131.34624,4.560922
4880,Course_4880,Technology,55,1846,81.837166,Udemy,73.4528,3.3609252
4882,Course_4882,Design,72,1125,94.86141,edX,186.19594,4.985075
4883,Course_4883,Business,65,2510,52.10308,LinkedIn Learning,158.31323,4.800008
4884,Course_4884,Design,65,3527,80.018166,Udemy,45.951504,4.21253
4885,Course_4885,Business,73,3880,55.007427,Udemy,175.91963,3.5569425
4886,Course_4886,Design,53,3027,78.35779,Udemy,139.68721,4.1324825
4888,Course_4888,Finance,35,170,86.41096,Udemy,66.12963,4.351384
4889,Course_4889,Programming,37,2711,74.307526,Udemy,25.22742,4.8006487
4891,Course_4891,Office Tools,66,445,93.84781,LinkedIn Learning,191.00719,4.235358
4892,Course_4892,Office Tools,69,3136,52.863564,edX,104.67137,3.6195447
4893,Course_4893,Finance,69,742,99.615974,edX,24.919605,4.5592513
4895,Course_4895,Design,35,3933,75.68708,LinkedIn Learning,155.84044,4.307652
4896,Course_4896,Technology,25,2195,99.17179,Udemy,156.03288,4.9365225
4897,Course_4897,Office Tools,65,1086,75.98877,Udemy,46.433617,3.519174
4898,Course_4898,Office Tools,30,1731,76.548904,edX,11.191102,4.5364447
4899,Course_4899,Marketing,84,1356,95.41154,Udemy,180.73518,4.5750785
4900,Course_4900,Data Science,92,1803,86.70813,LinkedIn Learning,105.213326,3.4365213
4902,Course_4902,AI,92,244,52.058414,LinkedIn Learning,165.37013,4.778398
4903,Course_4903,AI,76,1915,85.13224,LinkedIn Learning,14.684554,4.2571254
4904,Course_4904,Business,33,1430,78.272644,LinkedIn Learning,12.603251,3.5057726
4905,Course_4905,Design,71,1409,85.624435,Udemy,152.15349,4.7595835
4906,Course_4906,Business,18,3264,55.687836,LinkedIn Learning,83.82918,3.7815702
4907,Course_4907,Business,15,1984,90.08225,edX,29.88009,4.9738054
4909,Course_4909,Office Tools,85,2830,93.94645,edX,150.88239,3.533013
4910,Course_4910,AI,41,3209,55.095974,edX,45.288532,3.6349773
4912,Course_4912,AI,99,3492,55.54248,Udemy,126.57291,4.907961
4913,Course_4913,Programming,91,2662,59.823067,Udemy,130.68886,3.219455
4914,Course_4914,Technology,45,2706,59.78688,LinkedIn Learning,140.14624,3.6364787
4915,Course_4915,Marketing,58,2640,76.07301,edX,155.20216,3.0657024
4916,Course_4916,Finance,21,1118,94.98791,Udemy,107.290794,4.5214844
4917,Course_4917,Design,84,4492,71.2789,edX,101.52819,3.8474898
4921,Course_4921,Business,51,4294,72.99033,LinkedIn Learning,111.23863,3.9545403
4923,Course_4923,Marketing,67,1683,61.48262,edX,49.0671,3.7563827
4925,Course_4925,AI,47,1369,85.52158,LinkedIn Learning,92.86581,3.9912808
4927,Course_4927,Programming,22,4542,89.009735,Udemy,167.8668,4.141358
4928,Course_4928,Office Tools,35,3318,97.9437,edX,192.93794,3.8335483
4929,Course_4929,Business,42,2885,90.27537,Udemy,185.73764,4.4553323
4930,Course_4930,Marketing,26,1588,96.546135,LinkedIn Learning,99.92701,4.752179
4931,Course_4931,Office Tools,86,2306,53.065166,Udemy,171.65366,3.5636754
4932,Course_4932,Programming,63,1258,94.25319,LinkedIn Learning,43.87956,3.6483667
4933,Course_4933,Marketing,66,3864,84.64405,LinkedIn Learning,103.75219,3.208902
4934,Course_4934,Technology,68,207,80.07445,LinkedIn Learning,80.57513,3.5568693
4935,Course_4935,Marketing,74,647,75.68103,LinkedIn Learning,162.87607,4.0895944
4937,Course_4937,Data Science,34,2609,69.40556,LinkedIn Learning,114.31347,4.389759
4938,Course_4938,Data Science,30,633,83.775185,edX,194.43854,3.0383122
4939,Course_4939,Business,79,178,79.54499,LinkedIn Learning,76.735435,4.784061
4940,Course_4940,AI,61,3600,77.641846,edX,148.54655,3.118879
4941,Course_4941,Programming,57,2621,71.83539,edX,90.132706,3.720044
4942,Course_4942,Data Science,25,2458,78.10112,Udemy,176.15332,3.6366167
4943,Course_4943,Design,67,2908,85.110596,LinkedIn Learning,191.56877,4.455627
4944,Course_4944,Office Tools,93,2972,88.752716,LinkedIn Learning,198.00882,3.440274
4945,Course_4945,Finance,35,1163,70.830376,edX,89.17409,3.486665
4946,Course_4946,Marketing,81,1638,76.59098,LinkedIn Learning,104.504974,3.7876225
4947,Course_4947,Design,31,1899,87.643135,LinkedIn Learning,129.8619,3.894598
4948,Course_4948,Technology,17,2947,53.600517,edX,43.18102,3.128461
4949,Course_4949,AI,34,4093,76.3362,edX,15.91924,3.2808323
4950,Course_4950,Design,44,1309,54.806274,LinkedIn Learning,71.77401,3.4402974
4951,Course_4951,AI,84,3155,96.24351,LinkedIn Learning,136.64487,3.1166503
4952,Course_4952,Design,24,3094,71.37685,Udemy,97.40125,3.2260144
4953,Course_4953,Programming,98,476,67.29148,Udemy,66.34386,4.962823
4954,Course_4954,AI,87,1646,58.537,LinkedIn Learning,57.999313,4.5742292
4955,Course_4955,AI,12,4653,51.78167,LinkedIn Learning,180.7573,4.1070795
4956,Course_4956,Data Science,72,3027,98.41372,edX,165.63869,4.866629
4957,Course_4957,Finance,64,4643,98.59298,edX,74.9645,3.7174685
4958,Course_4958,Marketing,33,1038,73.12395,Udemy,67.58036,3.3330433
4960,Course_4960,Data Science,31,3946,90.45823,edX,156.61205,3.9014974
4961,Course_4961,Programming,24,171,73.88735,Udemy,76.77466,4.1946716
4962,Course_4962,Marketing,42,4751,62.483387,LinkedIn Learning,16.70508,3.0326731
4964,Course_4964,Office Tools,52,1224,91.95673,edX,152.38457,3.047944
4967,Course_4967,Marketing,19,1958,72.31908,Udemy,80.25368,4.4483457
4968,Course_4968,Design,48,4172,55.533054,Udemy,70.75016,3.1270037
4969,Course_4969,Programming,48,2728,77.39264,edX,190.99706,3.2104688
4970,Course_4970,Design,70,1688,89.26657,Udemy,28.72397,4.1040063
4971,Course_4971,Data Science,51,3700,94.78873,edX,54.62951,3.2074323
4972,Course_4972,Marketing,62,4830,78.87464,LinkedIn Learning,134.94489,3.1871338
4973,Course_4973,Data Science,46,4670,76.5259,LinkedIn Learning,194.36765,3.9244037
4974,Course_4974,Technology,42,1614,73.75799,LinkedIn Learning,166.58037,4.2554913
4975,Course_4975,Data Science,85,1608,64.118095,edX,153.06297,4.905442
4976,Course_4976,Technology,46,3933,80.73504,LinkedIn Learning,156.55788,4.182486
4977,Course_4977,Technology,23,127,68.99836,LinkedIn Learning,160.37204,3.0424886
4978,Course_4978,AI,40,1697,62.45147,Udemy,174.24716,4.6420417
4979,Course_4979,Office Tools,14,988,84.01845,LinkedIn Learning,83.05368,3.8515275
4980,Course_4980,Design,17,2182,61.107433,LinkedIn Learning,31.088127,3.5058353
4981,Course_4981,Marketing,40,2561,69.18246,LinkedIn Learning,126.19727,3.0628088
4982,Course_4982,Technology,75,3890,91.20345,Udemy,135.71759,4.9002237
4983,Course_4983,Data Science,88,3236,83.22675,Udemy,104.88372,3.547843
4985,Course_4985,Finance,48,722,53.95795,LinkedIn Learning,17.751492,4.696841
4986,Course_4986,Finance,79,541,55.473564,edX,59.125675,4.178512
4987,Course_4987,Business,84,608,75.24521,edX,112.668274,4.305907
4988,Course_4988,Business,95,4751,54.917683,Udemy,113.95096,4.842216
4989,Course_4989,Programming,59,4371,90.88012,LinkedIn Learning,105.53408,3.0541961
4991,Course_4991,Office Tools,60,2473,69.36841,LinkedIn Learning,66.93637,3.714227
4992,Course_4992,Design,56,1338,63.322445,LinkedIn Learning,162.68965,3.8921993
4993,Course_4993,Business,94,1240,75.582664,edX,127.30346,3.3060198
4994,Course_4994,AI,15,1088,59.591255,Udemy,153.94144,3.571779
4995,Course_4995,Programming,35,1382,57.590305,Udemy,81.01262,4.6762443
4996,Course_4996,Business,27,200,74.30282,edX,60.941914,3.4052258
5000,Course_5000,Design,78,3323,78.04617,edX,199.96199,3.0217998
5001,Course_5001,Business,32,872,99.27829,edX,52.87343,4.8294544
5004,Course_5004,Technology,44,2931,85.79541,edX,178.01712,3.8353145
5005,Course_5005,Office Tools,51,3236,82.426216,LinkedIn Learning,114.29019,3.7414813
5007,Course_5007,Finance,93,3728,55.17522,Udemy,47.09766,3.0781047
5008,Course_5008,Office Tools,90,209,96.9285,LinkedIn Learning,146.81465,3.0331268
5009,Course_5009,AI,53,3181,62.65032,edX,80.474304,3.8605545
5010,Course_5010,Programming,44,2861,95.543785,edX,160.7966,3.1908827
5011,Course_5011,Programming,19,1673,77.01111,LinkedIn Learning,110.690834,3.4577746
5012,Course_5012,Office Tools,99,208,77.426384,LinkedIn Learning,43.502293,4.965169
5013,Course_5013,Technology,41,1222,82.941605,Udemy,59.06299,3.6154165
5014,Course_5014,Business,94,3949,71.045616,LinkedIn Learning,121.01503,3.0174654
5016,Course_5016,Marketing,59,4236,53.644215,edX,171.11221,4.6278286
5017,Course_5017,Finance,52,317,84.12972,LinkedIn Learning,178.88705,4.9653354
5019,Course_5019,AI,55,2706,98.17382,LinkedIn Learning,169.11638,3.7756984
5020,Course_5020,Design,45,2769,62.746418,edX,90.318275,3.4499335
5021,Course_5021,Marketing,82,1835,52.77458,edX,182.5815,4.655746
5022,Course_5022,Data Science,49,3497,98.329865,Udemy,56.743942,3.7319088
5024,Course_5024,Technology,10,1524,76.50869,Udemy,94.98164,3.4743536
5026,Course_5026,Data Science,30,1754,70.617645,LinkedIn Learning,61.979065,3.345029
5027,Course_5027,Programming,31,499,83.82981,Udemy,44.946682,4.4679503
5030,Course_5030,Business,87,3298,96.58679,edX,32.798576,3.4525666
5032,Course_5032,Design,29,632,91.38035,Udemy,155.44803,3.8010013
5033,Course_5033,AI,42,4496,56.289394,LinkedIn Learning,46.583103,4.322572
5034,Course_5034,Design,61,4597,59.192898,edX,70.7885,4.127282
5035,Course_5035,Business,83,3920,59.496643,Udemy,21.995193,3.3834097
5036,Course_5036,Marketing,43,4323,97.52553,LinkedIn Learning,10.2976265,4.171986
5038,Course_5038,Programming,95,4777,80.7609,LinkedIn Learning,41.938774,4.22535
5039,Course_5039,Finance,73,889,91.7456,edX,55.257523,4.8084264
5040,Course_5040,Marketing,99,4406,74.03785,LinkedIn Learning,117.80952,3.148496
5041,Course_5041,Technology,96,437,90.95659,edX,100.16336,3.2963457
5042,Course_5042,AI,27,1219,89.21468,LinkedIn Learning,100.133675,3.721873
5043,Course_5043,Business,33,2649,91.282646,edX,44.04875,3.6979382
5044,Course_5044,Office Tools,20,1507,53.631287,edX,61.895275,4.484546
5047,Course_5047,Data Science,96,2015,85.806694,Udemy,59.360477,3.3859468
5049,Course_5049,Marketing,50,3043,56.832844,Udemy,59.32706,4.2013597
5050,Course_5050,Design,73,1690,73.73373,LinkedIn Learning,21.183537,3.5017767
5051,Course_5051,AI,18,426,50.54523,Udemy,113.97024,3.402121
5052,Course_5052,Finance,63,2974,74.17709,edX,48.619953,3.5430925
5053,Course_5053,AI,68,1337,70.94171,LinkedIn Learning,127.55766,4.09703
5054,Course_5054,Marketing,28,446,67.89385,LinkedIn Learning,49.47882,4.6642203
5055,Course_5055,Design,78,1330,99.784065,Udemy,15.5863085,4.180041
5056,Course_5056,Business,48,807,97.113144,LinkedIn Learning,10.857011,3.4283407
5058,Course_5058,Finance,85,3056,78.32634,Udemy,72.35017,4.236869
5059,Course_5059,Design,29,3570,95.46071,edX,116.06103,3.9122355
5060,Course_5060,Programming,50,214,65.287415,Udemy,116.68777,4.753957
5062,Course_5062,Business,97,1934,73.97872,LinkedIn Learning,52.269505,3.054271
5064,Course_5064,Finance,93,4456,77.57122,LinkedIn Learning,100.9943,3.9370139
5065,Course_5065,Business,74,3122,71.99969,Udemy,73.971756,3.1979613
5066,Course_5066,Business,65,365,71.940056,Udemy,159.8847,4.9064655
5068,Course_5068,Business,88,3011,80.27404,edX,154.00096,3.8311892
5069,Course_5069,Design,14,1798,72.05357,LinkedIn Learning,125.65166,3.6078243
5070,Course_5070,Data Science,77,2610,83.8467,Udemy,198.92249,4.91451
5072,Course_5072,Design,85,2625,84.59779,edX,86.01232,3.7020323
5073,Course_5073,Programming,39,2493,92.51914,Udemy,36.592003,4.986499
5075,Course_5075,Data Science,29,152,89.69241,edX,55.28222,4.600074
5076,Course_5076,Business,84,470,57.3527,edX,132.47116,3.4407904
5077,Course_5077,Data Science,44,4596,56.659416,edX,72.555595,3.0614586
5078,Course_5078,Design,45,1577,99.84325,edX,154.95459,3.679752
5079,Course_5079,Programming,59,782,89.51478,edX,199.24156,3.1720066
5080,Course_5080,Data Science,26,1985,85.59833,Udemy,174.80992,4.33279
5081,Course_5081,Design,71,3128,51.425278,Udemy,19.207623,3.994323
5084,Course_5084,Technology,38,1532,92.1097,Udemy,118.89379,3.825335
5086,Course_5086,Technology,11,2952,67.81602,Udemy,31.858164,4.5609426
5087,Course_5087,Programming,11,3171,82.642,LinkedIn Learning,184.2946,3.5350268
5088,Course_5088,AI,27,2139,61.344696,Udemy,71.21335,3.5321074
5090,Course_5090,AI,12,4672,91.119545,Udemy,110.14212,3.2575421
5091,Course_5091,Data Science,19,4094,83.74337,Udemy,199.80833,3.1853192
5093,Course_5093,Finance,69,3257,98.0604,edX,69.44641,4.007653
5094,Course_5094,Data Science,54,3993,80.920006,LinkedIn Learning,136.05345,4.233823
5095,Course_5095,Finance,78,2854,51.536766,edX,94.43515,4.411182
5096,Course_5096,Technology,67,4535,50.114346,LinkedIn Learning,102.42135,4.272736
5097,Course_5097,Marketing,67,4589,81.564575,Udemy,55.76524,3.2864761
5098,Course_5098,Business,48,3313,82.96919,Udemy,124.79552,4.077797
5099,Course_5099,Office Tools,11,139,56.12803,LinkedIn Learning,106.08595,4.0035677
5100,Course_5100,Data Science,46,2776,66.45847,edX,106.331665,4.4197116
5101,Course_5101,Programming,26,3957,87.813255,LinkedIn Learning,114.61778,3.3681862
5102,Course_5102,Technology,80,270,54.179905,Udemy,102.4199,3.3317394
5104,Course_5104,Programming,22,2379,53.31946,Udemy,56.26898,3.6056037
5106,Course_5106,Business,30,4842,70.822334,edX,41.44878,3.1732583
5108,Course_5108,AI,29,2921,98.17137,edX,25.971254,4.782031
5109,Course_5109,AI,84,4342,83.312256,Udemy,114.708694,3.5622692
5110,Course_5110,Technology,15,862,92.85147,edX,66.89141,4.55349
5111,Course_5111,Technology,61,3824,61.96844,Udemy,107.55179,4.1653047
5114,Course_5114,Business,12,766,97.69617,LinkedIn Learning,42.33962,3.2677104
5116,Course_5116,Technology,28,586,55.741253,LinkedIn Learning,56.223534,3.8622837
5117,Course_5117,AI,88,4791,72.4706,LinkedIn Learning,107.70262,3.1576388
5118,Course_5118,Programming,51,886,86.988884,edX,150.32603,4.8408628
5119,Course_5119,Data Science,95,169,98.437004,LinkedIn Learning,58.90408,3.4838328
5121,Course_5121,Programming,22,4108,52.259937,Udemy,154.95995,4.414492
5122,Course_5122,Technology,37,652,68.97755,LinkedIn Learning,65.427444,4.2175064
5123,Course_5123,Business,16,2348,73.39725,LinkedIn Learning,31.039858,4.71915
5124,Course_5124,Finance,49,4042,80.03488,LinkedIn Learning,56.302505,3.6572673
5125,Course_5125,Data Science,47,488,83.189514,edX,140.2963,3.1333055
5126,Course_5126,Technology,81,1240,76.61469,edX,96.54592,4.213629
5127,Course_5127,Marketing,51,1516,52.59623,edX,100.271385,4.1270685
5128,Course_5128,Marketing,43,992,68.47412,edX,60.21328,4.9018383
5129,Course_5129,Marketing,92,1631,98.86345,LinkedIn Learning,65.39809,3.565686
5130,Course_5130,Data Science,37,2778,95.38405,LinkedIn Learning,141.7511,3.2410924
5131,Course_5131,Data Science,88,2027,61.894382,edX,53.019005,3.6091552
5132,Course_5132,Marketing,64,547,72.20328,Udemy,162.53683,4.9678273
5133,Course_5133,Business,43,1450,75.907265,LinkedIn Learning,105.4152,4.9750137
5134,Course_5134,Data Science,65,752,63.741676,Udemy,78.7727,3.1210666
5135,Course_5135,Business,70,4647,60.55748,LinkedIn Learning,71.49749,3.8442578
5136,Course_5136,Data Science,58,2949,53.035416,edX,148.84396,4.201942
5137,Course_5137,Business,61,3034,95.70254,Udemy,27.33399,4.839521
5138,Course_5138,Programming,14,2144,95.66503,Udemy,81.64395,3.1738176
5139,Course_5139,Data Science,15,2004,56.263584,edX,71.238754,3.1478121
5140,Course_5140,Design,42,2603,80.873505,LinkedIn Learning,198.94029,3.0266824
5141,Course_5141,Finance,33,1450,55.944775,Udemy,108.164215,3.274548
5143,Course_5143,Finance,33,985,72.29249,LinkedIn Learning,198.07953,4.8794775
5145,Course_5145,Business,11,3218,82.374985,LinkedIn Learning,166.38757,4.007437
5146,Course_5146,Data Science,44,1814,68.57398,Udemy,34.109043,4.8098736
5147,Course_5147,Finance,11,756,99.404495,LinkedIn Learning,35.215572,3.1113582
5148,Course_5148,Data Science,71,4144,84.38663,Udemy,77.3403,4.280826
5149,Course_5149,Office Tools,61,438,57.031376,edX,16.163437,3.907959
5150,Course_5150,Office Tools,22,995,77.431046,Udemy,178.64366,4.5528097
5151,Course_5151,Business,73,973,52.758945,Udemy,66.988335,3.4025538
5152,Course_5152,Design,21,2686,83.00546,LinkedIn Learning,142.04166,3.8393226
5153,Course_5153,AI,46,628,76.02461,Udemy,10.756773,3.131937
5154,Course_5154,Programming,39,4278,62.06063,edX,158.34804,3.689066
5155,Course_5155,Business,47,3833,78.437874,edX,53.157368,4.10754
5156,Course_5156,Marketing,81,375,96.6008,edX,106.708,3.3724775
5158,Course_5158,Finance,42,594,85.72878,edX,155.22983,4.2617335
5159,Course_5159,Business,68,303,94.60634,Udemy,21.809578,3.320306
5160,Course_5160,Design,40,530,98.91577,Udemy,160.43573,4.3308744
5161,Course_5161,Marketing,14,2631,97.508766,LinkedIn Learning,89.97813,3.5605495
5162,Course_5162,Programming,24,3305,99.87213,Udemy,116.31665,3.8750942
5163,Course_5163,Technology,68,975,85.40005,Udemy,170.00256,4.7021837
5164,Course_5164,Data Science,94,1146,63.626102,edX,157.54597,3.7318573
5165,Course_5165,Programming,45,4209,50.170723,Udemy,199.66367,4.106497
5166,Course_5166,AI,18,4315,99.384834,edX,14.406637,4.1300926
5168,Course_5168,AI,51,1681,56.534718,LinkedIn Learning,159.20132,3.9679203
5169,Course_5169,Marketing,26,3150,57.8108,edX,137.4538,4.462577
5170,Course_5170,Programming,17,933,85.9121,LinkedIn Learning,141.37167,4.9306
5171,Course_5171,Office Tools,42,4092,95.096825,Udemy,12.50029,3.3830156
5174,Course_5174,Office Tools,24,4304,53.24938,LinkedIn Learning,161.11229,4.9721212
5175,Course_5175,AI,39,1159,83.96769,edX,142.80049,3.5143013
5177,Course_5177,Programming,16,3244,78.26263,Udemy,98.40993,4.4246926
5178,Course_5178,Finance,18,1518,87.30615,edX,129.04483,3.3869686
5179,Course_5179,Data Science,54,1216,73.142914,LinkedIn Learning,164.9879,3.371287
5180,Course_5180,Technology,23,2189,50.77031,LinkedIn Learning,182.3744,4.753979
5181,Course_5181,Finance,41,4769,63.87369,LinkedIn Learning,157.7193,4.1012735
5182,Course_5182,Design,52,1371,74.39674,Udemy,123.37039,4.5011134
5183,Course_5183,Business,17,2779,96.01626,LinkedIn Learning,174.37038,3.2863722
5184,Course_5184,Finance,84,1665,54.012104,Udemy,29.794785,3.8949354
5186,Course_5186,Marketing,33,700,51.99346,LinkedIn Learning,100.17671,3.2630692
5187,Course_5187,Business,71,2853,57.378227,LinkedIn Learning,140.3921,4.0644774
5188,Course_5188,AI,22,379,69.19701,LinkedIn Learning,153.2936,3.0197456
5189,Course_5189,Design,63,1893,62.80798,Udemy,145.8289,3.6280215
5192,Course_5192,Technology,83,2193,61.39108,LinkedIn Learning,56.01549,4.8468003
5193,Course_5193,Marketing,82,1056,74.300354,LinkedIn Learning,11.376376,3.9040315
5194,Course_5194,Marketing,14,892,70.73319,edX,199.93538,4.762721
5195,Course_5195,Programming,22,3025,85.52637,LinkedIn Learning,197.70224,4.7400036
5196,Course_5196,Programming,46,2816,88.10183,LinkedIn Learning,77.530205,3.7446048
5197,Course_5197,Office Tools,61,4857,94.737915,Udemy,151.09578,4.5947356
5199,Course_5199,Finance,88,1292,93.3725,edX,154.56023,3.0078285
5200,Course_5200,Business,91,232,77.026436,Udemy,27.953959,4.1376085
5201,Course_5201,AI,69,566,68.27306,edX,166.2033,3.3258493
5203,Course_5203,Business,84,889,96.66454,edX,151.6415,4.946587
5204,Course_5204,Finance,80,1202,65.15678,LinkedIn Learning,177.35533,3.825115
5205,Course_5205,Programming,76,2892,84.750946,Udemy,65.44301,4.7201343
5206,Course_5206,AI,68,4539,79.50314,edX,124.60884,3.0143976
5207,Course_5207,Design,58,1135,96.60187,edX,15.414042,3.8562284
5208,Course_5208,Data Science,60,2252,97.05429,edX,199.66003,3.9021492
5210,Course_5210,Technology,67,2092,62.797478,LinkedIn Learning,41.66139,3.834071
5211,Course_5211,Business,94,3693,95.01497,edX,195.9839,3.751402
5212,Course_5212,Finance,71,2900,63.12187,Udemy,20.012146,3.0133018
5214,Course_5214,Office Tools,70,636,68.56324,Udemy,162.45938,3.2259276
5215,Course_5215,Design,18,1262,81.49761,edX,37.65386,3.8007934
5217,Course_5217,Finance,15,2835,88.71636,Udemy,51.12119,4.4734797
5221,Course_5221,AI,84,877,76.34048,edX,140.88399,4.508774
5223,Course_5223,Business,29,2462,54.12531,LinkedIn Learning,195.40349,3.253672
5226,Course_5226,Marketing,55,2488,89.58284,LinkedIn Learning,98.57254,4.0158362
5227,Course_5227,Technology,100,3759,80.590935,LinkedIn Learning,40.688698,4.3457427
5228,Course_5228,Office Tools,30,1151,88.318695,Udemy,105.12692,3.930601
5229,Course_5229,Design,83,3365,94.723366,edX,40.746685,3.9586208
5230,Course_5230,Finance,69,2489,65.3428,edX,56.02341,4.282236
5231,Course_5231,Business,79,3809,58.717102,Udemy,60.327988,4.7910237
5232,Course_5232,Business,55,1987,58.958904,LinkedIn Learning,157.43465,4.943467
5233,Course_5233,Data Science,75,4985,60.689293,Udemy,169.06512,3.9809697
5234,Course_5234,Business,71,2456,60.12654,LinkedIn Learning,115.70933,3.797319
5235,Course_5235,Technology,100,2739,82.13582,edX,161.10062,4.5995283
5237,Course_5237,Business,70,2019,56.2523,LinkedIn Learning,111.17782,3.3958054
5238,Course_5238,Business,89,3812,98.54749,LinkedIn Learning,162.32634,3.7472851
5242,Course_5242,Office Tools,53,3464,94.87684,Udemy,166.55803,4.613094
5243,Course_5243,Programming,30,2815,69.40523,edX,39.08209,3.2028723
5244,Course_5244,AI,91,997,89.68441,Udemy,150.41043,4.4841795
5246,Course_5246,Business,15,1504,68.56666,edX,132.36592,3.572358
5248,Course_5248,Office Tools,98,464,96.28731,LinkedIn Learning,12.52973,3.2565572
5249,Course_5249,Business,45,3046,58.698273,Udemy,46.95604,3.3628986
5251,Course_5251,Data Science,51,2874,56.066074,edX,66.362114,3.919465
5253,Course_5253,Business,80,4393,94.40945,LinkedIn Learning,117.1212,4.6063395
5254,Course_5254,AI,67,4913,92.397484,edX,119.09951,4.288063
5255,Course_5255,Marketing,99,2823,56.04891,LinkedIn Learning,83.92195,4.0423226
5256,Course_5256,Business,32,2266,75.39727,Udemy,196.69928,4.4936686
5257,Course_5257,Data Science,96,139,95.79676,LinkedIn Learning,172.57039,4.872973
5258,Course_5258,Technology,68,667,83.85787,LinkedIn Learning,18.115189,4.6740594
5259,Course_5259,Design,81,1104,57.344215,edX,23.949276,4.5475116
5260,Course_5260,Office Tools,21,2920,57.416943,edX,62.693287,4.073063
5261,Course_5261,Business,17,2806,51.240402,Udemy,86.12569,3.5402608
5263,Course_5263,AI,75,2624,61.350525,Udemy,150.44498,4.137277
5264,Course_5264,Design,73,886,75.768936,edX,95.50948,4.409421
5265,Course_5265,Design,18,1992,88.92655,Udemy,169.75586,3.021519
5266,Course_5266,Design,79,2704,76.9897,Udemy,81.7839,4.847223
5267,Course_5267,Design,30,1946,87.00591,Udemy,57.054527,3.138187
5268,Course_5268,Data Science,57,1968,90.56902,LinkedIn Learning,142.47029,3.2011814
5269,Course_5269,Technology,42,2494,73.316124,edX,82.20694,4.109876
5271,Course_5271,Marketing,60,4764,70.60229,Udemy,68.04759,3.0502212
5272,Course_5272,Finance,65,3567,83.2933,edX,191.28018,4.4611316
5273,Course_5273,Office Tools,41,247,83.96971,edX,199.68672,3.270623
5274,Course_5274,Marketing,75,3799,86.795685,Udemy,53.07828,4.613153
5277,Course_5277,Finance,31,4232,64.551384,LinkedIn Learning,177.42403,4.7624555
5278,Course_5278,Office Tools,29,2476,55.394276,Udemy,76.40173,4.2233963
5279,Course_5279,Programming,70,1661,85.06209,LinkedIn Learning,104.501526,3.8166478
5280,Course_5280,Office Tools,32,3926,61.2523,edX,70.220894,3.0437412
5281,Course_5281,Marketing,29,3823,72.53906,LinkedIn Learning,115.60521,3.3457344
5282,Course_5282,Design,64,3381,78.5442,edX,185.3183,3.8650668
5283,Course_5283,Marketing,45,4517,57.42506,LinkedIn Learning,24.83963,4.379711
5285,Course_5285,Design,61,2199,55.87046,edX,88.11505,3.0464933
5286,Course_5286,Technology,11,3699,65.1927,edX,69.72926,4.008463
5287,Course_5287,Data Science,44,4678,87.93355,LinkedIn Learning,43.747208,3.2989109
5288,Course_5288,Finance,52,4255,86.911644,LinkedIn Learning,142.496,4.850113
5290,Course_5290,Design,47,2522,65.47681,Udemy,53.802197,3.7061257
5291,Course_5291,Technology,32,1753,50.9572,LinkedIn Learning,194.05927,4.859031
5292,Course_5292,Technology,94,1530,67.14558,edX,23.066618,4.978866
5293,Course_5293,Finance,59,133,67.235634,Udemy,28.113111,4.099573
5294,Course_5294,Technology,60,2684,57.40132,Udemy,51.207275,3.331314
5295,Course_5295,AI,85,190,93.03084,edX,146.56087,4.3331275
5296,Course_5296,Finance,12,2091,52.624714,LinkedIn Learning,30.803267,4.0129967
5298,Course_5298,Design,80,3377,90.54569,Udemy,60.749805,3.9833958
5299,Course_5299,Data Science,11,3977,61.085526,edX,21.483032,3.4381351
5300,Course_5300,Programming,87,4535,81.06862,Udemy,117.28151,3.7109153
5301,Course_5301,Marketing,72,817,87.60712,LinkedIn Learning,150.17982,4.259884
5302,Course_5302,AI,83,1552,63.660007,Udemy,121.96068,3.3023376
5303,Course_5303,AI,61,3318,52.8854,Udemy,174.46672,3.6348398
5304,Course_5304,Technology,69,1603,60.77345,Udemy,175.65132,3.4745948
5305,Course_5305,Programming,45,1316,97.79689,LinkedIn Learning,54.69271,3.6431534
5306,Course_5306,Marketing,78,3429,77.11226,edX,161.55353,3.2960413
5307,Course_5307,Finance,39,4282,83.01686,edX,161.50343,4.492716
5308,Course_5308,Technology,33,3157,89.93015,LinkedIn Learning,198.80399,3.8809068
5310,Course_5310,Finance,66,3311,78.57727,LinkedIn Learning,107.57031,4.215936
5311,Course_5311,AI,91,4652,94.35872,edX,184.76639,3.4703891
5312,Course_5312,Marketing,33,3079,67.66092,edX,124.40753,3.6484356
5313,Course_5313,Data Science,12,3239,63.650597,Udemy,69.25598,4.411098
5314,Course_5314,Office Tools,30,4610,63.369778,edX,40.804028,3.4591439
5315,Course_5315,Office Tools,50,1600,72.33385,Udemy,166.66147,3.1899042
5317,Course_5317,AI,76,3239,62.690254,Udemy,187.78044,3.1352563
5318,Course_5318,Office Tools,38,1261,51.040005,edX,72.99193,3.713465
5320,Course_5320,Technology,24,1393,76.71695,Udemy,147.42249,3.870725
5321,Course_5321,Technology,77,632,65.12309,edX,191.70544,4.1128545
5322,Course_5322,Programming,25,1681,75.03501,Udemy,109.10435,3.9897194
5323,Course_5323,Business,17,1748,55.141273,LinkedIn Learning,115.904755,4.2691903
5325,Course_5325,Marketing,38,1457,72.32519,Udemy,43.619896,3.8460133
5326,Course_5326,Technology,91,819,52.531578,LinkedIn Learning,41.44947,4.683141
5328,Course_5328,Business,25,2276,76.112526,Udemy,67.869934,3.6517072
5329,Course_5329,Finance,32,2935,52.590164,edX,101.871765,3.8343036
5331,Course_5331,Programming,27,953,68.504776,edX,128.64137,3.4651663
5332,Course_5332,Programming,51,3288,84.721436,Udemy,57.977802,4.107183
5333,Course_5333,Programming,89,673,79.21359,edX,98.17,3.3122432
5334,Course_5334,Marketing,23,3162,96.393715,LinkedIn Learning,58.063206,3.8274775
5335,Course_5335,Programming,59,3653,89.2494,edX,139.07314,4.275153
5337,Course_5337,Office Tools,28,4932,71.21816,LinkedIn Learning,149.61002,3.8579948
5338,Course_5338,AI,98,903,96.89559,edX,71.303925,3.2166314
5340,Course_5340,Marketing,56,412,68.22566,Udemy,13.010478,4.329132
5342,Course_5342,Finance,12,2825,83.33888,edX,100.390114,3.003206
5343,Course_5343,Programming,77,620,73.6022,Udemy,126.073685,4.1779203
5344,Course_5344,Business,64,3591,87.85835,LinkedIn Learning,173.01477,4.071591
5346,Course_5346,Marketing,19,1252,98.59401,LinkedIn Learning,124.70278,4.6134953
5349,Course_5349,Marketing,96,761,58.232418,LinkedIn Learning,103.39821,4.138116
5350,Course_5350,Finance,94,2019,67.07656,Udemy,30.500734,3.2080345
5351,Course_5351,Marketing,49,2484,99.58435,Udemy,148.62614,4.5908437
5352,Course_5352,Marketing,31,4934,63.332203,Udemy,25.692892,4.293579
5353,Course_5353,Business,27,1862,86.62108,Udemy,27.630634,4.7118874
5354,Course_5354,AI,81,2680,63.558315,LinkedIn Learning,53.317173,3.896485
5356,Course_5356,AI,71,4690,59.62119,Udemy,153.4731,4.463301
5357,Course_5357,Marketing,79,4249,59.29342,LinkedIn Learning,104.929955,4.7069764
5358,Course_5358,Technology,57,3656,99.93189,LinkedIn Learning,128.04994,4.796407
5362,Course_5362,Programming,64,4058,72.904884,Udemy,27.091873,3.8192654
5365,Course_5365,Finance,98,2115,91.52022,edX,175.53267,3.370209
5366,Course_5366,Finance,66,4044,57.387318,Udemy,87.62527,3.0541732
5367,Course_5367,Technology,11,2653,95.358086,Udemy,187.69814,4.572511
5369,Course_5369,Marketing,43,4376,57.77941,Udemy,129.0204,3.3053496
5370,Course_5370,Programming,70,162,70.60856,edX,79.8745,3.4729033
5371,Course_5371,Technology,81,3771,90.26114,Udemy,176.74248,3.5669928
5373,Course_5373,Technology,85,3151,88.896706,LinkedIn Learning,105.31806,4.0327
5374,Course_5374,Design,79,695,73.14515,edX,23.856283,4.8974752
5375,Course_5375,Programming,59,1069,97.986946,LinkedIn Learning,169.303,4.6402
5376,Course_5376,Data Science,24,3168,76.37481,Udemy,96.30122,3.244935
5377,Course_5377,Data Science,100,2200,92.39083,edX,128.62328,4.5223923
5380,Course_5380,Finance,94,3643,81.40764,LinkedIn Learning,164.43208,3.3077872
5384,Course_5384,Finance,69,204,52.717472,Udemy,171.15227,4.469119
5386,Course_5386,Design,45,3691,87.7745,LinkedIn Learning,168.2186,4.260857
5387,Course_5387,Programming,98,917,68.25545,LinkedIn Learning,151.29016,4.7828507
5388,Course_5388,Design,97,3458,63.35257,LinkedIn Learning,133.92345,4.027026
5389,Course_5389,Office Tools,72,4783,55.774017,Udemy,183.85262,4.4858723
5391,Course_5391,Office Tools,74,1757,97.27806,Udemy,99.284996,3.6432679
5392,Course_5392,Programming,35,2421,85.78681,edX,57.08772,3.7963777
5393,Course_5393,Data Science,19,3359,52.23924,LinkedIn Learning,23.641533,4.997617
5394,Course_5394,Design,94,3472,89.91628,Udemy,122.00176,4.1191616
5395,Course_5395,Design,72,1390,54.49601,Udemy,196.6749,3.1765795
5396,Course_5396,AI,100,3670,59.554974,edX,74.32897,3.832579
5398,Course_5398,Marketing,65,548,84.11864,edX,15.819771,4.5818257
5400,Course_5400,Programming,36,1941,56.57258,LinkedIn Learning,153.1997,4.068724
5401,Course_5401,Business,73,712,81.044044,LinkedIn Learning,69.69544,4.001343
5402,Course_5402,Business,75,2517,99.35186,Udemy,144.35844,3.2482476
5404,Course_5404,Office Tools,54,2376,85.42893,Udemy,102.22441,3.5459785
5405,Course_5405,Business,55,1692,81.45937,Udemy,30.448015,4.261382
5407,Course_5407,Marketing,45,3830,83.97553,Udemy,65.93164,4.525215
5408,Course_5408,Data Science,46,2627,56.027706,Udemy,147.90422,3.8466008
5411,Course_5411,Programming,49,2274,75.678375,edX,16.88166,4.91612
5412,Course_5412,Finance,79,155,72.078865,Udemy,148.66252,4.0872235
5414,Course_5414,Design,18,4891,88.04071,LinkedIn Learning,154.21185,3.4521208
5415,Course_5415,Business,39,2733,60.867218,edX,92.6071,4.082266
5416,Course_5416,Business,100,1466,98.08926,edX,40.423943,3.0874856
5417,Course_5417,Design,59,4458,82.139946,Udemy,123.133736,3.7162845
5418,Course_5418,AI,43,822,63.971558,LinkedIn Learning,56.4837,3.2139354
5419,Course_5419,Technology,75,1766,74.983795,edX,179.36023,4.8698826
5421,Course_5421,Programming,51,1775,63.032642,Udemy,195.61943,4.7998643
5422,Course_5422,Office Tools,92,3571,87.83159,Udemy,148.13503,4.021677
5424,Course_5424,Finance,16,451,62.437977,Udemy,59.60894,4.087826
5426,Course_5426,Office Tools,41,1184,85.18378,edX,74.15656,3.120936
5427,Course_5427,Marketing,47,4125,54.222733,edX,76.06864,4.218943
5428,Course_5428,Marketing,80,966,99.15633,Udemy,28.513912,3.0695503
5429,Course_5429,Finance,71,1098,96.76223,edX,137.99384,4.2228065
5430,Course_5430,Technology,100,2992,75.673416,Udemy,47.38094,3.0553102
5431,Course_5431,Business,55,2662,89.03815,Udemy,43.891293,3.625305
5432,Course_5432,Technology,79,4075,69.73419,LinkedIn Learning,115.11623,3.8721144
5433,Course_5433,AI,93,3939,82.08083,edX,14.703002,4.3041205
5434,Course_5434,Design,36,1087,81.84172,edX,83.23504,4.667221
5436,Course_5436,Technology,52,1442,82.95031,LinkedIn Learning,122.715195,4.175872
5437,Course_5437,Technology,65,2448,95.341415,edX,176.41635,4.646608
5438,Course_5438,Data Science,65,1442,51.14843,edX,34.25881,4.061653
5439,Course_5439,Programming,89,2293,54.74448,LinkedIn Learning,155.07588,4.0266957
5440,Course_5440,Design,32,2067,84.15262,edX,24.910221,4.32298
5445,Course_5445,Finance,48,4386,72.55462,edX,61.938984,3.23527
5446,Course_5446,Data Science,17,2739,51.236076,edX,119.96998,3.8078818
5447,Course_5447,Finance,71,138,50.585556,LinkedIn Learning,63.299267,3.6958382
5448,Course_5448,Marketing,93,3966,54.668232,edX,39.091236,3.6882758
5450,Course_5450,Office Tools,24,4015,66.90093,Udemy,120.05178,3.4643428
5451,Course_5451,Data Science,94,194,90.22885,edX,171.18777,4.309309
5452,Course_5452,Technology,63,3323,77.71094,Udemy,156.4543,3.0575676
5454,Course_5454,Finance,55,3720,82.115776,edX,55.02558,4.4231987
5455,Course_5455,AI,45,3938,85.61819,LinkedIn Learning,91.52915,3.3761988
5456,Course_5456,Finance,73,2256,59.21036,edX,140.86751,3.6172032
5457,Course_5457,Programming,39,4129,87.79079,edX,39.846077,4.5947022
5458,Course_5458,AI,100,436,77.769875,LinkedIn Learning,67.15046,3.445646
5459,Course_5459,Data Science,60,335,91.50517,Udemy,120.43965,3.659752
5460,Course_5460,Office Tools,21,3066,79.32887,Udemy,58.65269,4.667974
5461,Course_5461,Technology,36,2951,66.422066,edX,196.17615,4.664052
5462,Course_5462,Business,77,1076,54.46256,LinkedIn Learning,178.22307,4.225803
5463,Course_5463,Office Tools,70,4599,78.58178,LinkedIn Learning,132.06529,4.9600596
5464,Course_5464,AI,59,1689,96.99631,edX,193.63112,3.2111819
5465,Course_5465,Office Tools,47,4478,71.56738,LinkedIn Learning,44.04328,4.2172937
5466,Course_5466,Technology,90,3562,89.55173,Udemy,86.0444,3.234605
5467,Course_5467,Business,44,3872,53.722965,Udemy,140.5164,3.1114717
5468,Course_5468,Design,15,4928,63.076946,LinkedIn Learning,38.92119,4.5556164
5469,Course_5469,Finance,67,4472,61.777927,Udemy,21.878891,3.5441637
5470,Course_5470,AI,77,2419,70.10586,Udemy,86.67139,3.8037748
5471,Course_5471,Programming,78,432,52.029377,edX,130.97647,4.266896
5473,Course_5473,Marketing,69,4580,82.12208,LinkedIn Learning,137.29803,3.0897918
5474,Course_5474,Programming,62,2294,90.355705,Udemy,170.79791,3.2510684
5475,Course_5475,Office Tools,82,4287,62.74137,edX,177.35599,3.9052837
5476,Course_5476,Office Tools,98,4605,50.458645,LinkedIn Learning,75.5864,4.051254
5477,Course_5477,Data Science,44,251,68.44105,edX,105.855736,3.0363512
5479,Course_5479,Technology,57,1503,98.23857,Udemy,57.611774,4.094923
5481,Course_5481,Design,42,2215,79.204346,edX,198.8945,4.083438
5483,Course_5483,Office Tools,41,3805,69.42716,edX,109.93544,4.377997
5484,Course_5484,Office Tools,80,4265,97.52568,Udemy,181.03604,4.2941318
5485,Course_5485,Marketing,24,3723,60.440945,Udemy,122.67272,4.757871
5486,Course_5486,Business,60,923,99.03627,edX,60.113083,3.772385
5487,Course_5487,Data Science,66,728,62.924053,edX,96.56685,3.030479
5488,Course_5488,Data Science,11,4101,75.77334,Udemy,104.77473,4.293019
5489,Course_5489,AI,72,3317,79.62191,Udemy,88.79127,3.7801764
5490,Course_5490,Design,92,2908,91.407906,Udemy,126.656075,3.6058116
5492,Course_5492,Technology,35,174,99.49888,Udemy,16.94911,4.0551386
5493,Course_5493,Data Science,79,2768,75.05465,Udemy,55.83802,3.962355
5494,Course_5494,Programming,49,4709,64.94903,edX,174.00342,4.2619753
5495,Course_5495,Technology,78,2526,97.12831,edX,178.58868,3.2870374
5496,Course_5496,AI,31,169,76.261185,LinkedIn Learning,41.605938,3.122182
5498,Course_5498,Office Tools,62,2855,63.85636,LinkedIn Learning,58.545856,4.2488174
5499,Course_5499,Data Science,36,907,74.72386,edX,109.509865,4.300274
5500,Course_5500,Technology,27,4889,61.139935,edX,89.98084,3.6773791
5501,Course_5501,Finance,37,4714,70.25106,edX,51.824993,3.6087458
5502,Course_5502,Finance,72,2855,62.731434,Udemy,65.29535,4.9435153
5503,Course_5503,Finance,95,383,79.2472,LinkedIn Learning,74.64773,3.542021
5504,Course_5504,Technology,18,3392,59.79109,edX,142.80531,3.263473
5506,Course_5506,Finance,17,2676,50.962257,Udemy,52.017727,4.8171897
5507,Course_5507,Data Science,28,929,68.37959,LinkedIn Learning,18.549465,4.044913
5508,Course_5508,Finance,75,3950,88.04858,Udemy,39.9822,3.647321
5509,Course_5509,Technology,23,1304,87.99247,LinkedIn Learning,58.792274,4.9714503
5510,Course_5510,AI,50,1507,91.21774,edX,75.56317,3.23323
5511,Course_5511,AI,54,1549,84.770226,edX,66.25372,3.7636416
5512,Course_5512,Finance,75,2838,69.39033,Udemy,34.494934,4.543011
5513,Course_5513,Marketing,11,4589,85.17131,Udemy,109.3205,4.648759
5514,Course_5514,Technology,83,1583,72.936356,edX,175.9767,3.3011777
5515,Course_5515,Data Science,82,4378,77.41554,Udemy,66.71148,4.568339
5517,Course_5517,Marketing,22,3995,71.509605,LinkedIn Learning,104.33832,4.411016
5518,Course_5518,Programming,67,4883,74.91625,LinkedIn Learning,140.88446,3.3499165
5521,Course_5521,Finance,48,3631,77.681076,LinkedIn Learning,193.44263,4.777918
5523,Course_5523,Office Tools,52,1636,68.41285,Udemy,112.92158,4.273432
5524,Course_5524,AI,78,4907,89.90351,Udemy,124.80176,4.056409
5525,Course_5525,Business,31,3731,55.31975,Udemy,92.37549,3.5505228
5526,Course_5526,Marketing,78,694,63.406494,edX,82.311615,3.6224082
5527,Course_5527,Technology,43,327,82.06686,Udemy,59.9467,4.2973166
5528,Course_5528,Finance,23,4189,85.81471,LinkedIn Learning,104.27974,4.135519
5529,Course_5529,Finance,88,1339,88.78829,Udemy,155.39993,3.8191216
5530,Course_5530,Marketing,83,3923,89.311134,LinkedIn Learning,78.791504,4.0155005
5531,Course_5531,Marketing,60,3845,87.66036,LinkedIn Learning,173.7014,4.233233
5532,Course_5532,Business,73,517,85.83984,LinkedIn Learning,135.46191,3.275105
5533,Course_5533,Programming,88,354,75.08031,LinkedIn Learning,123.21232,3.616169
5534,Course_5534,Business,12,3842,93.96793,edX,146.5433,4.0369477
5535,Course_5535,Data Science,10,364,56.79049,LinkedIn Learning,48.963028,4.295882
5536,Course_5536,Data Science,78,2700,54.707825,LinkedIn Learning,88.98032,4.7689967
5537,Course_5537,Data Science,54,2253,95.40703,Udemy,67.78282,4.051752
5538,Course_5538,Office Tools,22,856,60.943146,edX,108.28408,4.786597
5539,Course_5539,Marketing,65,1880,75.44561,Udemy,60.817444,3.0533528
5541,Course_5541,AI,91,3187,94.35277,Udemy,165.75665,4.59087
5543,Course_5543,Office Tools,62,4163,54.22767,Udemy,184.45488,4.483916
5545,Course_5545,AI,55,402,91.124084,edX,110.72823,3.4814787
5547,Course_5547,Office Tools,43,3697,99.85247,LinkedIn Learning,114.994514,4.633163
5548,Course_5548,Marketing,39,4415,62.00489,Udemy,199.43039,4.4514165
5549,Course_5549,AI,86,4612,85.06386,LinkedIn Learning,54.808495,4.666206
5550,Course_5550,Business,27,2571,71.386055,edX,68.435394,4.7211843
5553,Course_5553,Design,73,4249,79.68364,Udemy,129.5464,3.7885284
5555,Course_5555,Business,14,597,70.67351,LinkedIn Learning,144.47884,4.3514776
5556,Course_5556,Design,58,106,61.156906,Udemy,190.7267,4.8071404
5557,Course_5557,Data Science,83,194,61.911793,Udemy,126.37408,3.747768
5560,Course_5560,Finance,19,3333,80.195816,Udemy,119.97877,4.1489134
5561,Course_5561,Design,80,3120,84.7262,edX,142.37135,3.9388762
5563,Course_5563,Finance,65,3428,66.374084,Udemy,64.550255,3.421287
5565,Course_5565,Finance,39,4125,62.26555,edX,193.31816,3.6711636
5566,Course_5566,Technology,81,3033,97.86491,edX,43.105286,4.4589477
5567,Course_5567,Office Tools,27,4219,93.645584,LinkedIn Learning,199.09708,3.024466
5568,Course_5568,Data Science,82,4044,68.08591,Udemy,105.05027,3.7731802
5569,Course_5569,Programming,67,499,82.015015,edX,92.90016,3.5163794
5570,Course_5570,Office Tools,58,217,52.358894,LinkedIn Learning,134.51129,3.897284
5571,Course_5571,Business,39,4819,72.58131,Udemy,191.6919,4.446723
5573,Course_5573,Marketing,84,303,56.58625,LinkedIn Learning,15.263207,3.4094276
5574,Course_5574,Office Tools,98,2483,53.37415,Udemy,110.65306,4.6629233
5576,Course_5576,AI,22,3902,50.64943,LinkedIn Learning,66.76067,4.7403617
5577,Course_5577,Technology,89,3909,79.69081,LinkedIn Learning,123.529625,4.221855
5578,Course_5578,Technology,87,1971,66.19416,LinkedIn Learning,65.37636,3.1854339
5579,Course_5579,AI,55,536,91.7233,Udemy,183.07071,4.139909
5580,Course_5580,Programming,73,3068,57.019176,LinkedIn Learning,46.55314,4.1274376
5581,Course_5581,Business,62,1999,64.432816,Udemy,78.983025,4.5094295
5582,Course_5582,Technology,89,1781,61.87814,Udemy,113.45133,3.0380106
5583,Course_5583,Technology,34,194,55.54103,LinkedIn Learning,131.48439,4.629141
5584,Course_5584,Programming,68,2854,88.63744,LinkedIn Learning,50.23629,4.921084
5585,Course_5585,Business,59,120,76.820885,Udemy,64.75811,4.7100525
5586,Course_5586,Marketing,51,134,53.30913,edX,99.49801,4.4806724
5587,Course_5587,Business,10,3781,62.75811,Udemy,123.36184,4.12695
5588,Course_5588,Marketing,12,4007,75.43299,LinkedIn Learning,24.864048,3.4569614
5589,Course_5589,Marketing,61,4395,62.414696,edX,80.49401,3.545099
5590,Course_5590,Office Tools,71,3551,69.71415,LinkedIn Learning,96.44923,4.7151294
5591,Course_5591,Design,16,2673,72.37323,Udemy,18.358608,3.8282592
5592,Course_5592,Business,71,1908,98.23742,edX,108.994,4.7614994
5593,Course_5593,AI,32,4777,75.657875,LinkedIn Learning,96.85689,4.5190077
5595,Course_5595,Data Science,13,1935,55.16246,LinkedIn Learning,71.7826,3.359465
5596,Course_5596,Design,52,2217,71.12723,Udemy,104.904945,3.710871
5597,Course_5597,Business,75,959,72.20181,LinkedIn Learning,176.1097,3.8515072
5598,Course_5598,Data Science,73,4884,91.301125,LinkedIn Learning,100.24723,4.648183
5600,Course_5600,Business,47,102,54.509083,edX,159.50648,4.5728555
5601,Course_5601,Technology,47,3039,70.111176,LinkedIn Learning,72.38626,4.449185
5602,Course_5602,Programming,90,646,95.03121,edX,57.643284,4.398565
5604,Course_5604,Data Science,68,1783,98.96441,Udemy,198.8571,4.940789
5605,Course_5605,Marketing,16,4995,81.26519,LinkedIn Learning,92.80814,3.6595097
5607,Course_5607,Design,100,278,80.38107,Udemy,56.38618,4.615463
5608,Course_5608,Office Tools,41,2819,95.53854,edX,43.637978,4.802959
5611,Course_5611,Business,20,2876,61.702297,Udemy,142.10637,4.823026
5612,Course_5612,Business,85,4752,60.30605,Udemy,113.462524,3.5240526
5613,Course_5613,Marketing,79,535,50.383522,Udemy,144.15437,3.8455105
5614,Course_5614,Finance,81,4324,99.635544,LinkedIn Learning,195.81596,3.5803354
5618,Course_5618,Programming,56,666,98.4781,Udemy,193.8505,4.7633967
5619,Course_5619,Business,99,4424,58.00387,edX,133.20644,3.9147384
5620,Course_5620,Data Science,19,1805,91.344604,Udemy,155.17783,4.3579316
5622,Course_5622,Business,40,3992,95.85979,edX,32.682896,4.289294
5623,Course_5623,Data Science,68,1573,98.07902,Udemy,55.100887,4.3493047
5625,Course_5625,Office Tools,96,3654,99.59084,LinkedIn Learning,140.9949,3.0812168
5628,Course_5628,Technology,90,133,69.96064,edX,29.758163,3.0228138
5629,Course_5629,Programming,93,339,59.64975,Udemy,55.09657,4.917469
5630,Course_5630,Finance,93,1023,61.79897,edX,184.57408,3.7858477
5631,Course_5631,AI,91,3234,89.22054,Udemy,187.17014,4.1959114
5633,Course_5633,Programming,32,2309,51.55135,Udemy,132.99956,4.66859
5634,Course_5634,AI,74,1308,59.32522,Udemy,76.59877,3.0236585
5635,Course_5635,Office Tools,55,4045,54.94974,edX,119.11592,4.043784
5639,Course_5639,Data Science,87,2725,96.39927,Udemy,73.19562,4.1402545
5640,Course_5640,Business,91,973,98.08075,LinkedIn Learning,61.952984,4.3180456
5641,Course_5641,Technology,79,1839,75.36839,edX,13.666661,4.217091
5642,Course_5642,Technology,25,4088,99.00998,Udemy,178.72421,3.0954208
5643,Course_5643,Business,83,4732,92.82581,LinkedIn Learning,15.087302,4.1175313
5644,Course_5644,Programming,89,2752,83.24859,edX,177.08763,3.489288
5645,Course_5645,Data Science,80,1228,73.70984,Udemy,102.26937,4.743585
5646,Course_5646,Technology,97,3264,71.71869,LinkedIn Learning,100.39151,3.330431
5647,Course_5647,Programming,88,4429,54.600525,Udemy,183.61879,3.5980384
5648,Course_5648,Programming,71,3680,83.188095,Udemy,35.86683,3.448943
5649,Course_5649,Finance,34,4277,61.319225,LinkedIn Learning,60.196606,3.0713363
5650,Course_5650,Business,77,4288,55.079517,Udemy,20.28772,4.1851916
5653,Course_5653,Data Science,61,494,78.052605,edX,189.11,3.294676
5655,Course_5655,Marketing,38,2847,61.265396,Udemy,39.950108,4.5770993
5656,Course_5656,Marketing,94,3653,55.561245,edX,89.43376,3.2270982
5658,Course_5658,AI,25,3509,53.874916,LinkedIn Learning,38.279045,3.6716094
5660,Course_5660,Programming,86,4668,77.26134,LinkedIn Learning,158.80688,4.129104
5661,Course_5661,Business,54,1028,86.44133,edX,114.55768,4.2391396
5662,Course_5662,Programming,73,1411,66.780624,edX,49.77038,3.5241745
5663,Course_5663,Finance,15,4398,95.00981,Udemy,117.23855,4.5060506
5667,Course_5667,Finance,43,3018,69.70792,LinkedIn Learning,112.82706,3.638434
5668,Course_5668,Programming,35,844,90.77377,edX,61.54239,3.6389246
5669,Course_5669,Technology,49,3163,58.01787,Udemy,32.143375,4.881174
5670,Course_5670,Business,53,2414,98.1027,LinkedIn Learning,78.99859,3.27736
5671,Course_5671,Data Science,81,3211,95.66775,Udemy,125.036995,4.589564
5672,Course_5672,Office Tools,65,1753,50.785957,LinkedIn Learning,116.96257,4.60804
5673,Course_5673,Marketing,96,3415,58.78428,edX,154.46146,3.8057845
5674,Course_5674,Data Science,42,1966,66.419914,Udemy,91.36522,3.539829
5675,Course_5675,Business,22,3298,81.80123,edX,146.6463,4.810007
5676,Course_5676,Data Science,28,3665,61.476242,Udemy,170.0667,4.7328725
5677,Course_5677,Technology,58,2805,76.036026,edX,126.37999,3.629703
5678,Course_5678,Data Science,96,3044,85.342766,LinkedIn Learning,120.9247,4.320345
5679,Course_5679,Office Tools,46,4271,64.52636,Udemy,75.51304,3.7449849
5680,Course_5680,Marketing,99,1131,53.875854,Udemy,48.186047,4.4685965
5681,Course_5681,AI,46,4600,54.077194,Udemy,85.945305,4.589714
5685,Course_5685,Business,93,2571,51.17426,Udemy,158.39096,4.2749825
5687,Course_5687,Marketing,67,460,74.01277,edX,174.87712,4.392454
5688,Course_5688,Business,76,971,70.57377,edX,183.37598,4.641116
5689,Course_5689,Design,75,4712,69.5833,LinkedIn Learning,50.30104,3.429007
5694,Course_5694,Design,50,1483,95.426605,edX,44.43768,4.691786
5697,Course_5697,AI,62,2769,97.80836,Udemy,137.82788,4.110951
5698,Course_5698,Programming,73,874,52.525146,LinkedIn Learning,166.62834,3.1820302
5702,Course_5702,Design,32,2413,59.256145,edX,89.09518,3.410409
5703,Course_5703,Finance,23,4547,78.122,Udemy,53.12441,3.5113897
5704,Course_5704,Data Science,13,2877,76.61686,LinkedIn Learning,131.73265,4.2622437
5705,Course_5705,Business,15,4369,99.293465,LinkedIn Learning,86.12129,3.5360928
5706,Course_5706,Programming,37,2105,53.115784,LinkedIn Learning,123.46473,3.4521003
5707,Course_5707,Data Science,18,1035,55.568146,edX,164.11284,4.832125
5709,Course_5709,Programming,64,4034,53.650364,LinkedIn Learning,103.54384,4.6809154
5710,Course_5710,AI,31,1021,53.356297,Udemy,161.42917,4.6496744
5712,Course_5712,Technology,90,3493,74.012535,Udemy,170.85591,3.2598915
5713,Course_5713,Design,57,1718,52.17127,LinkedIn Learning,158.3673,4.4529996
5714,Course_5714,Design,37,3228,91.833824,edX,115.70854,4.9948645
5715,Course_5715,AI,27,283,97.70588,LinkedIn Learning,65.393974,4.5370083
5717,Course_5717,AI,53,4383,66.31166,Udemy,147.72229,4.25077
5718,Course_5718,Finance,68,802,54.37672,edX,114.31305,4.4264417
5719,Course_5719,Marketing,35,3104,72.01572,Udemy,196.58464,3.5309203
5720,Course_5720,Technology,41,4507,59.859524,Udemy,44.322773,4.522883
5721,Course_5721,AI,83,3948,94.4092,edX,40.241352,3.3365562
5722,Course_5722,Office Tools,78,3263,91.040886,Udemy,68.22546,4.759375
5724,Course_5724,Technology,96,2194,82.476295,LinkedIn Learning,16.676924,4.8217444
5726,Course_5726,AI,76,4442,67.097015,LinkedIn Learning,29.295803,3.1772227
5727,Course_5727,Design,97,1056,80.30111,Udemy,181.20909,4.4387174
5728,Course_5728,Business,40,4508,58.51346,edX,44.215836,4.16731
5729,Course_5729,Office Tools,98,3115,88.27545,edX,195.35936,4.9503107
5730,Course_5730,Programming,29,4581,79.827675,LinkedIn Learning,137.73477,4.3883114
5732,Course_5732,Business,24,804,89.44314,Udemy,192.64207,3.636442
5733,Course_5733,Technology,11,1677,82.715775,LinkedIn Learning,48.79699,3.6572628
5736,Course_5736,AI,37,3770,81.47677,Udemy,22.6032,4.856526
5738,Course_5738,AI,30,861,76.296104,edX,28.335152,4.423306
5740,Course_5740,Technology,22,3330,50.71331,Udemy,144.42021,4.7196474
5743,Course_5743,Finance,16,2087,61.12022,Udemy,167.28369,3.0181518
5744,Course_5744,Business,68,2708,51.063953,edX,69.39536,4.4027843
5745,Course_5745,AI,89,4712,67.29694,LinkedIn Learning,127.82933,3.9140272
5746,Course_5746,AI,55,649,62.84816,Udemy,166.04092,4.4672933
5747,Course_5747,Finance,73,4432,62.770668,LinkedIn Learning,64.021324,4.760766
5748,Course_5748,Marketing,44,4217,75.97478,edX,145.35284,4.8062615
5749,Course_5749,Office Tools,86,2833,96.320045,Udemy,173.01245,3.076188
5750,Course_5750,AI,17,4537,74.56893,LinkedIn Learning,26.075459,4.4187813
5751,Course_5751,Marketing,63,1822,84.18428,edX,133.18745,4.360189
5753,Course_5753,Office Tools,53,674,65.60536,LinkedIn Learning,123.29478,3.4021554
5754,Course_5754,Business,96,493,53.905537,Udemy,102.31525,3.7205656
5755,Course_5755,Finance,11,3297,74.11493,LinkedIn Learning,175.7285,3.650405
5757,Course_5757,Programming,61,4110,75.48653,edX,146.89676,3.7975798
5758,Course_5758,Finance,46,2102,76.57536,LinkedIn Learning,78.065414,3.3104208
5759,Course_5759,Office Tools,75,4569,52.432495,Udemy,31.518682,3.6804018
5760,Course_5760,Marketing,88,1829,76.04435,edX,189.30453,4.2782884
5761,Course_5761,Design,70,869,53.788406,LinkedIn Learning,18.79437,3.2433362
5762,Course_5762,Technology,32,3360,94.37978,LinkedIn Learning,69.45017,3.1174088
5763,Course_5763,Marketing,48,4678,82.60399,edX,121.81746,4.8916383
5764,Course_5764,Marketing,13,2981,51.44875,LinkedIn Learning,64.99389,3.951072
5765,Course_5765,Marketing,99,1214,76.67998,Udemy,37.3404,4.1062617
5766,Course_5766,Design,26,4192,93.637314,edX,168.21213,3.4056973
5767,Course_5767,Programming,66,2868,66.543564,LinkedIn Learning,168.41289,3.339621
5768,Course_5768,Business,23,3735,84.619896,Udemy,133.01424,4.073672
5769,Course_5769,Business,38,3081,76.50681,edX,67.007996,3.3412397
5770,Course_5770,AI,99,4829,73.384514,LinkedIn Learning,92.801346,3.582593
5771,Course_5771,Business,66,4976,50.3089,LinkedIn Learning,144.75357,3.926407
5773,Course_5773,Finance,35,3609,75.00558,edX,172.53117,4.3055887
5776,Course_5776,Finance,90,3904,76.75364,LinkedIn Learning,152.8758,4.443198
5777,Course_5777,Business,53,2953,78.950165,Udemy,198.51013,3.199253
5780,Course_5780,Business,36,835,92.27177,LinkedIn Learning,159.70163,4.008188
5781,Course_5781,Office Tools,84,4478,89.963844,Udemy,126.08631,3.245486
5782,Course_5782,Programming,16,3699,91.11062,LinkedIn Learning,198.36067,3.7016134
5783,Course_5783,Finance,43,2508,72.84253,Udemy,150.73143,3.3550708
5784,Course_5784,Design,89,3109,54.66229,edX,166.3445,3.9162626
5785,Course_5785,Technology,58,4885,72.084,LinkedIn Learning,97.97831,3.866146
5787,Course_5787,AI,48,3647,73.32039,edX,73.75903,4.802797
5788,Course_5788,Finance,40,3535,97.373726,edX,54.62209,4.432414
5789,Course_5789,Design,45,4688,96.65821,Udemy,23.50148,4.257937
5790,Course_5790,Design,55,3851,99.28315,Udemy,70.55719,3.8428206
5791,Course_5791,Technology,67,284,82.53936,edX,66.32184,3.1067722
5792,Course_5792,Data Science,56,4017,51.47179,LinkedIn Learning,91.795715,4.86147
5793,Course_5793,Design,63,4105,91.90486,LinkedIn Learning,166.59714,4.2993827
5795,Course_5795,AI,65,4110,79.83453,LinkedIn Learning,51.122616,4.994733
5796,Course_5796,Finance,22,1612,51.023514,edX,17.344479,3.473882
5797,Course_5797,Technology,20,3846,54.154488,LinkedIn Learning,194.41632,4.4223413
5798,Course_5798,AI,92,3561,72.12507,Udemy,179.76244,3.9651475
5799,Course_5799,Business,90,4618,62.148613,edX,39.7329,4.31752
5801,Course_5801,Office Tools,11,1025,50.752636,edX,162.87254,4.6575236
5803,Course_5803,Business,70,1975,73.136185,Udemy,13.86871,4.1507707
5805,Course_5805,Programming,91,1992,81.92424,edX,38.390198,4.172523
5806,Course_5806,Marketing,72,2108,96.01944,LinkedIn Learning,177.8694,3.099092
5807,Course_5807,Office Tools,51,957,69.25646,LinkedIn Learning,178.59462,3.4078796
5808,Course_5808,Data Science,71,3185,88.63361,LinkedIn Learning,169.88898,3.7962744
5810,Course_5810,Marketing,95,1376,65.40589,Udemy,60.270145,3.0490458
5811,Course_5811,Office Tools,69,2554,66.7344,Udemy,28.207945,3.3782194
5812,Course_5812,Business,14,729,90.94412,Udemy,196.52922,4.9496875
5813,Course_5813,Technology,14,1861,54.833187,edX,46.967403,3.1767452
5814,Course_5814,Office Tools,70,2781,58.690395,edX,192.62419,4.615307
5818,Course_5818,Office Tools,20,3458,65.79025,Udemy,77.89805,3.3507817
5819,Course_5819,Technology,77,3098,55.250313,Udemy,17.202194,3.092084
5820,Course_5820,Design,85,4065,87.57361,Udemy,42.793415,4.448044
5822,Course_5822,Design,29,171,53.97272,Udemy,127.49742,4.4385643
5823,Course_5823,Programming,20,1877,75.19501,Udemy,86.4852,4.831961
5824,Course_5824,Programming,83,456,64.76356,Udemy,85.577805,4.29854
5825,Course_5825,Finance,88,2868,64.83852,LinkedIn Learning,63.978176,3.1056297
5828,Course_5828,Business,80,1304,66.8962,Udemy,30.46262,4.846204
5830,Course_5830,Business,47,3376,82.25365,Udemy,40.2214,4.180445
5831,Course_5831,Programming,97,328,74.85663,Udemy,188.9272,3.263932
5834,Course_5834,AI,99,2299,98.000984,Udemy,121.04559,3.7638774
5835,Course_5835,Business,29,194,55.724693,Udemy,71.14286,3.180995
5836,Course_5836,Design,74,3016,69.006775,edX,132.20268,4.283398
5837,Course_5837,Design,61,355,58.38435,edX,116.947716,4.167836
5838,Course_5838,Technology,71,2628,78.07268,Udemy,30.555593,4.2191296
5839,Course_5839,Business,55,4249,90.53017,edX,137.37276,4.8465962
5840,Course_5840,Office Tools,87,4050,64.72674,LinkedIn Learning,84.28039,3.2237124
5842,Course_5842,Programming,93,2068,71.36307,LinkedIn Learning,165.33456,3.8278909
5843,Course_5843,Programming,26,1778,70.92333,LinkedIn Learning,195.21284,3.3518696
5844,Course_5844,Data Science,67,2257,79.72794,Udemy,134.96504,4.82436
5846,Course_5846,Marketing,68,4076,55.94946,Udemy,179.28427,3.5472836
5847,Course_5847,AI,32,4783,77.258095,LinkedIn Learning,75.75474,3.8459914
5848,Course_5848,Programming,72,4378,69.09755,Udemy,10.514776,3.962791
5849,Course_5849,Business,32,3133,62.521294,edX,123.2451,3.791025
5850,Course_5850,Technology,57,1354,86.49856,LinkedIn Learning,75.15341,3.4334025
5851,Course_5851,Design,50,4639,90.52164,edX,160.26033,4.524348
5852,Course_5852,Office Tools,96,4414,93.826485,Udemy,35.981617,4.3880982
5853,Course_5853,Data Science,92,4554,85.85898,LinkedIn Learning,195.83792,3.7526274
5854,Course_5854,AI,66,949,89.514725,edX,47.40038,3.8285432
5855,Course_5855,Finance,24,2090,73.7691,edX,182.98373,4.306603
5856,Course_5856,Finance,77,2359,64.92283,Udemy,145.24406,4.9700212
5857,Course_5857,Office Tools,76,309,89.817444,edX,140.83617,4.7814846
5858,Course_5858,AI,33,1270,54.32438,edX,108.63007,4.677968
5859,Course_5859,Business,92,3065,84.07029,LinkedIn Learning,45.64522,4.268711
5861,Course_5861,Data Science,68,890,90.71652,LinkedIn Learning,40.049763,3.5548217
5862,Course_5862,Data Science,39,864,75.0612,Udemy,192.44905,4.6795435
5864,Course_5864,Technology,32,3754,64.01341,LinkedIn Learning,122.00425,3.461443
5866,Course_5866,Office Tools,11,4960,97.08487,edX,183.86656,3.388538
5869,Course_5869,Marketing,79,2553,82.89633,edX,116.74638,4.5586295
5870,Course_5870,Office Tools,15,4829,85.64905,LinkedIn Learning,76.11475,4.378079
5871,Course_5871,Technology,83,711,91.54369,edX,144.16998,3.1031046
5874,Course_5874,Programming,70,3013,60.696484,edX,192.18706,3.1262467
5875,Course_5875,Business,51,842,76.27782,edX,63.35896,3.6790044
5876,Course_5876,Marketing,64,3476,58.479332,Udemy,110.77641,4.8389688
5877,Course_5877,Marketing,81,568,54.813972,LinkedIn Learning,159.51135,4.4843388
5878,Course_5878,Design,58,3993,51.660603,Udemy,72.63563,3.380613
5879,Course_5879,Technology,75,1443,93.97854,edX,80.52075,3.7240593
5880,Course_5880,Finance,22,3858,66.460434,edX,105.64567,3.6867688
5881,Course_5881,Data Science,20,413,69.61789,edX,134.71227,3.8982882
5882,Course_5882,Programming,27,2448,98.154015,edX,188.2472,3.2029922
5883,Course_5883,Data Science,79,1004,73.66164,edX,88.3381,4.242697
5884,Course_5884,Business,30,4006,52.172203,LinkedIn Learning,131.26524,4.6520123
5885,Course_5885,Finance,92,1110,67.07232,LinkedIn Learning,33.456074,4.779656
5886,Course_5886,Marketing,11,1309,54.59952,edX,95.53857,4.6403046
5887,Course_5887,Technology,91,972,64.51564,LinkedIn Learning,98.94805,4.6753244
5890,Course_5890,Programming,31,2488,70.9184,edX,96.680466,4.193165
5891,Course_5891,AI,48,1830,82.99386,LinkedIn Learning,17.00063,3.4825237
5892,Course_5892,Office Tools,12,4056,95.82524,Udemy,39.73851,4.7950788
5895,Course_5895,AI,36,4169,63.41943,Udemy,61.402435,3.745226
5896,Course_5896,Design,78,2715,98.60128,LinkedIn Learning,196.89073,4.30428
5897,Course_5897,Design,24,417,81.322495,edX,151.3178,4.3530602
5898,Course_5898,Marketing,50,1035,79.04086,LinkedIn Learning,161.33655,4.663824
5900,Course_5900,AI,28,890,56.55182,LinkedIn Learning,21.942516,3.8847103
5901,Course_5901,Design,56,2543,77.66592,Udemy,125.34593,3.5792484
5902,Course_5902,Office Tools,11,4424,54.99958,LinkedIn Learning,164.10445,3.6597445
5903,Course_5903,AI,89,3324,97.8342,LinkedIn Learning,133.43005,3.9077892
5904,Course_5904,AI,86,3013,89.38895,LinkedIn Learning,189.69658,4.740773
5905,Course_5905,Business,11,2465,86.11772,edX,56.259266,3.0461075
5907,Course_5907,Finance,67,2927,93.7662,LinkedIn Learning,14.102965,4.947579
5908,Course_5908,Technology,59,2927,58.487988,edX,75.142845,3.0167303
5909,Course_5909,Programming,81,4050,59.12573,edX,14.838221,4.839332
5910,Course_5910,Business,64,339,54.28645,Udemy,167.00137,4.3817105
5911,Course_5911,Business,46,399,84.18481,LinkedIn Learning,104.12156,3.7403867
5912,Course_5912,Design,55,1103,60.478592,Udemy,73.24145,4.8345394
5913,Course_5913,Marketing,50,1307,77.13035,Udemy,184.4936,3.8931606
5915,Course_5915,Office Tools,43,3171,50.204792,LinkedIn Learning,73.73849,3.1544795
5916,Course_5916,Business,75,2639,81.76583,Udemy,23.456717,4.220244
5917,Course_5917,Programming,71,1731,60.85035,edX,91.87415,4.2908826
5918,Course_5918,Marketing,49,3792,86.189964,LinkedIn Learning,168.4557,3.9097738
5919,Course_5919,Technology,70,304,65.29546,edX,146.47241,3.8779628
5921,Course_5921,Technology,79,3469,56.789505,LinkedIn Learning,112.6429,4.0610285
5922,Course_5922,Data Science,66,1542,65.16837,edX,111.85959,4.6098795
5923,Course_5923,Finance,55,3902,77.37429,edX,192.72275,3.3391366
5925,Course_5925,Data Science,65,2962,50.725937,Udemy,125.498985,3.982811
5926,Course_5926,Marketing,73,2839,62.546455,edX,195.78845,4.7236915
5927,Course_5927,Technology,47,2090,94.01102,LinkedIn Learning,82.24943,3.5464718
5928,Course_5928,Design,79,1930,89.17382,Udemy,153.92488,4.917039
5929,Course_5929,Programming,13,2151,74.12479,Udemy,63.69983,3.2975507
5931,Course_5931,Office Tools,96,824,72.497604,Udemy,84.117744,4.0139694
5932,Course_5932,Finance,28,2073,70.80982,LinkedIn Learning,109.60714,4.4515004
5933,Course_5933,Office Tools,73,937,51.255814,edX,80.36399,4.7601075
5934,Course_5934,Marketing,51,1845,68.13105,edX,31.778887,4.107237
5935,Course_5935,Design,29,1061,69.78034,Udemy,72.68827,3.7357976
5936,Course_5936,Business,15,1973,97.28633,edX,17.070475,3.4828787
5937,Course_5937,Business,59,1286,89.15659,Udemy,179.90916,4.4895945
5938,Course_5938,Business,78,2057,96.70859,LinkedIn Learning,12.663006,4.2080054
5939,Course_5939,Data Science,13,4648,73.871635,LinkedIn Learning,37.56942,3.8013475
5940,Course_5940,Technology,90,2073,76.997406,LinkedIn Learning,110.54558,3.279336
5941,Course_5941,Finance,64,2033,65.046585,edX,183.77849,3.8550014
5943,Course_5943,Business,100,3959,52.809776,edX,30.394197,3.1950998
5944,Course_5944,Data Science,59,508,55.245632,edX,147.59874,4.0840893
5945,Course_5945,Technology,10,1654,76.22219,Udemy,141.88318,3.9520674
5946,Course_5946,Programming,45,1916,83.678215,edX,169.0851,3.1099567
5947,Course_5947,Office Tools,32,4413,65.99109,LinkedIn Learning,187.85796,4.1602626
5948,Course_5948,Design,26,452,87.04538,edX,113.27706,4.1736736
5949,Course_5949,Marketing,83,816,74.01731,LinkedIn Learning,50.51247,4.88758
5950,Course_5950,Programming,33,1520,74.30514,Udemy,61.329918,4.361903
5951,Course_5951,Business,95,4049,87.72054,LinkedIn Learning,92.80815,4.622212
5952,Course_5952,Programming,57,2836,84.35683,Udemy,110.9975,3.5952733
5953,Course_5953,AI,79,4275,56.039833,LinkedIn Learning,26.478628,3.885368
5954,Course_5954,Technology,23,1541,75.650505,LinkedIn Learning,162.84554,3.838796
5955,Course_5955,Marketing,83,3030,70.616776,Udemy,142.69566,3.6406798
5956,Course_5956,Programming,48,4916,60.886322,Udemy,42.67202,4.973594
5957,Course_5957,Business,43,2033,70.826225,LinkedIn Learning,180.98541,3.799048
5959,Course_5959,Finance,43,1394,50.75343,edX,21.849365,3.09691
5960,Course_5960,Data Science,98,4911,60.58473,edX,134.46475,4.290669
5961,Course_5961,Finance,52,3816,60.279816,LinkedIn Learning,110.936844,3.6333473
5962,Course_5962,Marketing,57,393,72.536674,LinkedIn Learning,159.96199,4.436097
5963,Course_5963,Programming,70,1684,98.482414,Udemy,114.130394,3.3802235
5965,Course_5965,Marketing,34,3214,50.47685,edX,118.25092,3.006008
5966,Course_5966,Business,80,1993,70.92431,LinkedIn Learning,98.76817,3.0008254
5967,Course_5967,Marketing,16,1102,80.80708,Udemy,157.02133,4.97265
5968,Course_5968,Marketing,94,4907,57.9965,LinkedIn Learning,26.229162,4.193576
5969,Course_5969,Business,89,1977,85.818695,Udemy,148.07428,4.219836
5970,Course_5970,Office Tools,73,4661,62.04171,edX,67.6144,4.055588
5973,Course_5973,Technology,79,2794,78.42873,LinkedIn Learning,20.67374,4.2089295
5974,Course_5974,AI,28,644,77.79131,LinkedIn Learning,30.59515,3.304078
5975,Course_5975,Technology,87,4690,91.18215,edX,64.200836,3.0226538
5976,Course_5976,Business,47,1346,91.6353,Udemy,40.71863,4.0045667
5977,Course_5977,Marketing,96,397,94.820656,Udemy,130.19514,4.3259573
5978,Course_5978,Office Tools,53,525,52.353386,edX,125.78479,3.4844093
5979,Course_5979,Programming,37,350,81.06744,Udemy,148.84618,4.3365073
5980,Course_5980,Finance,33,568,85.50962,edX,33.78574,3.8853471
5981,Course_5981,AI,11,1305,76.730225,LinkedIn Learning,21.689728,3.9032757
5982,Course_5982,Programming,22,1931,92.398224,Udemy,120.290115,3.3265412
5983,Course_5983,Business,38,273,86.918945,LinkedIn Learning,82.3371,3.5379562
5985,Course_5985,Design,86,2477,60.39892,edX,179.60992,3.9859889
5987,Course_5987,AI,49,3283,66.40374,edX,134.50919,3.3032634
5988,Course_5988,Business,58,4697,69.28811,Udemy,46.124546,3.8047466
5989,Course_5989,AI,45,3000,89.939896,edX,58.81924,4.1630282
5990,Course_5990,Business,95,701,83.27682,LinkedIn Learning,131.71059,3.7153664
5991,Course_5991,Office Tools,78,2963,50.096046,LinkedIn Learning,50.03448,3.3680763
5992,Course_5992,Programming,85,1277,93.46315,Udemy,142.05942,3.7880292
5993,Course_5993,Finance,17,4107,83.66513,Udemy,183.47221,4.1964207
5994,Course_5994,AI,99,3058,74.688324,Udemy,101.99357,3.709645
5996,Course_5996,Finance,94,4287,99.416695,edX,175.73134,4.189574
6001,Course_6001,Marketing,28,2419,56.89495,edX,108.59862,3.4166498
6003,Course_6003,Finance,69,2669,78.63444,LinkedIn Learning,73.582565,4.3422575
6006,Course_6006,AI,53,616,79.14589,LinkedIn Learning,119.85277,3.8614602
6007,Course_6007,Office Tools,35,777,74.69248,edX,134.35686,4.6724863
6008,Course_6008,Finance,16,2152,96.390884,LinkedIn Learning,121.531425,4.720419
6009,Course_6009,Business,85,2586,58.77194,LinkedIn Learning,24.53459,4.592383
6010,Course_6010,Finance,86,3517,73.14094,LinkedIn Learning,166.11397,4.490596
6012,Course_6012,Data Science,39,4544,75.47781,edX,149.91093,4.6372313
6014,Course_6014,Design,12,3322,92.514465,edX,90.44864,3.2078555
6016,Course_6016,Office Tools,86,2754,71.81082,LinkedIn Learning,132.99352,3.6803608
6017,Course_6017,Marketing,25,861,72.98039,Udemy,177.1566,4.884355
6018,Course_6018,Business,13,1071,55.45162,edX,97.150475,3.4354832
6019,Course_6019,AI,65,4069,96.85555,edX,193.8847,3.045143
6021,Course_6021,Design,98,236,87.84489,edX,109.23723,4.7681193
6022,Course_6022,Data Science,98,1164,50.531254,Udemy,174.72064,4.2079396
6023,Course_6023,Finance,60,1353,79.17833,LinkedIn Learning,112.526115,4.301711
6024,Course_6024,Technology,68,4159,72.24433,Udemy,76.846375,4.208713
6025,Course_6025,AI,58,1816,69.69556,Udemy,119.87314,4.0656343
6027,Course_6027,Office Tools,46,2728,84.64914,edX,41.301342,3.4109485
6028,Course_6028,Design,77,275,82.08448,Udemy,61.1608,3.3973296
6031,Course_6031,Marketing,65,3347,69.820595,edX,194.25586,4.0790663
6033,Course_6033,AI,89,1207,82.77732,Udemy,121.72018,3.6558104
6034,Course_6034,Finance,61,367,54.364017,LinkedIn Learning,150.81084,3.1309319
6035,Course_6035,Marketing,53,1387,67.26643,LinkedIn Learning,119.057076,3.904658
6037,Course_6037,Design,64,4590,87.212425,Udemy,41.84936,4.0900383
6038,Course_6038,Data Science,51,2636,65.38748,Udemy,171.11568,4.36105
6040,Course_6040,Finance,95,1831,82.21919,LinkedIn Learning,169.88348,3.9048855
6041,Course_6041,AI,20,1399,71.87543,Udemy,128.60709,3.5369315
6042,Course_6042,Technology,57,2717,69.45088,Udemy,179.40913,4.575101
6043,Course_6043,Data Science,56,2893,63.12426,Udemy,34.286987,3.836639
6047,Course_6047,Marketing,38,1311,82.27356,edX,51.065533,4.8387356
6049,Course_6049,AI,37,1936,65.77626,edX,121.748245,3.9388273
6050,Course_6050,Technology,29,926,83.91452,Udemy,31.777697,3.576954
6053,Course_6053,Technology,40,1837,54.086323,LinkedIn Learning,77.36454,4.9576225
6054,Course_6054,Office Tools,93,689,97.037735,edX,175.94795,3.9992068
6056,Course_6056,Programming,72,2372,69.91027,LinkedIn Learning,63.645046,4.6917663
6057,Course_6057,AI,72,4074,62.109547,Udemy,190.13683,4.982638
6058,Course_6058,Business,46,748,62.5893,LinkedIn Learning,116.547104,4.2845035
6059,Course_6059,Data Science,45,2949,90.926636,edX,100.72633,4.433999
6061,Course_6061,Finance,43,760,60.697697,LinkedIn Learning,52.28184,4.3612704
6062,Course_6062,AI,37,1838,91.42167,Udemy,93.895645,4.6921563
6063,Course_6063,Business,57,2854,87.73141,edX,13.749202,3.615665
6065,Course_6065,Design,62,3436,92.34079,Udemy,112.014015,3.7079237
6066,Course_6066,Data Science,45,818,69.915695,LinkedIn Learning,98.266136,4.686145
6068,Course_6068,AI,26,3471,62.56511,edX,108.665665,3.3404074
6069,Course_6069,Data Science,70,809,62.36372,edX,21.1043,3.3875556
6070,Course_6070,Business,75,4961,90.117195,edX,63.72198,3.5552087
6071,Course_6071,Design,42,1773,86.70955,edX,21.449875,3.6925564
6072,Course_6072,Marketing,91,2825,92.48547,LinkedIn Learning,150.19754,3.5271258
6073,Course_6073,Technology,85,3893,66.53751,Udemy,68.758545,3.1502793
6074,Course_6074,Design,35,4607,85.803856,edX,39.413456,4.1780047
6075,Course_6075,Technology,32,292,54.734314,LinkedIn Learning,68.937096,4.476276
6076,Course_6076,Design,14,2075,79.64619,edX,111.316345,4.065819
6077,Course_6077,AI,38,432,64.005264,Udemy,90.09495,4.3570795
6078,Course_6078,Programming,28,1917,70.163666,edX,31.254185,4.185557
6079,Course_6079,Design,10,3561,79.71861,LinkedIn Learning,32.68098,4.67502
6080,Course_6080,Technology,33,2645,86.96677,Udemy,192.02875,3.8489535
6082,Course_6082,Technology,52,637,51.230274,LinkedIn Learning,199.60214,3.4167576
6083,Course_6083,Marketing,47,1430,65.79577,edX,199.38705,4.0638504
6085,Course_6085,Finance,68,3670,65.92948,edX,117.975044,3.4047554
6086,Course_6086,Marketing,60,1626,72.09801,LinkedIn Learning,165.65497,3.491259
6088,Course_6088,Office Tools,68,314,56.67202,LinkedIn Learning,167.15248,3.4346278
6090,Course_6090,Technology,80,2178,64.25525,edX,37.034805,3.4781284
6091,Course_6091,Programming,20,4199,53.055687,LinkedIn Learning,136.86703,3.0227997
6093,Course_6093,Design,82,1023,82.30517,LinkedIn Learning,129.14098,3.6270838
6095,Course_6095,Office Tools,32,3251,50.976086,Udemy,116.64671,4.996672
6096,Course_6096,Office Tools,89,1149,85.3113,edX,70.30203,4.7745266
6097,Course_6097,AI,42,4373,74.75551,edX,105.8642,3.845933
6098,Course_6098,Design,95,3231,96.54322,Udemy,177.43596,4.8498516
6099,Course_6099,Business,48,4493,99.97333,Udemy,87.56838,3.1680114
6100,Course_6100,Business,24,756,99.41077,Udemy,21.407099,3.3147976
6101,Course_6101,Finance,39,4406,87.32011,LinkedIn Learning,57.835464,3.40376
6105,Course_6105,Programming,79,2028,97.99717,Udemy,134.56606,4.924864
6106,Course_6106,Design,95,1646,73.61986,edX,109.96953,3.3938496
6108,Course_6108,Data Science,28,754,71.79758,LinkedIn Learning,192.93518,3.9509273
6109,Course_6109,AI,21,2763,79.24049,LinkedIn Learning,78.70896,3.3901477
6110,Course_6110,AI,34,4857,95.706215,Udemy,10.293008,4.006051
6111,Course_6111,Finance,41,831,98.294014,Udemy,73.05611,4.6406975
6112,Course_6112,Technology,46,430,88.165855,LinkedIn Learning,98.85118,4.2236533
6114,Course_6114,Data Science,82,2198,74.157875,LinkedIn Learning,58.581196,3.1721818
6115,Course_6115,Programming,54,3941,64.437096,edX,140.35179,4.5431614
6116,Course_6116,Design,66,4908,85.13992,Udemy,130.13803,4.1973624
6117,Course_6117,Business,92,3782,65.89624,Udemy,165.14616,3.6598125
6118,Course_6118,Data Science,80,3735,59.055202,edX,74.29515,4.2177534
6120,Course_6120,Marketing,43,2418,65.127625,Udemy,165.09377,3.322323
6121,Course_6121,Programming,78,1980,75.974075,LinkedIn Learning,113.48773,3.059365
6123,Course_6123,Marketing,46,3820,50.41391,Udemy,109.384445,4.5624843
6124,Course_6124,Programming,88,1863,90.50239,edX,52.63715,4.828972
6125,Course_6125,Data Science,15,1687,69.84452,Udemy,91.65795,3.7920794
6126,Course_6126,Business,91,4531,60.448185,edX,82.424545,3.2275338
6127,Course_6127,Design,86,1090,55.9348,edX,78.81912,3.190154
6128,Course_6128,Business,50,1705,57.485016,Udemy,94.72424,4.229508
6130,Course_6130,Marketing,88,1297,93.80883,Udemy,116.86408,4.561469
6132,Course_6132,AI,11,3092,58.088764,LinkedIn Learning,177.93759,4.7792635
6133,Course_6133,Finance,67,4239,68.124825,edX,60.053654,3.5124812
6137,Course_6137,Data Science,87,854,82.33505,Udemy,175.7814,3.3039298
6138,Course_6138,Technology,23,1756,94.017525,LinkedIn Learning,168.30408,3.4333162
6139,Course_6139,AI,52,4005,83.0769,edX,52.885437,4.284413
6143,Course_6143,Finance,96,2059,64.94294,edX,192.86009,3.7867246
6144,Course_6144,Technology,54,603,82.8527,LinkedIn Learning,41.387184,3.0433238
6145,Course_6145,Marketing,31,4227,87.51903,LinkedIn Learning,61.483746,3.5084784
6147,Course_6147,Data Science,14,1866,55.724224,edX,181.71927,4.38172
6148,Course_6148,Business,91,4697,64.86704,edX,199.40558,3.1408315
6149,Course_6149,AI,97,3847,79.864136,Udemy,90.535255,4.6787796
6150,Course_6150,AI,66,1904,90.128845,Udemy,119.255554,3.4007728
6152,Course_6152,Design,27,2536,59.020565,edX,113.24012,4.9596605
6153,Course_6153,Data Science,23,3131,61.360954,Udemy,92.284874,4.9797096
6154,Course_6154,Office Tools,74,2397,89.70188,edX,82.04164,4.9698954
6156,Course_6156,Business,21,3849,93.39592,LinkedIn Learning,55.047596,4.7515755
6158,Course_6158,Data Science,89,2237,86.17013,edX,169.87625,3.0753927
6159,Course_6159,Office Tools,85,791,87.938385,edX,189.09196,4.2138453
6161,Course_6161,Finance,72,2269,95.34119,Udemy,94.34553,4.4736834
6163,Course_6163,Data Science,28,3484,90.063126,edX,131.4851,3.5910566
6164,Course_6164,Business,43,105,81.85215,LinkedIn Learning,65.90392,3.9067936
6165,Course_6165,AI,26,4294,80.841324,edX,104.09428,3.9837344
6166,Course_6166,Finance,23,3752,62.923885,Udemy,164.32066,3.191953
6167,Course_6167,Business,42,1622,97.23115,Udemy,55.994076,4.368307
6168,Course_6168,Business,93,1136,74.98304,edX,70.93071,3.8082337
6170,Course_6170,Marketing,42,4624,98.17092,Udemy,114.8247,3.6535807
6172,Course_6172,Programming,15,730,60.737198,LinkedIn Learning,82.65681,3.8456507
6173,Course_6173,Business,58,1030,79.06434,edX,170.53658,3.908224
6174,Course_6174,Technology,72,4074,97.20269,edX,183.22005,3.9261737
6175,Course_6175,Programming,90,3144,77.109344,edX,99.54626,4.0853744
6177,Course_6177,Office Tools,95,218,91.53395,Udemy,25.456432,3.4441445
6178,Course_6178,Marketing,84,1584,53.488285,edX,136.49388,3.431984
6179,Course_6179,Design,45,4669,79.72532,edX,22.037361,3.4427454
6181,Course_6181,Business,75,4754,86.96761,Udemy,12.93847,4.9130335
6182,Course_6182,Technology,25,332,82.32084,edX,69.30642,4.2288594
6183,Course_6183,Marketing,26,3867,52.371346,LinkedIn Learning,186.84424,4.590685
6184,Course_6184,Programming,48,1421,95.404564,LinkedIn Learning,179.91748,3.8517973
6185,Course_6185,Business,64,4807,63.127056,Udemy,119.37019,4.5330815
6186,Course_6186,Design,30,4513,92.29092,LinkedIn Learning,30.000284,4.633807
6188,Course_6188,Programming,65,3089,55.03282,edX,84.3264,3.8971996
6189,Course_6189,Office Tools,19,2460,96.495056,edX,169.60121,3.0500805
6190,Course_6190,Technology,94,3808,93.42958,Udemy,96.940475,4.1533856
6191,Course_6191,Finance,68,2450,63.779778,Udemy,26.537186,4.866387
6193,Course_6193,Business,84,2694,83.57024,Udemy,182.25731,3.174004
6195,Course_6195,Marketing,50,3061,76.330185,Udemy,26.031374,3.6368701
6198,Course_6198,Marketing,22,1763,80.659935,Udemy,49.848377,3.91166
6200,Course_6200,AI,36,3592,94.42051,LinkedIn Learning,126.43085,4.5080953
6201,Course_6201,Design,75,1821,64.09729,edX,74.9521,4.6468935
6203,Course_6203,Technology,20,4253,80.30387,Udemy,141.00122,3.8145187
6204,Course_6204,AI,96,4608,78.510475,LinkedIn Learning,114.59458,3.590337
6205,Course_6205,Programming,82,984,69.2696,Udemy,186.12646,3.164679
6207,Course_6207,Data Science,58,197,84.50223,Udemy,99.54289,3.4521117
6208,Course_6208,Marketing,98,3517,78.73946,LinkedIn Learning,56.882175,3.127445
6210,Course_6210,Office Tools,85,3770,99.73345,edX,156.21043,4.930526
6211,Course_6211,Data Science,64,4446,50.783287,edX,196.21376,3.9812052
6212,Course_6212,Marketing,55,2370,99.43463,LinkedIn Learning,172.06865,4.309735
6215,Course_6215,Marketing,47,1542,88.7341,Udemy,122.17771,4.4867997
6216,Course_6216,Data Science,67,3976,50.913147,LinkedIn Learning,183.03754,3.8702037
6217,Course_6217,Marketing,11,1775,67.42656,LinkedIn Learning,185.988,4.803111
6218,Course_6218,Design,70,3432,95.46144,LinkedIn Learning,182.58844,4.1307497
6219,Course_6219,Office Tools,37,3170,81.98941,Udemy,183.23196,3.4178197
6222,Course_6222,Marketing,77,1272,94.17356,LinkedIn Learning,131.57121,3.3779206
6223,Course_6223,Design,12,301,99.6622,LinkedIn Learning,31.10122,4.322555
6224,Course_6224,Technology,19,1911,97.289345,Udemy,195.15866,3.0381105
6226,Course_6226,Business,39,2396,58.167065,Udemy,68.22609,3.1536987
6227,Course_6227,Data Science,64,4338,76.69397,LinkedIn Learning,168.70107,4.358906
6230,Course_6230,AI,48,2110,61.48017,edX,93.92927,4.84592
6232,Course_6232,Business,23,4811,95.64325,Udemy,120.69891,4.8497276
6233,Course_6233,Technology,69,313,93.73669,LinkedIn Learning,141.86581,4.451564
6234,Course_6234,Technology,42,229,77.287575,Udemy,174.9521,3.980301
6236,Course_6236,Technology,61,2702,79.894325,edX,42.42746,3.2346778
6237,Course_6237,Data Science,74,1658,52.65012,LinkedIn Learning,27.023226,3.3198159
6238,Course_6238,Programming,51,3611,59.647545,edX,123.27035,4.0235705
6239,Course_6239,Business,67,454,69.4366,edX,185.13162,4.2998185
6241,Course_6241,AI,49,4491,77.603355,LinkedIn Learning,138.63843,4.8663564
6242,Course_6242,Design,64,577,96.16134,edX,137.64345,4.0694637
6243,Course_6243,Business,45,3173,75.72106,edX,189.56969,4.0296097
6244,Course_6244,Data Science,63,3449,81.33048,edX,63.406334,3.2168665
6245,Course_6245,AI,47,3310,85.5966,edX,76.853676,3.8761168
6246,Course_6246,Marketing,85,1616,60.528934,edX,167.04213,3.2799056
6247,Course_6247,Marketing,34,4294,81.786674,LinkedIn Learning,12.660368,4.76726
6248,Course_6248,Office Tools,33,2887,54.794758,edX,66.73845,4.98486
6250,Course_6250,AI,82,4974,74.258,LinkedIn Learning,70.769455,4.402775
6251,Course_6251,Data Science,57,1665,87.47946,LinkedIn Learning,76.77109,3.5738862
6253,Course_6253,Finance,22,3766,50.55503,edX,77.61096,4.760174
6255,Course_6255,Office Tools,51,132,81.64402,Udemy,173.25085,4.711891
6256,Course_6256,Data Science,48,4967,96.85965,edX,157.93405,3.300558
6257,Course_6257,Data Science,64,3247,77.54919,Udemy,57.243523,3.9429176
6258,Course_6258,AI,57,218,57.937813,edX,106.2981,3.708515
6259,Course_6259,Office Tools,13,944,54.591877,edX,169.47462,4.6687584
6261,Course_6261,AI,65,2536,65.01759,LinkedIn Learning,133.31029,4.026127
6262,Course_6262,AI,64,3361,96.361404,LinkedIn Learning,140.28146,3.073775
6263,Course_6263,Technology,98,4348,64.06851,LinkedIn Learning,145.0696,4.989241
6264,Course_6264,Data Science,44,2533,56.710083,Udemy,41.28158,3.1269104
6265,Course_6265,Technology,32,2771,85.16029,Udemy,90.17696,4.3088627
6266,Course_6266,Finance,83,2479,75.655785,LinkedIn Learning,59.908527,3.5385838
6267,Course_6267,Design,75,1948,64.90868,LinkedIn Learning,180.76836,3.63905
6268,Course_6268,Programming,50,1884,86.875374,Udemy,129.25992,4.027107
6269,Course_6269,Office Tools,43,2316,57.20934,edX,142.28906,4.243212
6270,Course_6270,Business,89,3597,92.24372,Udemy,190.83841,4.984268
6271,Course_6271,Programming,86,2283,82.457436,edX,34.99645,3.1487157
6272,Course_6272,Technology,75,4402,91.8955,edX,77.17033,3.6323352
6273,Course_6273,Marketing,51,520,79.59484,LinkedIn Learning,101.560814,3.9950542
6274,Course_6274,Business,93,4218,68.335686,Udemy,114.56531,4.399091
6276,Course_6276,Marketing,95,1966,98.17993,edX,148.84354,3.1438398
6277,Course_6277,Technology,31,3852,62.729156,edX,166.61008,3.6322255
6278,Course_6278,Finance,21,3400,93.05774,edX,127.409706,4.848055
6279,Course_6279,Programming,68,4115,69.91093,edX,138.2613,3.872148
6280,Course_6280,Design,39,1307,53.106533,Udemy,41.208443,3.3642447
6281,Course_6281,Office Tools,20,2309,80.76247,Udemy,68.18545,3.7493382
6282,Course_6282,Programming,23,4578,51.034344,Udemy,157.41307,3.7382283
6283,Course_6283,Office Tools,98,2630,96.390366,LinkedIn Learning,106.53583,3.2995212
6284,Course_6284,Finance,99,4778,69.215195,LinkedIn Learning,186.95595,3.2995214
6285,Course_6285,Programming,91,3987,53.677727,edX,192.88545,4.045245
6286,Course_6286,Technology,64,3945,97.034645,Udemy,27.023117,3.5031586
6287,Course_6287,Office Tools,96,1549,57.754818,edX,194.25209,4.6057935
6288,Course_6288,Office Tools,18,367,90.169,LinkedIn Learning,138.5344,4.834755
6290,Course_6290,Technology,15,2186,50.08584,Udemy,165.7708,3.9058244
6291,Course_6291,Data Science,93,242,84.40378,Udemy,166.82796,3.5395634
6293,Course_6293,Marketing,75,3637,82.82702,Udemy,50.82785,4.234242
6295,Course_6295,Technology,62,4758,51.48316,edX,113.08041,3.9319897
6296,Course_6296,Marketing,44,724,50.15481,edX,87.01651,3.503306
6297,Course_6297,Finance,95,2689,54.505714,Udemy,38.949352,3.541506
6298,Course_6298,Marketing,85,413,93.68579,edX,88.746414,3.832853
6299,Course_6299,Marketing,51,4933,68.35074,edX,86.62927,4.7255974
6300,Course_6300,Technology,25,1391,76.62586,edX,42.88436,3.8083282
6302,Course_6302,Technology,25,4826,87.62595,edX,129.73817,3.6050808
6303,Course_6303,Design,78,3272,52.969727,LinkedIn Learning,138.26839,4.4301553
6304,Course_6304,AI,14,3157,77.47729,Udemy,51.725334,4.0588984
6305,Course_6305,Business,42,4227,72.42765,edX,165.1204,3.7561545
6306,Course_6306,AI,84,2153,67.4561,LinkedIn Learning,145.84116,4.935106
6307,Course_6307,Programming,46,3885,57.12351,edX,59.070232,4.863669
6308,Course_6308,Marketing,78,4984,73.82331,Udemy,69.65341,4.4535155
6309,Course_6309,Programming,59,2563,91.3249,edX,74.10232,4.56818
6310,Course_6310,Data Science,90,3892,74.6796,LinkedIn Learning,55.672688,3.6052387
6312,Course_6312,Design,19,2567,60.519875,Udemy,76.936615,4.467012
6313,Course_6313,Business,48,185,94.356865,Udemy,143.07347,3.956917
6314,Course_6314,Technology,25,3782,85.49066,Udemy,166.182,3.3288565
6315,Course_6315,Technology,22,3281,74.24432,Udemy,183.24585,4.438595
6319,Course_6319,Design,24,4087,89.91139,Udemy,199.74197,4.8758216
6320,Course_6320,Design,33,3230,66.013504,Udemy,118.42423,3.3946059
6321,Course_6321,Marketing,40,4424,95.99361,LinkedIn Learning,75.90615,3.2764583
6322,Course_6322,Office Tools,20,4492,53.264553,edX,34.482048,4.269348
6323,Course_6323,Finance,52,1453,78.88703,Udemy,143.58006,4.4659038
6324,Course_6324,Marketing,44,1943,62.864944,Udemy,57.097652,3.5713434
6325,Course_6325,Technology,87,2433,74.31242,LinkedIn Learning,85.24711,4.336727
6326,Course_6326,Finance,97,941,71.77192,edX,83.22871,4.8829455
6328,Course_6328,Business,51,259,58.936802,LinkedIn Learning,54.156208,4.817998
6329,Course_6329,Office Tools,16,1511,58.545002,edX,62.060207,4.2749095
6330,Course_6330,Office Tools,24,2220,55.457813,LinkedIn Learning,139.29489,3.2508044
6331,Course_6331,Marketing,65,4396,67.66153,edX,127.21941,4.36407
6332,Course_6332,Design,41,3931,76.81405,edX,101.54068,4.2816525
6334,Course_6334,Marketing,80,3701,96.108315,edX,100.63882,3.4834912
6335,Course_6335,Data Science,11,3733,92.75826,Udemy,94.515976,3.0380445
6336,Course_6336,Business,46,4189,74.02958,edX,61.999336,3.9793289
6337,Course_6337,Technology,44,3660,89.210365,Udemy,64.99357,4.202452
6338,Course_6338,Business,88,1762,59.93105,Udemy,171.10092,3.3784137
6339,Course_6339,AI,30,1211,67.82452,LinkedIn Learning,165.8958,4.5532484
6340,Course_6340,Finance,87,1041,86.88281,Udemy,170.53168,3.3413239
6341,Course_6341,Office Tools,89,3589,67.49714,edX,66.98722,4.6907277
6342,Course_6342,Programming,10,4427,98.889595,LinkedIn Learning,10.231486,3.6900532
6343,Course_6343,Design,67,3517,50.968124,Udemy,150.81613,4.2289824
6344,Course_6344,Business,37,676,96.05327,Udemy,25.025091,4.09144
6345,Course_6345,Data Science,90,3397,63.794792,edX,164.85014,3.7948127
6346,Course_6346,Finance,89,4550,96.964615,LinkedIn Learning,122.43711,4.0055404
6347,Course_6347,Marketing,19,907,79.88864,edX,140.466,3.967685
6348,Course_6348,Finance,69,3650,67.489944,Udemy,73.51609,3.3872488
6349,Course_6349,Business,18,1359,75.693886,Udemy,138.201,3.500232
6350,Course_6350,Design,78,3012,83.624596,edX,153.75735,3.0749478
6353,Course_6353,Design,12,2143,92.50906,edX,138.2731,3.1056144
6354,Course_6354,AI,71,4232,66.070435,edX,12.539116,3.9995766
6355,Course_6355,AI,22,4049,80.42012,Udemy,54.92703,3.2645826
6356,Course_6356,Business,30,2144,67.057625,edX,143.39578,3.6672583
6357,Course_6357,Design,69,2401,77.067024,Udemy,192.2932,3.3803868
6358,Course_6358,Office Tools,50,3868,62.81862,Udemy,49.684704,4.323576
6360,Course_6360,Design,69,987,78.27283,LinkedIn Learning,112.61466,3.8990293
6361,Course_6361,Design,46,4733,59.894318,Udemy,181.85643,4.0783515
6362,Course_6362,Finance,98,2053,98.50176,LinkedIn Learning,88.79374,3.7507994
6363,Course_6363,Office Tools,97,3372,63.717896,edX,13.94818,4.428705
6364,Course_6364,Office Tools,93,3416,73.099075,Udemy,49.982414,3.1956594
6365,Course_6365,AI,56,1632,99.60785,Udemy,93.08323,4.4807277
6367,Course_6367,Marketing,25,1518,86.567795,Udemy,59.625656,3.3342597
6368,Course_6368,Design,19,1431,68.774,edX,184.338,3.034404
6369,Course_6369,Design,76,1807,65.45913,Udemy,106.78047,3.6940653
6371,Course_6371,Office Tools,65,1454,81.67328,Udemy,180.93465,3.4343576
6373,Course_6373,Business,22,229,92.77367,LinkedIn Learning,182.27388,4.334546
6374,Course_6374,Business,93,2028,95.11849,LinkedIn Learning,29.169117,4.590431
6376,Course_6376,Data Science,35,1759,66.08744,LinkedIn Learning,27.851435,4.8283067
6377,Course_6377,Business,77,4802,71.76751,Udemy,117.652405,3.5672174
6378,Course_6378,Technology,87,1946,98.42414,LinkedIn Learning,57.872158,4.3633103
6379,Course_6379,Business,25,2366,77.42657,edX,96.08022,3.0765517
6380,Course_6380,Finance,62,1718,96.22346,edX,152.6429,4.349491
6382,Course_6382,Programming,65,3020,57.811054,edX,162.43896,4.8777695
6383,Course_6383,Finance,31,1770,89.6296,Udemy,197.0603,4.7057724
6384,Course_6384,AI,79,3971,65.3204,LinkedIn Learning,196.39026,3.215651
6385,Course_6385,Programming,14,4493,52.76417,edX,91.16098,3.5591936
6386,Course_6386,Design,87,4037,96.183495,LinkedIn Learning,82.55638,3.622223
6388,Course_6388,Office Tools,56,1925,72.94317,edX,162.18329,4.9776917
6389,Course_6389,Technology,16,3893,83.99965,edX,15.42863,3.8880076
6391,Course_6391,Technology,28,1240,94.85791,LinkedIn Learning,163.36732,3.71316
6392,Course_6392,Marketing,93,3387,75.96461,Udemy,128.5058,3.6198997
6393,Course_6393,Finance,38,3307,82.36316,Udemy,146.04526,4.836495
6394,Course_6394,Data Science,32,1083,54.690567,edX,192.85486,4.027597
6395,Course_6395,Office Tools,25,3441,73.47081,LinkedIn Learning,50.0809,4.8847876
6396,Course_6396,Business,19,405,79.08658,LinkedIn Learning,13.484532,4.5268493
6398,Course_6398,Technology,61,1324,77.74349,LinkedIn Learning,54.01686,3.308951
6399,Course_6399,AI,21,1353,95.54169,Udemy,197.28467,4.127488
6400,Course_6400,Technology,77,745,75.69009,edX,54.51811,4.798058
6402,Course_6402,Finance,13,583,96.76679,LinkedIn Learning,43.073765,4.0614605
6404,Course_6404,Design,35,2444,70.22693,edX,83.28763,4.8180323
6405,Course_6405,Finance,83,3838,71.7616,edX,198.59,4.439999
6406,Course_6406,Marketing,99,2637,70.95831,edX,100.04086,4.871971
6407,Course_6407,Finance,83,1983,67.44936,Udemy,140.70497,4.421135
6408,Course_6408,Programming,79,2522,76.91806,edX,111.82464,4.087417
6409,Course_6409,Marketing,13,3220,92.9534,edX,60.015846,3.993921
6410,Course_6410,Marketing,80,1219,93.182846,LinkedIn Learning,134.20624,4.7226577
6412,Course_6412,Technology,70,236,52.53856,LinkedIn Learning,51.606987,3.3078835
6413,Course_6413,Programming,71,1027,76.02925,Udemy,138.45312,4.918914
6414,Course_6414,Marketing,94,4935,64.74867,Udemy,195.24776,3.85845
6416,Course_6416,Finance,93,1933,99.17399,edX,119.04545,4.6393275
6417,Course_6417,Marketing,75,1167,75.63622,LinkedIn Learning,144.68668,4.7029204
6418,Course_6418,Office Tools,37,1786,89.398315,edX,19.09216,4.773638
6419,Course_6419,Data Science,63,2825,92.59673,edX,21.129824,4.2743793
6420,Course_6420,AI,52,2941,80.15973,Udemy,41.761814,3.714189
6422,Course_6422,Office Tools,70,4977,58.131413,edX,133.85873,4.709172
6423,Course_6423,AI,35,1043,93.53896,Udemy,60.46004,3.608966
6424,Course_6424,Finance,68,290,78.876396,edX,152.22977,3.7208693
6425,Course_6425,Business,46,4138,63.12022,Udemy,134.66132,3.8118513
6426,Course_6426,Technology,42,4084,99.88864,Udemy,103.97396,3.268402
6427,Course_6427,Business,59,3887,56.774483,Udemy,151.08385,3.0617955
6428,Course_6428,AI,59,4929,95.79207,edX,162.17882,4.583931
6429,Course_6429,Finance,91,3284,68.71564,edX,78.481575,3.0463476
6430,Course_6430,Data Science,89,1949,78.98867,LinkedIn Learning,194.94218,4.672929
6431,Course_6431,Office Tools,35,4586,59.207615,Udemy,199.64288,3.2036035
6432,Course_6432,Office Tools,64,2718,89.68252,LinkedIn Learning,172.33861,3.54768
6434,Course_6434,Finance,67,890,64.349174,LinkedIn Learning,117.87384,4.0591645
6435,Course_6435,Design,38,4798,90.6177,LinkedIn Learning,172.03168,3.6272385
6436,Course_6436,Marketing,68,130,64.54675,LinkedIn Learning,50.26009,4.175114
6438,Course_6438,AI,90,2386,75.24921,Udemy,74.01162,4.1096725
6440,Course_6440,Finance,95,2042,67.905655,edX,132.22267,3.8316
6441,Course_6441,Technology,60,2923,51.15194,LinkedIn Learning,172.9602,4.1374874
6442,Course_6442,Programming,61,4412,82.372475,Udemy,177.00693,4.479703
6444,Course_6444,Business,35,3797,84.932686,Udemy,60.636826,3.9319417
6445,Course_6445,Data Science,37,504,97.85128,edX,114.94256,4.751123
6446,Course_6446,Design,72,1703,89.1345,Udemy,30.830725,4.941226
6447,Course_6447,Business,30,1011,97.141235,LinkedIn Learning,148.24255,4.5269437
6448,Course_6448,Office Tools,83,591,72.18778,edX,120.55433,3.3337264
6449,Course_6449,Business,96,3984,96.57407,edX,157.08484,3.3183968
6450,Course_6450,Office Tools,87,448,73.949356,edX,161.04422,3.6529963
6451,Course_6451,Business,88,3508,84.93334,Udemy,67.32939,3.5811803
6452,Course_6452,Technology,53,3499,78.991234,edX,111.60036,3.2290866
6453,Course_6453,Office Tools,29,4010,73.38727,LinkedIn Learning,46.894005,3.339557
6454,Course_6454,Programming,47,573,83.85512,Udemy,192.4863,4.8177404
6455,Course_6455,Design,43,832,63.740086,edX,59.120895,4.7779837
6456,Course_6456,Design,90,2762,74.814095,LinkedIn Learning,176.09453,3.722478
6457,Course_6457,Data Science,28,1822,85.79752,LinkedIn Learning,147.43079,4.4268084
6459,Course_6459,Technology,24,3024,64.33889,edX,71.76807,3.8580878
6460,Course_6460,Marketing,10,3227,72.82907,Udemy,56.720222,3.264214
6461,Course_6461,Finance,98,1910,57.90229,LinkedIn Learning,109.72736,4.5178447
6462,Course_6462,Marketing,77,4881,69.756454,edX,155.91225,4.650214
6463,Course_6463,Finance,46,4211,90.98104,LinkedIn Learning,146.44485,4.94438
6464,Course_6464,Finance,17,2906,70.33482,LinkedIn Learning,26.011229,4.4307513
6465,Course_6465,Data Science,17,635,76.53032,edX,62.327084,3.0152247
6466,Course_6466,Office Tools,61,4680,69.382126,Udemy,49.12883,4.991614
6467,Course_6467,Office Tools,23,2713,90.487816,edX,31.835081,3.1979513
6469,Course_6469,Finance,37,2468,77.51143,LinkedIn Learning,98.7509,4.7856727
6471,Course_6471,Business,75,402,97.86403,Udemy,137.58908,4.350344
6472,Course_6472,AI,90,4601,50.986473,LinkedIn Learning,32.88997,4.3004293
6473,Course_6473,Marketing,14,3650,57.33772,edX,99.660065,3.7353313
6474,Course_6474,AI,40,1163,66.52542,Udemy,36.06801,3.4590542
6475,Course_6475,Finance,89,3811,72.36349,LinkedIn Learning,52.95481,4.1780586
6476,Course_6476,Programming,25,2225,79.44358,Udemy,135.0803,3.5127828
6477,Course_6477,Business,48,3087,77.19115,edX,195.57465,3.0319932
6478,Course_6478,Office Tools,17,1167,51.83057,Udemy,178.65567,3.4620438
6479,Course_6479,Office Tools,17,1638,75.1257,LinkedIn Learning,143.91135,4.952483
6483,Course_6483,Office Tools,84,1609,70.548546,edX,147.51906,4.338836
6484,Course_6484,Finance,45,3080,75.21716,Udemy,93.686485,3.155436
6486,Course_6486,Data Science,67,4265,98.27709,Udemy,58.192566,4.742801
6487,Course_6487,AI,89,2384,95.0343,LinkedIn Learning,85.64144,4.0541034
6489,Course_6489,Marketing,91,4002,85.41382,Udemy,149.5133,4.671583
6492,Course_6492,AI,29,1227,89.05861,Udemy,166.66605,4.8384256
6493,Course_6493,AI,80,1008,92.83729,LinkedIn Learning,102.89724,3.592375
6494,Course_6494,Marketing,96,3003,65.273186,edX,44.748505,4.685553
6495,Course_6495,Finance,42,2559,59.611088,LinkedIn Learning,162.9784,3.1734765
6496,Course_6496,Technology,29,4221,64.227554,edX,80.24691,3.3081074
6498,Course_6498,Marketing,21,836,59.168327,edX,143.31801,4.001994
6499,Course_6499,Business,54,4381,59.86093,Udemy,51.70042,4.148603
6500,Course_6500,Office Tools,62,2304,60.083973,LinkedIn Learning,78.62236,4.0213842
6501,Course_6501,Marketing,41,2846,62.310074,edX,53.537636,4.222183
6503,Course_6503,Marketing,14,1062,70.19567,edX,84.6206,3.8909688
6504,Course_6504,Marketing,82,269,87.04209,Udemy,129.57005,3.0602129
6506,Course_6506,Finance,67,1927,59.74486,Udemy,128.02763,3.989698
6507,Course_6507,Business,96,3677,82.41252,Udemy,52.81994,3.730432
6508,Course_6508,Office Tools,14,4938,50.54955,LinkedIn Learning,119.44694,3.0107791
6509,Course_6509,Office Tools,20,1658,94.07343,LinkedIn Learning,89.03699,4.047873
6510,Course_6510,AI,23,1932,61.183197,LinkedIn Learning,92.8436,4.409013
6511,Course_6511,Technology,76,897,93.646515,Udemy,144.10338,3.7557943
6512,Course_6512,Design,20,2697,50.043385,LinkedIn Learning,117.06686,4.068822
6513,Course_6513,AI,53,3084,77.52879,Udemy,88.32293,4.7531805
6515,Course_6515,Technology,68,1523,97.80282,LinkedIn Learning,93.96195,4.578505
6516,Course_6516,Finance,75,1436,80.090096,Udemy,63.309048,3.995003
6518,Course_6518,Data Science,37,3395,99.747406,edX,48.7268,3.0863883
6519,Course_6519,Office Tools,68,713,86.50541,LinkedIn Learning,177.32494,3.3534656
6521,Course_6521,AI,50,148,86.32059,Udemy,87.63044,4.091876
6522,Course_6522,Office Tools,30,4151,83.57848,LinkedIn Learning,34.383068,3.6159668
6523,Course_6523,Design,25,2568,98.59041,Udemy,133.77698,3.315676
6525,Course_6525,Marketing,82,223,50.307438,edX,131.01694,4.8689957
6527,Course_6527,Data Science,80,1223,79.64095,Udemy,33.64249,4.5978174
6528,Course_6528,Technology,67,333,86.99881,edX,173.95163,3.152194
6531,Course_6531,AI,94,1285,62.322353,LinkedIn Learning,180.24323,4.3802624
6533,Course_6533,Design,100,3994,91.420494,LinkedIn Learning,140.05031,4.5964723
6534,Course_6534,AI,19,4049,84.12834,Udemy,183.65634,3.4613168
6535,Course_6535,Data Science,18,4518,54.531265,edX,172.33705,3.1449885
6538,Course_6538,Marketing,46,1330,95.16215,edX,116.49001,3.4762816
6539,Course_6539,Finance,51,626,54.493584,edX,183.66658,3.4718878
6540,Course_6540,Marketing,73,3682,81.814064,Udemy,59.518047,4.1725407
6541,Course_6541,Finance,68,1486,82.13382,Udemy,180.2854,3.3496137
6542,Course_6542,AI,93,3185,73.497215,Udemy,58.92508,3.7342956
6543,Course_6543,Marketing,58,2358,56.710438,edX,38.045937,3.2365184
6544,Course_6544,Finance,76,3482,77.62981,edX,18.751894,3.7529573
6545,Course_6545,Design,37,4311,83.239716,Udemy,44.507053,3.507356
6547,Course_6547,Marketing,22,123,62.011715,edX,165.48546,4.7152796
6548,Course_6548,Technology,57,2668,73.9696,Udemy,77.1156,4.016576
6549,Course_6549,Programming,28,4659,92.19547,Udemy,125.94194,3.4246678
6551,Course_6551,Technology,41,2593,67.75184,Udemy,11.050784,4.5855827
6552,Course_6552,Business,81,3009,77.44774,LinkedIn Learning,179.70679,3.0183961
6553,Course_6553,Design,74,3534,69.44694,edX,22.699385,3.6293445
6556,Course_6556,Design,74,4997,98.66267,edX,72.73709,4.3345985
6558,Course_6558,Programming,58,1317,77.62791,Udemy,190.86081,3.676888
6559,Course_6559,Design,38,184,77.163086,edX,168.3006,3.6025536
6560,Course_6560,Programming,20,4485,95.033,LinkedIn Learning,52.275276,4.0239935
6561,Course_6561,Finance,81,1637,77.37157,edX,41.312725,4.2575083
6562,Course_6562,Technology,24,2434,79.774864,edX,150.613,3.584521
6563,Course_6563,Data Science,70,4433,98.710785,edX,115.39061,3.1877124
6564,Course_6564,Office Tools,47,3165,68.21735,Udemy,26.605076,4.2311254
6566,Course_6566,Business,30,4001,53.011337,edX,10.135286,4.2958093
6567,Course_6567,Programming,44,1066,98.47613,edX,152.70512,3.7805734
6568,Course_6568,Programming,97,4045,89.69519,Udemy,18.86815,4.92991
6569,Course_6569,Data Science,35,1825,50.504704,Udemy,78.44039,3.0374746
6572,Course_6572,Office Tools,50,1582,89.96702,Udemy,19.494566,3.313117
6574,Course_6574,Marketing,65,4546,86.89785,edX,122.64898,4.0778737
6576,Course_6576,Business,61,1951,59.728195,LinkedIn Learning,105.65984,3.425658
6578,Course_6578,Marketing,42,1911,50.887783,LinkedIn Learning,127.691574,4.7649894
6579,Course_6579,Marketing,74,4326,79.087105,LinkedIn Learning,15.921295,3.4145205
6580,Course_6580,Data Science,64,607,79.75268,LinkedIn Learning,98.30696,3.6100485
6581,Course_6581,Business,77,4550,50.09341,Udemy,117.35794,4.5674257
6583,Course_6583,Technology,19,1899,89.13183,Udemy,15.217921,4.5438585
6585,Course_6585,Technology,74,2304,65.09767,edX,39.46627,4.7530713
6586,Course_6586,Data Science,57,4832,76.46358,edX,40.78602,4.5487313
6587,Course_6587,Business,39,402,62.329193,edX,137.4271,3.75817
6588,Course_6588,Office Tools,54,4998,89.86723,LinkedIn Learning,14.835265,4.4835825
6591,Course_6591,AI,54,3302,69.74826,edX,148.92229,4.0625906
6592,Course_6592,Technology,37,906,58.208378,edX,25.579748,4.8402514
6593,Course_6593,Marketing,95,763,84.42697,LinkedIn Learning,130.6739,4.3553205
6594,Course_6594,Programming,27,566,60.28406,LinkedIn Learning,112.28566,4.3957577
6601,Course_6601,Finance,64,681,88.94394,LinkedIn Learning,173.81639,4.3167195
6603,Course_6603,AI,54,1084,76.70803,edX,159.8076,3.3356423
6605,Course_6605,Business,58,3273,93.15883,edX,84.71368,4.2872224
6606,Course_6606,AI,83,4875,61.16974,edX,23.73518,3.211147
6608,Course_6608,Data Science,82,664,60.55567,LinkedIn Learning,113.5233,4.9709883
6609,Course_6609,Marketing,45,170,60.969048,edX,128.02988,4.4628773
6610,Course_6610,Data Science,29,3589,91.32686,LinkedIn Learning,171.97969,3.9739149
6611,Course_6611,Technology,26,3981,69.8237,Udemy,150.8902,4.00972
6612,Course_6612,Office Tools,17,3691,84.23227,edX,172.7969,4.0822554
6613,Course_6613,Technology,84,3042,65.98088,LinkedIn Learning,98.27397,4.3922453
6614,Course_6614,Business,27,341,69.911896,Udemy,165.61868,3.7478213
6615,Course_6615,Data Science,45,1247,86.60066,LinkedIn Learning,51.217648,4.9024677
6616,Course_6616,Marketing,54,4925,96.04701,LinkedIn Learning,132.94438,3.3366683
6617,Course_6617,Data Science,35,2898,76.98553,Udemy,177.41284,4.0559177
6618,Course_6618,Business,30,2012,64.69839,edX,88.15866,4.130822
6619,Course_6619,Data Science,69,1693,78.02488,Udemy,127.83997,4.11711
6622,Course_6622,Marketing,63,311,94.75876,Udemy,22.456465,3.17582
6623,Course_6623,Technology,80,2966,70.33001,Udemy,39.37019,3.5931797
6624,Course_6624,Technology,28,306,71.84254,edX,27.537563,3.9017544
6625,Course_6625,Business,54,2241,99.983536,LinkedIn Learning,60.369522,4.3326507
6626,Course_6626,Marketing,64,4980,62.79155,Udemy,56.84121,4.068987
6628,Course_6628,Finance,17,1971,95.65256,Udemy,157.00722,4.568694
6629,Course_6629,Data Science,96,1066,78.44267,LinkedIn Learning,123.16252,4.034599
6630,Course_6630,Finance,34,1260,68.04536,Udemy,119.99013,4.0737534
6631,Course_6631,Business,53,348,86.28228,LinkedIn Learning,89.07635,4.253973
6632,Course_6632,Data Science,37,2613,81.89077,Udemy,51.50828,4.1958284
6633,Course_6633,Marketing,88,312,87.4499,LinkedIn Learning,25.045284,3.3623931
6634,Course_6634,Office Tools,69,2386,95.60525,Udemy,61.89993,3.8473322
6635,Course_6635,Office Tools,65,4214,68.698044,Udemy,107.48252,4.740802
6636,Course_6636,Technology,96,658,63.81063,LinkedIn Learning,14.418846,4.46956
6637,Course_6637,Finance,48,2696,60.286602,Udemy,144.52892,4.393372
6638,Course_6638,Technology,68,3792,76.173065,LinkedIn Learning,176.04004,3.9111972
6639,Course_6639,Marketing,51,4349,81.27331,Udemy,175.40349,3.4359715
6640,Course_6640,Office Tools,94,3685,86.04138,Udemy,36.96611,4.0306025
6642,Course_6642,Technology,86,4613,73.82613,Udemy,59.019176,3.1447613
6643,Course_6643,Office Tools,80,1233,63.904728,Udemy,190.70584,3.969159
6644,Course_6644,Data Science,30,3670,67.200745,LinkedIn Learning,152.7769,3.4293835
6645,Course_6645,Business,80,2360,61.4895,Udemy,90.06955,4.4891276
6646,Course_6646,Technology,29,1881,61.27891,Udemy,187.84563,4.4761744
6647,Course_6647,Design,39,744,60.742657,LinkedIn Learning,10.459466,3.780908
6651,Course_6651,Office Tools,13,3679,75.858444,Udemy,106.16873,4.8629594
6652,Course_6652,Business,44,3065,77.09913,Udemy,66.199776,3.354028
6653,Course_6653,Design,40,3646,66.0182,Udemy,165.20303,3.9963634
6654,Course_6654,Marketing,48,1030,51.559254,Udemy,129.26512,3.0098982
6655,Course_6655,Finance,13,1076,97.6018,Udemy,137.36519,3.3917437
6656,Course_6656,Marketing,34,1207,76.55697,LinkedIn Learning,155.08223,4.684043
6657,Course_6657,Technology,67,828,64.29533,edX,121.62889,4.6279483
6658,Course_6658,Technology,23,2383,89.68141,edX,47.728607,3.1122394
6659,Course_6659,Business,78,4398,80.73547,edX,75.24696,3.427306
6660,Course_6660,Technology,58,813,92.70071,Udemy,70.4157,3.261978
6661,Course_6661,Technology,77,4326,96.28636,LinkedIn Learning,38.177456,4.5235763
6662,Course_6662,Business,91,4777,93.96477,LinkedIn Learning,41.924503,3.2563689
6663,Course_6663,Office Tools,64,676,90.96611,LinkedIn Learning,112.91803,4.187902
6664,Course_6664,Office Tools,99,1031,76.4377,Udemy,169.61604,4.968131
6665,Course_6665,Marketing,74,1182,71.63482,Udemy,153.82889,4.7944937
6666,Course_6666,Programming,54,2596,56.218548,LinkedIn Learning,82.54525,4.8348985
6667,Course_6667,Marketing,86,4902,68.81927,edX,136.73686,4.396845
6670,Course_6670,Data Science,100,4490,62.110363,edX,45.866188,4.01947
6672,Course_6672,Data Science,68,4988,60.94458,LinkedIn Learning,171.09312,3.261434
6676,Course_6676,AI,21,718,92.47288,Udemy,172.68857,3.1226273
6678,Course_6678,Business,10,1026,60.17729,edX,111.5152,4.702349
6679,Course_6679,Technology,31,3901,92.15288,edX,69.91997,4.189023
6680,Course_6680,Programming,76,4603,91.29182,LinkedIn Learning,12.891372,3.7800853
6681,Course_6681,Marketing,57,1322,68.30436,edX,150.26227,3.3620803
6682,Course_6682,Marketing,63,2733,64.437225,edX,136.73888,3.394664
6684,Course_6684,Technology,74,3130,62.786922,LinkedIn Learning,125.75296,4.425359
6685,Course_6685,Design,16,1139,75.7974,edX,126.52574,4.3223753
6686,Course_6686,Data Science,24,2917,60.41318,LinkedIn Learning,144.86156,3.2558622
6688,Course_6688,Data Science,84,3814,60.509537,LinkedIn Learning,138.59222,3.6217678
6689,Course_6689,Finance,78,1852,90.45706,Udemy,80.462944,4.747346
6690,Course_6690,AI,71,3212,83.020164,Udemy,161.64514,3.2835126
6691,Course_6691,Data Science,51,2669,51.4704,edX,114.02017,3.6116328
6693,Course_6693,Marketing,65,1871,50.707848,LinkedIn Learning,49.952957,4.6057205
6694,Course_6694,Finance,62,380,54.857937,edX,133.63545,4.243865
6695,Course_6695,Programming,56,2163,74.32446,Udemy,62.001347,4.255074
6696,Course_6696,Marketing,38,4815,69.90487,LinkedIn Learning,181.31892,3.216096
6698,Course_6698,Marketing,13,2294,90.01738,edX,123.77614,4.3369203
6699,Course_6699,Technology,46,108,86.272575,LinkedIn Learning,120.494194,3.6391973
6700,Course_6700,Design,20,4861,68.05066,Udemy,112.74822,4.4214125
6701,Course_6701,Data Science,78,612,75.10408,LinkedIn Learning,161.53374,4.7463813
6702,Course_6702,Marketing,74,3263,85.01385,Udemy,161.91106,3.486901
6705,Course_6705,Finance,91,1410,90.006325,edX,45.760815,4.793961
6706,Course_6706,Office Tools,12,4700,77.7473,LinkedIn Learning,170.3304,3.6548629
6707,Course_6707,Marketing,60,3811,96.85717,Udemy,171.70793,3.9862802
6708,Course_6708,Programming,73,3050,61.372726,edX,30.761143,3.1010816
6709,Course_6709,Marketing,57,4698,89.303604,edX,114.95067,4.5888157
6710,Course_6710,AI,82,3295,63.401962,edX,28.842459,4.8977914
6712,Course_6712,Design,63,327,96.17794,Udemy,49.59597,4.073598
6716,Course_6716,AI,37,1574,78.95909,LinkedIn Learning,84.08136,4.780151
6718,Course_6718,Data Science,75,1593,87.6042,Udemy,25.832201,4.3639855
6719,Course_6719,AI,62,4831,60.69853,LinkedIn Learning,120.37893,3.8742375
6720,Course_6720,Business,100,3577,85.1714,Udemy,148.5441,3.3371816
6721,Course_6721,Design,85,3797,58.11356,edX,80.880135,4.994594
6722,Course_6722,Technology,45,635,84.09431,LinkedIn Learning,129.76402,4.61056
6723,Course_6723,Marketing,56,892,81.82413,Udemy,54.665806,4.996925
6724,Course_6724,AI,30,155,64.4534,Udemy,199.9176,4.006671
6725,Course_6725,Data Science,59,1995,65.28642,Udemy,179.28255,4.8510876
6726,Course_6726,Finance,20,4427,50.778908,Udemy,133.67358,4.3483777
6727,Course_6727,Marketing,99,2760,99.64555,LinkedIn Learning,146.29901,3.250147
6729,Course_6729,Data Science,28,2237,89.662506,edX,122.934,4.3514123
6730,Course_6730,Marketing,97,3668,90.37627,LinkedIn Learning,79.46774,3.8441257
6732,Course_6732,Marketing,100,509,72.11,LinkedIn Learning,36.69383,3.8619554
6733,Course_6733,Data Science,68,190,87.480736,Udemy,101.31209,3.1105793
6734,Course_6734,Marketing,45,462,73.07239,Udemy,135.958,3.612926
6735,Course_6735,Data Science,66,2370,64.85573,LinkedIn Learning,104.12461,4.8689795
6736,Course_6736,Finance,96,3107,88.01773,LinkedIn Learning,162.67511,4.4990253
6737,Course_6737,Data Science,65,2016,86.08028,LinkedIn Learning,183.55212,3.2465174
6739,Course_6739,Programming,86,2737,95.81969,Udemy,169.91393,4.7965755
6740,Course_6740,AI,96,3485,92.83575,LinkedIn Learning,54.99548,4.5362344
6741,Course_6741,Programming,85,577,92.40897,Udemy,16.150534,3.6624026
6742,Course_6742,Technology,52,1451,62.17638,edX,122.10056,4.4677596
6747,Course_6747,Finance,62,4689,68.99291,edX,140.9079,3.8220735
6748,Course_6748,Programming,100,2023,55.83656,LinkedIn Learning,195.73633,4.5098796
6751,Course_6751,Finance,11,4219,85.382805,Udemy,163.54745,3.905894
6753,Course_6753,AI,26,4715,85.1899,Udemy,114.528885,3.1625648
6754,Course_6754,Office Tools,87,136,71.81746,Udemy,48.90574,3.3104844
6755,Course_6755,Business,49,1876,71.64662,edX,82.28319,3.4429674
6757,Course_6757,AI,22,131,90.723595,LinkedIn Learning,46.582066,3.5788074
6758,Course_6758,Programming,37,2662,73.808495,LinkedIn Learning,173.63478,4.735971
6759,Course_6759,AI,89,2799,85.672585,Udemy,71.58514,3.3942606
6761,Course_6761,Business,88,1164,55.377934,Udemy,171.39154,3.923876
6762,Course_6762,Design,84,4214,92.52336,Udemy,106.45331,3.907877
6763,Course_6763,Business,69,4752,95.06808,Udemy,178.4956,4.1842527
6764,Course_6764,Office Tools,50,3500,84.90005,Udemy,32.45356,3.1894245
6765,Course_6765,AI,26,329,53.01161,edX,46.47174,3.4397395
6766,Course_6766,Marketing,90,1798,68.85723,LinkedIn Learning,18.20861,3.009981
6767,Course_6767,Data Science,11,563,82.73218,LinkedIn Learning,182.26707,3.9377997
6773,Course_6773,Marketing,89,4121,60.042103,Udemy,134.63084,4.274291
6774,Course_6774,Finance,85,2031,81.45761,edX,52.957054,3.6537263
6776,Course_6776,AI,87,4352,74.21482,edX,133.81557,4.8002005
6777,Course_6777,Finance,52,1812,88.94025,edX,76.00141,4.6161766
6778,Course_6778,Programming,93,3985,58.688816,edX,48.947205,3.3915753
6779,Course_6779,Business,56,4541,69.94123,LinkedIn Learning,49.41536,4.1281004
6780,Course_6780,Design,84,4237,77.02656,edX,27.945305,3.5976758
6782,Course_6782,Business,76,2542,59.629036,edX,47.731476,3.176589
6784,Course_6784,Finance,42,1758,99.25158,LinkedIn Learning,61.390682,4.2290635
6785,Course_6785,Data Science,32,598,58.990864,Udemy,138.19865,3.6737757
6786,Course_6786,AI,87,4438,82.111824,Udemy,73.605545,3.8450105
6787,Course_6787,AI,25,4678,88.48376,edX,14.483416,3.9800377
6790,Course_6790,Data Science,71,2982,65.62423,LinkedIn Learning,98.74487,4.2195935
6792,Course_6792,Technology,39,3673,99.686035,LinkedIn Learning,174.7319,3.1427581
6795,Course_6795,Office Tools,96,291,51.286816,LinkedIn Learning,14.915667,3.3952398
6796,Course_6796,Programming,26,129,91.06439,edX,184.67015,3.8634193
6797,Course_6797,Data Science,87,3831,88.72111,edX,71.73106,3.7637658
6798,Course_6798,Technology,84,3357,54.161613,LinkedIn Learning,52.567814,3.1962247
6799,Course_6799,Finance,56,1091,84.25919,Udemy,99.12468,3.2498655
6800,Course_6800,Finance,10,3488,52.237514,edX,25.108898,3.3778813
6801,Course_6801,Programming,48,3598,86.502426,LinkedIn Learning,176.08784,3.1568203
6802,Course_6802,Data Science,18,3055,95.24072,LinkedIn Learning,186.10818,4.4637723
6804,Course_6804,Office Tools,63,2280,94.48325,Udemy,101.39829,3.2588441
6805,Course_6805,AI,99,262,50.891693,Udemy,119.49783,3.6998153
6808,Course_6808,Office Tools,76,4274,93.41182,edX,78.45683,4.4786725
6809,Course_6809,Finance,57,665,67.75283,edX,57.335136,4.2888765
6811,Course_6811,Technology,43,3699,96.80331,Udemy,183.01843,3.5855157
6812,Course_6812,Business,69,707,77.95261,Udemy,74.8451,4.045044
6813,Course_6813,Programming,84,1426,93.65967,edX,74.46202,4.3246107
6814,Course_6814,Office Tools,89,3026,69.52404,LinkedIn Learning,61.051094,3.9472814
6815,Course_6815,Business,79,3983,75.779205,LinkedIn Learning,60.785892,4.590511
6816,Course_6816,AI,52,2491,53.502964,LinkedIn Learning,196.41205,3.9236865
6817,Course_6817,Data Science,72,550,77.62959,Udemy,114.09438,4.840635
6818,Course_6818,Office Tools,86,2930,85.94136,edX,32.39318,4.692454
6819,Course_6819,AI,82,4819,84.4434,Udemy,138.59111,4.464022
6821,Course_6821,Programming,35,2466,64.07522,edX,148.24979,4.961997
6822,Course_6822,Programming,86,903,87.824486,Udemy,198.2398,4.269885
6823,Course_6823,Design,87,1863,72.71185,Udemy,195.8168,3.405379
6824,Course_6824,Business,55,1456,50.575024,LinkedIn Learning,37.599216,3.5958285
6825,Course_6825,AI,22,4479,76.886055,Udemy,17.071064,4.276522
6826,Course_6826,Design,78,1026,64.20825,edX,16.437925,4.1910524
6828,Course_6828,Data Science,26,2743,75.89481,edX,130.21764,3.2870326
6829,Course_6829,Business,39,4352,75.36498,Udemy,20.478556,4.9257226
6830,Course_6830,Finance,98,921,52.623943,Udemy,11.626607,4.3815107
6832,Course_6832,Technology,35,3480,75.16904,LinkedIn Learning,166.75204,3.773706
6833,Course_6833,Programming,15,4571,65.66989,edX,122.5355,3.0245218
6834,Course_6834,Marketing,91,3478,72.04427,LinkedIn Learning,171.50867,3.5371587
6835,Course_6835,Marketing,52,2195,87.61415,edX,17.855043,3.6361291
6837,Course_6837,Marketing,13,986,99.56715,LinkedIn Learning,55.085278,4.5245605
6838,Course_6838,Technology,88,4895,89.85166,LinkedIn Learning,174.38997,3.683033
6839,Course_6839,Office Tools,53,3649,70.8103,edX,21.611307,3.481127
6840,Course_6840,Design,57,539,80.28381,LinkedIn Learning,40.2005,4.4229765
6841,Course_6841,Design,40,4563,82.25752,Udemy,72.87232,4.851387
6842,Course_6842,AI,28,4515,66.36013,LinkedIn Learning,83.93549,3.920729
6843,Course_6843,AI,96,4237,84.27363,LinkedIn Learning,21.588583,3.848125
6844,Course_6844,Business,74,3120,57.734955,edX,20.621601,4.7392488
6846,Course_6846,Finance,10,4356,94.28068,Udemy,55.38865,4.1620216
6847,Course_6847,Finance,67,2876,94.94587,edX,97.694305,3.7316911
6848,Course_6848,AI,38,2868,89.51926,edX,58.819588,3.8569968
6849,Course_6849,Office Tools,46,740,94.54392,edX,31.108772,4.9349976
6851,Course_6851,Technology,48,810,58.59255,edX,151.27933,3.2788458
6853,Course_6853,AI,40,2279,68.95481,LinkedIn Learning,78.31972,3.5922766
6854,Course_6854,Technology,35,628,94.6742,edX,113.71848,4.649921
6855,Course_6855,Business,31,3191,90.09065,edX,27.919752,3.1921372
6856,Course_6856,Design,66,3336,95.09509,edX,62.602406,4.0153985
6857,Course_6857,Finance,49,4083,86.192,edX,43.80611,4.725965
6858,Course_6858,Design,97,4096,79.13711,edX,147.24928,4.3956695
6859,Course_6859,Office Tools,33,3520,93.49544,LinkedIn Learning,57.92764,3.4948797
6860,Course_6860,Finance,75,4380,83.31658,Udemy,132.10223,3.5683005
6861,Course_6861,Finance,83,548,82.7526,Udemy,145.38689,3.6487122
6862,Course_6862,Technology,31,259,76.42876,Udemy,173.63249,3.2306733
6863,Course_6863,Office Tools,30,1946,63.653767,LinkedIn Learning,119.54801,3.3445103
6864,Course_6864,Design,87,1195,84.62752,LinkedIn Learning,40.44652,4.820196
6865,Course_6865,Technology,24,4183,58.523438,LinkedIn Learning,44.713993,4.4209948
6866,Course_6866,Office Tools,39,3810,72.778305,Udemy,100.83531,4.2579727
6868,Course_6868,Design,54,3201,90.25533,edX,27.605299,3.0697935
6869,Course_6869,Programming,66,2379,67.384476,Udemy,136.80861,3.664555
6870,Course_6870,Data Science,78,4755,85.72107,Udemy,151.66803,3.4073126
6871,Course_6871,Office Tools,34,1316,83.34607,LinkedIn Learning,13.988019,4.66639
6872,Course_6872,Finance,67,112,53.237793,LinkedIn Learning,44.13989,4.2259674
6873,Course_6873,Office Tools,32,588,55.208496,edX,64.994934,3.8084226
6874,Course_6874,Finance,57,1494,81.55839,LinkedIn Learning,123.95121,3.8952808
6875,Course_6875,Design,13,201,52.385635,edX,180.79904,4.668185
6876,Course_6876,Technology,42,4838,79.046036,Udemy,162.03328,4.015575
6877,Course_6877,Office Tools,67,3590,84.39487,LinkedIn Learning,193.81102,3.5553968
6878,Course_6878,Programming,35,439,75.40774,edX,21.168282,4.670019
6879,Course_6879,Marketing,34,1156,62.615852,LinkedIn Learning,129.32591,4.256541
6880,Course_6880,Finance,57,2815,86.13072,Udemy,139.55951,3.975148
6881,Course_6881,Data Science,31,1060,51.25304,Udemy,29.055305,3.3248882
6884,Course_6884,Technology,91,1666,96.54594,LinkedIn Learning,151.33627,4.612285
6885,Course_6885,Finance,84,573,59.94142,edX,107.06284,4.1592317
6886,Course_6886,Programming,99,3461,81.69625,LinkedIn Learning,44.727413,4.886157
6887,Course_6887,Technology,99,640,71.48077,LinkedIn Learning,189.96791,3.8170965
6888,Course_6888,Programming,15,1049,60.65926,Udemy,79.649605,4.3595037
6889,Course_6889,Design,40,3769,79.44225,LinkedIn Learning,76.08704,4.022448
6890,Course_6890,Programming,66,3279,78.87219,edX,59.26296,3.0487678
6891,Course_6891,Business,48,3333,88.28867,edX,75.601715,3.2724543
6892,Course_6892,Data Science,81,370,96.79399,edX,48.477955,4.70322
6893,Course_6893,Data Science,58,397,71.16299,LinkedIn Learning,181.02493,4.9110236
6895,Course_6895,Finance,37,4548,90.2904,LinkedIn Learning,121.91439,3.1130624
6897,Course_6897,Finance,95,760,85.104576,Udemy,191.61653,4.001997
6898,Course_6898,Marketing,47,1885,55.818054,Udemy,84.42641,4.0839148
6901,Course_6901,Marketing,51,2042,79.882065,LinkedIn Learning,92.95856,3.4155054
6902,Course_6902,AI,66,1544,63.2522,edX,72.30104,3.666799
6903,Course_6903,Programming,67,2410,79.51901,edX,129.45206,4.619353
6906,Course_6906,Data Science,87,2522,71.455444,Udemy,14.155299,3.4061122
6908,Course_6908,AI,13,3805,68.30478,Udemy,58.51195,4.4135656
6909,Course_6909,Technology,71,3326,55.126934,LinkedIn Learning,146.24977,3.5332959
6910,Course_6910,Technology,86,1173,80.41862,LinkedIn Learning,111.850815,3.0404625
6911,Course_6911,Design,51,3634,56.006443,edX,169.00148,3.2961605
6912,Course_6912,Data Science,63,1885,90.31279,edX,157.01852,3.3232253
6913,Course_6913,Technology,31,4082,95.06763,edX,75.43614,3.958225
6914,Course_6914,Marketing,26,879,72.69171,Udemy,172.31654,3.2821379
6916,Course_6916,Technology,45,2993,82.52769,LinkedIn Learning,39.034184,3.617447
6918,Course_6918,Business,71,2811,75.22732,edX,21.536257,3.7853744
6919,Course_6919,Programming,28,3863,61.126766,edX,41.660244,4.064088
6920,Course_6920,Office Tools,47,3996,82.44057,LinkedIn Learning,158.67369,3.5793343
6922,Course_6922,Programming,53,322,50.673824,edX,155.28416,4.019999
6924,Course_6924,Technology,77,2318,98.00401,Udemy,16.232538,4.1807685
6925,Course_6925,AI,31,2935,95.59142,LinkedIn Learning,54.492744,3.7403069
6927,Course_6927,Office Tools,15,166,90.91694,Udemy,194.07057,4.344969
6928,Course_6928,AI,69,3012,88.36775,LinkedIn Learning,63.41176,4.5488515
6929,Course_6929,Office Tools,94,4293,61.296005,edX,60.491207,3.9323096
6930,Course_6930,Programming,27,2830,98.921196,LinkedIn Learning,175.12575,3.0953228
6931,Course_6931,Programming,65,661,66.66305,Udemy,85.38314,3.5160403
6933,Course_6933,Marketing,24,4661,50.698704,edX,102.91693,3.5327537
6936,Course_6936,Finance,55,1103,60.106632,Udemy,164.47433,4.9454737
6937,Course_6937,Data Science,74,2150,51.273315,Udemy,118.59321,3.6713884
6939,Course_6939,Finance,96,2567,74.31236,Udemy,105.43296,3.057724
6941,Course_6941,Technology,60,500,98.790565,edX,15.0601015,4.6321125
6942,Course_6942,Data Science,85,1927,80.33376,Udemy,134.11992,4.2736197
6943,Course_6943,Office Tools,31,4324,74.89903,edX,55.58244,4.592702
6944,Course_6944,Technology,29,3315,81.20436,edX,152.42757,3.4447124
6945,Course_6945,Business,39,2408,74.28421,LinkedIn Learning,33.65008,4.6055684
6946,Course_6946,Technology,82,3177,73.32719,edX,122.640724,3.7504013
6947,Course_6947,Finance,60,625,70.88444,Udemy,157.92374,3.6954408
6948,Course_6948,AI,63,4034,94.43518,LinkedIn Learning,196.27013,3.0235157
6949,Course_6949,Technology,86,4319,84.56164,edX,139.30281,3.8920712
6950,Course_6950,Data Science,93,4942,53.83674,LinkedIn Learning,89.12135,3.5534604
6952,Course_6952,Data Science,17,2603,97.03258,LinkedIn Learning,143.18541,4.495442
6953,Course_6953,Finance,16,4277,80.74166,edX,162.72636,4.439541
6955,Course_6955,Design,10,2488,93.15299,edX,60.62669,3.2431185
6956,Course_6956,Marketing,10,1339,82.172646,edX,54.038383,4.0168138
6959,Course_6959,Data Science,71,3210,87.52834,Udemy,57.33477,3.6581767
6960,Course_6960,AI,100,4780,57.246777,LinkedIn Learning,159.47462,4.2653933
6961,Course_6961,Data Science,75,2732,61.485558,edX,161.01862,3.0419822
6962,Course_6962,AI,90,693,80.03934,Udemy,144.00868,3.3531113
6963,Course_6963,Programming,58,3500,57.56832,edX,131.02182,4.357083
6964,Course_6964,Marketing,33,1752,63.415474,Udemy,159.69188,3.5746398
6966,Course_6966,Marketing,59,298,73.72763,Udemy,30.944729,4.0753984
6967,Course_6967,Design,24,4106,71.826675,Udemy,122.40027,3.3632193
6969,Course_6969,Programming,49,3298,68.02185,edX,124.00007,4.767644
6970,Course_6970,Business,35,164,65.11478,LinkedIn Learning,161.12183,4.2895455
6971,Course_6971,Marketing,14,1730,94.69082,LinkedIn Learning,146.27858,4.440799
6972,Course_6972,Technology,65,3526,70.64621,Udemy,97.14544,3.6936965
6973,Course_6973,Technology,14,1116,57.749012,edX,124.21043,4.615206
6974,Course_6974,Marketing,13,3209,66.97414,Udemy,73.12183,3.7849448
6975,Course_6975,Programming,73,2023,96.06305,LinkedIn Learning,174.15466,4.6288776
6976,Course_6976,Data Science,60,188,92.64126,LinkedIn Learning,97.0147,3.5472817
6977,Course_6977,Office Tools,88,2596,85.945465,edX,87.54876,4.747735
6978,Course_6978,Marketing,31,2935,61.345734,Udemy,161.94902,3.632826
6979,Course_6979,AI,26,2516,98.57497,Udemy,13.369841,3.9476938
6981,Course_6981,Marketing,36,4098,98.8419,LinkedIn Learning,155.06042,3.6554668
6982,Course_6982,Business,55,1144,60.212,Udemy,141.2389,3.8548405
6983,Course_6983,Programming,20,457,73.025696,Udemy,106.87682,4.8923373
6985,Course_6985,Technology,84,1466,56.62333,LinkedIn Learning,55.29812,4.4120564
6986,Course_6986,Office Tools,78,1115,74.38842,LinkedIn Learning,141.63828,4.1719403
6987,Course_6987,Data Science,65,844,90.94042,Udemy,119.91892,3.6658478
6988,Course_6988,Finance,14,1453,57.72263,LinkedIn Learning,183.33852,4.8499827
6990,Course_6990,Finance,61,2735,71.08269,LinkedIn Learning,83.68156,3.1427894
6991,Course_6991,Office Tools,70,4059,86.609955,edX,38.329872,4.436536
6992,Course_6992,Finance,26,3642,81.61217,LinkedIn Learning,80.96479,4.014446
6994,Course_6994,Marketing,34,2358,57.59672,LinkedIn Learning,80.232216,4.369003
6995,Course_6995,Business,50,1614,52.66287,LinkedIn Learning,11.624239,4.836582
6997,Course_6997,Data Science,54,1495,94.76261,edX,165.74432,3.4442418
6998,Course_6998,Design,31,3159,63.88367,edX,132.32893,3.1944966
6999,Course_6999,AI,27,3240,82.31261,edX,56.122356,3.274864
7000,Course_7000,Marketing,15,4758,55.01473,edX,129.4998,3.005437
7001,Course_7001,Design,71,740,85.24042,Udemy,149.38261,4.6046944
7003,Course_7003,Finance,53,2785,58.570335,Udemy,40.27969,3.0496094
7004,Course_7004,Design,67,3255,91.680145,LinkedIn Learning,57.91384,4.531806
7005,Course_7005,Office Tools,50,1684,65.48013,LinkedIn Learning,31.921137,3.3610094
7006,Course_7006,Business,39,910,67.18008,LinkedIn Learning,112.75489,4.9957657
7010,Course_7010,Finance,85,882,62.691544,edX,117.20515,4.755021
7011,Course_7011,Business,50,2559,94.7525,edX,26.56295,3.378716
7012,Course_7012,Technology,45,3036,56.967598,edX,176.63068,3.74174
7013,Course_7013,Marketing,49,1891,61.62001,LinkedIn Learning,38.340897,3.8987136
7014,Course_7014,Technology,30,335,73.435646,edX,196.05945,4.9537024
7015,Course_7015,Finance,21,2650,98.42815,edX,40.471737,3.0778382
7016,Course_7016,Marketing,66,1097,73.44152,LinkedIn Learning,28.467594,4.7011976
7017,Course_7017,Business,34,3428,57.672462,edX,30.025064,3.7783375
7018,Course_7018,Data Science,82,2194,55.258595,Udemy,177.4923,4.306144
7019,Course_7019,Data Science,37,2343,89.29023,edX,26.182453,4.887007
7021,Course_7021,AI,80,1365,53.887383,LinkedIn Learning,30.611795,3.7713153
7022,Course_7022,Business,23,549,55.196175,edX,164.93451,4.8263836
7023,Course_7023,Design,78,2410,53.219894,Udemy,47.00846,4.5669365
7024,Course_7024,Marketing,38,4654,75.604164,Udemy,23.943422,3.1818755
7026,Course_7026,Programming,91,1975,98.2385,edX,85.473724,4.110398
7027,Course_7027,Business,45,2885,78.969955,edX,119.60527,4.985238
7029,Course_7029,Data Science,89,3780,94.96356,LinkedIn Learning,66.027176,3.3766544
7030,Course_7030,Finance,21,2466,70.81439,edX,151.09239,4.5601325
7031,Course_7031,Office Tools,52,275,99.02237,LinkedIn Learning,71.50166,4.029309
7032,Course_7032,Data Science,33,4955,50.898464,Udemy,40.793213,3.4554188
7033,Course_7033,Office Tools,28,723,91.068756,edX,86.70847,4.444017
7034,Course_7034,AI,52,3237,52.921093,LinkedIn Learning,17.230864,4.2817597
7035,Course_7035,Design,98,4758,61.918274,LinkedIn Learning,138.89265,3.9742887
7036,Course_7036,Office Tools,22,4825,78.13819,Udemy,172.41077,3.7018325
7039,Course_7039,Design,56,381,72.25813,Udemy,79.12969,3.1741354
7041,Course_7041,Technology,19,3609,88.93291,edX,181.29437,3.0609634
7042,Course_7042,Technology,90,4155,69.041374,edX,26.168936,4.0397468
7043,Course_7043,Programming,30,2438,52.91908,Udemy,53.956707,3.2516391
7044,Course_7044,Office Tools,87,1515,87.6503,Udemy,109.68511,4.0979476
7045,Course_7045,Finance,63,458,65.615234,LinkedIn Learning,195.72018,4.7230487
7046,Course_7046,Office Tools,15,3046,97.03936,Udemy,117.38686,4.931286
7047,Course_7047,Office Tools,68,1550,80.15273,LinkedIn Learning,134.19475,3.4891138
7048,Course_7048,AI,17,2066,66.58846,edX,129.15169,4.9722095
7049,Course_7049,Business,43,3039,81.58823,Udemy,140.03362,3.2092526
7050,Course_7050,Programming,73,3776,96.48882,edX,84.3959,3.515756
7051,Course_7051,Business,66,3836,85.52714,LinkedIn Learning,195.07722,3.8469641
7054,Course_7054,Business,84,177,82.754875,LinkedIn Learning,176.64249,3.6935766
7055,Course_7055,Office Tools,80,3032,87.694725,edX,136.07985,3.9658654
7056,Course_7056,Programming,13,3696,71.25101,edX,106.86371,4.9575195
7058,Course_7058,Technology,56,4029,82.64528,edX,114.65475,3.5212617
7059,Course_7059,Office Tools,25,1005,89.700485,Udemy,95.30491,3.4869695
7061,Course_7061,Finance,93,2301,56.342464,LinkedIn Learning,124.47238,4.4290957
7062,Course_7062,Technology,55,2096,53.014965,edX,71.728935,4.957613
7064,Course_7064,Marketing,56,4622,57.820126,edX,29.836132,4.638162
7065,Course_7065,Finance,97,3824,90.320656,Udemy,45.287506,4.367257
7066,Course_7066,AI,77,866,58.562912,Udemy,119.46115,4.799514
7067,Course_7067,Design,41,426,99.0671,Udemy,144.33733,3.6704898
7068,Course_7068,Finance,71,4626,69.50017,edX,57.581444,3.3294141
7070,Course_7070,Office Tools,68,2950,96.31749,Udemy,140.09477,3.6924493
7071,Course_7071,Programming,56,2527,66.900024,edX,116.72444,3.7064948
7072,Course_7072,Business,49,3154,92.40981,LinkedIn Learning,194.43103,3.2860909
7073,Course_7073,Design,35,1086,83.58192,Udemy,172.39876,4.3123527
7074,Course_7074,Programming,37,499,59.896057,edX,50.67354,3.216096
7075,Course_7075,Data Science,30,1314,84.52791,Udemy,56.2623,4.4299736
7076,Course_7076,Office Tools,97,3535,97.268745,Udemy,19.010693,3.0763304
7078,Course_7078,Design,58,2192,63.241375,Udemy,94.432625,4.590711
7079,Course_7079,Finance,16,3738,56.14771,Udemy,156.13419,3.7418742
7080,Course_7080,Business,34,2359,67.03587,edX,20.271154,4.5718956
7081,Course_7081,AI,11,686,77.9379,edX,65.67525,3.787792
7082,Course_7082,Design,44,3064,98.97634,Udemy,70.54016,4.724973
7084,Course_7084,Technology,59,4607,61.152157,edX,121.581406,3.5468204
7085,Course_7085,Business,87,872,85.37086,LinkedIn Learning,165.6318,3.4381998
7086,Course_7086,Business,93,4649,72.143814,LinkedIn Learning,20.203802,4.5626693
7090,Course_7090,AI,59,2232,64.7154,LinkedIn Learning,18.938198,4.028764
7091,Course_7091,Data Science,55,3047,64.86468,Udemy,100.78689,3.855325
7092,Course_7092,Design,21,3604,61.582504,edX,157.05476,3.647322
7093,Course_7093,Finance,51,4074,93.94,LinkedIn Learning,166.23238,4.5729084
7094,Course_7094,Technology,55,2865,91.3269,Udemy,183.36115,4.129848
7096,Course_7096,Programming,63,4139,73.4765,edX,165.3651,4.488457
7099,Course_7099,Finance,58,763,54.48292,edX,199.00302,4.2434764
7104,Course_7104,Data Science,65,1644,83.88295,LinkedIn Learning,160.14891,4.9269314
7105,Course_7105,Data Science,78,3071,63.005577,edX,139.2266,3.1697347
7107,Course_7107,Data Science,69,3473,63.701725,Udemy,140.87173,3.7630515
7108,Course_7108,Programming,66,4121,50.6525,edX,52.33822,4.247666
7109,Course_7109,Business,94,4742,71.184364,edX,91.68748,4.007842
7114,Course_7114,AI,54,4599,81.95021,edX,135.25554,3.5058649
7116,Course_7116,Design,52,261,82.177475,Udemy,30.554482,3.1185253
7117,Course_7117,Data Science,10,579,77.44865,LinkedIn Learning,47.829742,4.0980883
7118,Course_7118,Marketing,16,3976,76.61525,Udemy,16.168196,4.7122693
7119,Course_7119,Design,44,4957,63.50891,Udemy,46.178143,4.9819884
7120,Course_7120,Office Tools,67,1289,63.078655,Udemy,127.4888,4.981111
7121,Course_7121,AI,44,2019,93.24478,Udemy,29.963316,3.4957948
7122,Course_7122,Marketing,23,1009,58.001846,Udemy,174.96727,3.7437687
7123,Course_7123,AI,31,4102,85.1942,LinkedIn Learning,52.74897,3.3367424
7125,Course_7125,Programming,24,915,74.71465,LinkedIn Learning,31.933348,4.0922937
7126,Course_7126,Design,17,2595,87.98259,LinkedIn Learning,55.851746,4.16032
7128,Course_7128,Office Tools,63,626,94.08415,edX,102.55677,3.46564
7130,Course_7130,Technology,85,4573,99.32446,edX,124.007065,4.6668267
7131,Course_7131,Marketing,60,3387,53.03234,LinkedIn Learning,171.54648,4.240106
7133,Course_7133,Business,66,2344,87.04752,LinkedIn Learning,28.161123,3.787113
7134,Course_7134,Finance,52,140,80.943016,LinkedIn Learning,197.8393,3.157977
7135,Course_7135,Business,65,946,94.73476,LinkedIn Learning,147.95828,3.6771882
7136,Course_7136,Marketing,54,2215,65.72804,Udemy,137.63559,4.238295
7137,Course_7137,Design,70,2662,93.39037,LinkedIn Learning,23.507761,3.9676886
7139,Course_7139,AI,28,792,88.80912,LinkedIn Learning,197.89865,3.4689982
7142,Course_7142,Design,16,4484,95.27468,edX,13.843076,4.1211586
7145,Course_7145,Data Science,40,862,90.94228,LinkedIn Learning,65.75358,3.8774307
7147,Course_7147,Data Science,54,901,71.59659,edX,19.692417,3.4918332
7148,Course_7148,Design,51,1393,69.73107,edX,155.1608,3.6410577
7152,Course_7152,Office Tools,91,1400,74.22167,LinkedIn Learning,75.85434,3.4795628
7153,Course_7153,Business,90,251,81.478714,Udemy,130.5816,3.1135561
7154,Course_7154,Business,56,203,58.462162,LinkedIn Learning,76.58053,3.454623
7156,Course_7156,Marketing,23,483,97.68803,Udemy,131.96228,4.3392286
7158,Course_7158,Finance,30,4048,53.366108,Udemy,185.93181,3.3598826
7159,Course_7159,Marketing,91,1907,72.58934,LinkedIn Learning,186.69136,4.0820794
7160,Course_7160,Data Science,76,2365,87.98887,Udemy,168.61404,4.264234
7162,Course_7162,Design,69,2693,69.11595,Udemy,23.901857,3.0963697
7163,Course_7163,Business,19,789,61.71299,LinkedIn Learning,157.15497,3.7158527
7165,Course_7165,Office Tools,81,156,83.64245,Udemy,114.21485,4.763021
7166,Course_7166,Technology,31,4123,66.78702,LinkedIn Learning,168.0198,3.0383053
7167,Course_7167,Programming,51,510,72.42461,LinkedIn Learning,198.60591,3.261171
7168,Course_7168,Finance,87,1381,84.35038,LinkedIn Learning,152.61417,3.7030911
7170,Course_7170,Office Tools,54,4301,97.059616,Udemy,35.965744,3.3230314
7171,Course_7171,Data Science,100,4178,95.40473,Udemy,128.67064,4.715261
7172,Course_7172,Design,43,679,79.477615,Udemy,75.487976,3.1112688
7173,Course_7173,Business,72,3820,67.91614,LinkedIn Learning,155.78706,3.4775288
7174,Course_7174,Technology,56,4927,65.17057,edX,129.33493,4.793824
7175,Course_7175,Business,81,760,79.9256,LinkedIn Learning,152.13686,3.963827
7176,Course_7176,Finance,63,1953,81.79874,LinkedIn Learning,74.01681,4.2114573
7177,Course_7177,Marketing,88,2058,84.19542,LinkedIn Learning,73.549576,4.8048086
7178,Course_7178,Technology,100,2329,75.17095,Udemy,34.8425,3.3569708
7179,Course_7179,Technology,83,429,84.612305,LinkedIn Learning,13.4801855,4.4359355
7181,Course_7181,Programming,65,3642,93.488625,edX,63.739025,4.5735555
7182,Course_7182,Marketing,78,4269,60.894817,LinkedIn Learning,50.163643,3.8751557
7183,Course_7183,AI,24,1334,83.92917,LinkedIn Learning,115.69981,3.7999651
7184,Course_7184,Data Science,31,4950,53.02812,LinkedIn Learning,66.279015,3.3183997
7185,Course_7185,Programming,11,752,96.95078,Udemy,50.45243,3.0561347
7186,Course_7186,Finance,84,4197,99.860535,Udemy,164.83745,4.062774
7187,Course_7187,Marketing,62,2005,74.499176,edX,81.1707,3.0667558
7188,Course_7188,AI,24,1304,56.616764,Udemy,71.81494,4.6291995
7189,Course_7189,Design,41,2867,69.8386,LinkedIn Learning,55.997013,4.290673
7190,Course_7190,AI,71,3698,88.8746,edX,13.804009,3.2583985
7191,Course_7191,Technology,70,243,59.77698,Udemy,160.2496,4.900465
7192,Course_7192,AI,33,493,69.59633,LinkedIn Learning,121.47726,3.3733542
7193,Course_7193,Finance,89,1025,64.694534,edX,109.76383,3.6918967
7194,Course_7194,Programming,98,2440,87.11358,Udemy,194.61389,4.2706375
7195,Course_7195,Technology,22,818,85.96243,edX,44.166702,4.860893
7196,Course_7196,Office Tools,25,3047,74.62354,LinkedIn Learning,94.65333,3.2068849
7197,Course_7197,AI,54,2127,76.998856,edX,66.492226,3.4338338
7198,Course_7198,Office Tools,50,1682,86.327995,Udemy,86.286705,4.6426907
7199,Course_7199,Data Science,21,4057,86.43282,LinkedIn Learning,72.38285,4.429171
7202,Course_7202,Finance,17,428,81.14228,Udemy,92.14125,4.0040927
7204,Course_7204,Business,89,285,79.96175,edX,146.38301,3.4085157
7207,Course_7207,Business,14,3296,53.941097,LinkedIn Learning,24.718021,3.8442953
7210,Course_7210,Marketing,66,1909,78.03117,Udemy,67.7509,3.3089173
7211,Course_7211,Design,56,817,85.61202,edX,129.46806,3.3203442
7213,Course_7213,Design,77,2070,83.31694,LinkedIn Learning,157.92088,3.634944
7214,Course_7214,AI,24,869,78.18448,edX,33.55036,4.577541
7215,Course_7215,AI,59,1681,53.466114,edX,126.47454,4.4705195
7216,Course_7216,Business,47,2438,76.50717,Udemy,73.01091,4.951503
7219,Course_7219,Office Tools,56,2808,64.70906,edX,91.99597,4.261179
7220,Course_7220,Office Tools,87,2920,84.82877,LinkedIn Learning,146.91869,3.624006
7221,Course_7221,Programming,66,4488,82.30526,LinkedIn Learning,180.35913,4.751269
7222,Course_7222,Business,96,4525,73.927986,edX,179.0585,4.1953177
7224,Course_7224,Business,30,809,57.49581,Udemy,183.48756,4.651934
7225,Course_7225,Programming,68,2530,78.28941,LinkedIn Learning,47.962273,4.3759503
7226,Course_7226,Design,55,3505,60.883022,Udemy,131.77911,4.29641
7227,Course_7227,AI,24,4991,58.609188,edX,139.54114,3.6929152
7228,Course_7228,Design,47,3841,87.22459,Udemy,166.17488,4.612287
7229,Course_7229,AI,25,350,76.42611,LinkedIn Learning,188.90889,3.6535168
7231,Course_7231,Finance,55,1184,81.10836,LinkedIn Learning,172.9026,4.16255
7232,Course_7232,Technology,84,3261,63.578655,LinkedIn Learning,192.34673,4.1413355
7233,Course_7233,Technology,64,3140,85.56195,Udemy,90.51401,4.3721986
7234,Course_7234,Office Tools,88,4173,56.121292,edX,44.81994,3.4748497
7235,Course_7235,Programming,78,590,94.64413,LinkedIn Learning,152.92442,4.2609625
7236,Course_7236,AI,44,668,65.55927,Udemy,191.36365,4.8258405
7237,Course_7237,Business,77,1850,53.815575,LinkedIn Learning,182.65378,4.051909
7238,Course_7238,AI,78,3564,76.68785,edX,38.784245,3.6465104
7239,Course_7239,Business,80,1775,73.01608,Udemy,119.837944,4.5707245
7240,Course_7240,Technology,77,155,67.13872,Udemy,50.163704,3.7226422
7241,Course_7241,Business,62,4601,88.63632,Udemy,192.07635,3.426131
7243,Course_7243,Marketing,50,4966,58.497772,edX,64.5431,4.250918
7245,Course_7245,Data Science,10,1074,76.25155,edX,142.97264,4.4327445
7246,Course_7246,Finance,72,2885,94.22321,edX,165.91095,3.2372546
7247,Course_7247,Data Science,72,628,61.80649,Udemy,173.21916,4.622657
7248,Course_7248,Design,10,2727,97.947464,edX,191.17085,4.2542353
7249,Course_7249,Office Tools,21,342,86.44241,Udemy,134.71889,4.8292108
7250,Course_7250,AI,41,1135,96.298645,LinkedIn Learning,58.28277,3.0633707
7252,Course_7252,Business,43,2433,92.8975,Udemy,120.46296,3.4309735
7253,Course_7253,Business,92,1545,52.12537,edX,36.61732,3.180336
7255,Course_7255,Data Science,31,3004,66.21069,edX,10.512056,4.2114444
7256,Course_7256,Technology,43,2400,73.2045,edX,36.818142,4.3193207
7257,Course_7257,Marketing,84,697,62.687073,Udemy,125.642166,4.641881
7259,Course_7259,Technology,65,2610,70.93013,Udemy,70.99038,4.210881
7261,Course_7261,Programming,96,2520,69.45824,Udemy,177.47006,3.918084
7262,Course_7262,Design,75,3363,83.1521,Udemy,197.35577,3.8114488
7263,Course_7263,Marketing,18,2605,63.945007,LinkedIn Learning,87.75437,4.4084854
7264,Course_7264,Office Tools,36,1366,62.492287,edX,156.28207,3.23591
7266,Course_7266,Office Tools,25,1417,92.53624,Udemy,98.79929,4.893455
7267,Course_7267,Design,33,4747,80.28367,edX,116.892395,3.893637
7268,Course_7268,Office Tools,44,3417,98.98783,edX,27.42359,4.3776693
7269,Course_7269,Technology,18,2990,71.87551,LinkedIn Learning,39.10164,4.2359276
7272,Course_7272,Technology,28,1055,72.36246,LinkedIn Learning,20.942892,3.4060655
7273,Course_7273,Technology,90,4806,73.29043,LinkedIn Learning,159.0054,3.0543816
7274,Course_7274,Design,30,834,60.587482,LinkedIn Learning,38.758766,4.664008
7276,Course_7276,Technology,100,2896,99.81525,LinkedIn Learning,21.763515,3.6013925
7277,Course_7277,Technology,36,3806,93.16496,Udemy,60.5963,4.188431
7278,Course_7278,Office Tools,32,2250,83.77387,Udemy,15.535581,3.587445
7280,Course_7280,Design,41,366,59.021843,edX,123.51515,4.689207
7282,Course_7282,AI,52,3781,74.88417,edX,137.29034,4.898581
7283,Course_7283,Office Tools,57,977,56.876904,Udemy,109.203705,4.687204
7285,Course_7285,Office Tools,76,4410,76.78837,edX,109.74034,4.3417797
7286,Course_7286,Office Tools,41,4704,87.43564,LinkedIn Learning,127.97309,4.7255297
7287,Course_7287,Business,39,2613,68.587555,Udemy,98.65587,3.237664
7288,Course_7288,Business,90,282,77.8275,Udemy,32.98729,4.683591
7289,Course_7289,Office Tools,17,2314,92.02996,Udemy,187.48106,3.3517945
7291,Course_7291,Business,51,2698,55.48872,LinkedIn Learning,13.168135,4.055445
7292,Course_7292,AI,52,4336,95.39063,LinkedIn Learning,13.841143,3.0790396
7293,Course_7293,Office Tools,41,2622,98.97651,edX,29.913443,3.0892844
7294,Course_7294,Marketing,68,3652,92.89783,Udemy,186.33754,3.5053117
7295,Course_7295,Programming,91,1562,91.459076,edX,161.81256,4.086645
7297,Course_7297,Design,92,3997,67.21836,Udemy,62.01781,3.1489077
7298,Course_7298,Data Science,62,3550,56.0012,LinkedIn Learning,38.034916,4.6530237
7300,Course_7300,AI,85,913,98.321686,edX,97.54624,3.5373774
7303,Course_7303,Marketing,89,3137,58.783703,edX,169.34543,4.816237
7304,Course_7304,Technology,89,4251,78.60567,Udemy,159.68399,4.564371
7305,Course_7305,Technology,32,4750,77.722435,edX,64.56017,3.7616882
7306,Course_7306,Technology,49,3299,54.15366,edX,198.1308,3.0155776
7307,Course_7307,Data Science,92,622,83.451775,LinkedIn Learning,78.347244,4.4944224
7309,Course_7309,Office Tools,31,2589,88.901276,edX,96.043625,4.410475
7310,Course_7310,Design,18,290,87.118164,LinkedIn Learning,32.303,3.9807796
7311,Course_7311,Finance,37,3744,50.01284,edX,122.367294,3.120222
7312,Course_7312,Office Tools,42,399,96.68191,LinkedIn Learning,50.332626,4.894785
7313,Course_7313,Data Science,29,2482,51.811073,edX,130.91176,4.0643554
7314,Course_7314,Finance,42,4567,85.36757,LinkedIn Learning,57.303894,3.1943843
7315,Course_7315,Marketing,87,4510,90.82503,LinkedIn Learning,122.23098,3.140155
7316,Course_7316,Programming,17,1951,58.437412,Udemy,80.67262,4.0101266
7317,Course_7317,Programming,94,4331,81.45195,LinkedIn Learning,75.92226,3.1633635
7318,Course_7318,Programming,74,3848,51.9318,LinkedIn Learning,14.094028,3.6803992
7319,Course_7319,Marketing,85,1165,59.45153,edX,166.5757,4.977634
7320,Course_7320,Finance,56,339,58.981277,Udemy,84.81509,4.073153
7321,Course_7321,Office Tools,87,3832,75.874405,LinkedIn Learning,38.58349,3.0472765
7322,Course_7322,Finance,61,198,99.18203,edX,160.58356,4.189052
7324,Course_7324,Finance,46,3183,88.97553,LinkedIn Learning,53.762043,3.134678
7325,Course_7325,Technology,94,2608,67.09722,edX,70.32886,4.537965
7327,Course_7327,Technology,29,4844,66.738266,Udemy,20.678534,4.892541
7328,Course_7328,Office Tools,65,1525,83.84281,Udemy,99.01878,4.693459
7329,Course_7329,Finance,47,2194,64.42519,edX,110.36044,4.171685
7331,Course_7331,Programming,54,3332,97.16283,edX,79.87932,4.0190268
7332,Course_7332,Marketing,57,4853,89.58055,Udemy,129.16566,3.3388753
7334,Course_7334,Programming,81,4455,68.434784,Udemy,108.40019,4.777055
7335,Course_7335,Business,37,1835,66.99714,edX,49.097954,3.203974
7336,Course_7336,Office Tools,99,3229,80.12081,LinkedIn Learning,34.31132,4.496483
7337,Course_7337,AI,54,1559,96.950806,edX,92.42601,3.0594895
7338,Course_7338,Office Tools,98,536,55.792,Udemy,79.391525,3.7375815
7339,Course_7339,Design,69,4209,72.43596,LinkedIn Learning,180.15451,3.0106792
7340,Course_7340,Marketing,95,3772,55.308514,edX,128.98578,3.4810865
7341,Course_7341,AI,80,1524,64.0658,Udemy,134.81902,3.7415679
7343,Course_7343,AI,92,1894,58.899788,LinkedIn Learning,108.58128,4.7105823
7345,Course_7345,Business,68,4713,58.14866,Udemy,67.489624,3.4785535
7346,Course_7346,Technology,37,2204,59.566784,LinkedIn Learning,77.035545,3.2413406
7347,Course_7347,AI,13,4030,76.26019,edX,79.35505,4.165183
7349,Course_7349,Office Tools,18,3115,77.39175,edX,152.09943,4.993396
7350,Course_7350,Programming,57,3577,91.39133,LinkedIn Learning,125.9055,4.4217343
7351,Course_7351,Programming,97,2587,99.53875,edX,137.8519,3.9074702
7352,Course_7352,Office Tools,40,3659,86.84278,edX,86.62886,3.3798575
7355,Course_7355,Office Tools,63,437,70.10175,LinkedIn Learning,179.7535,3.39243
7358,Course_7358,Marketing,56,790,60.71007,Udemy,77.518234,3.3412206
7359,Course_7359,Technology,74,415,83.58905,LinkedIn Learning,90.43185,3.8773065
7361,Course_7361,Office Tools,94,4757,79.55659,Udemy,167.73126,3.2221866
7362,Course_7362,Programming,37,293,75.09614,Udemy,161.80504,4.472859
7363,Course_7363,Marketing,63,1994,72.10151,LinkedIn Learning,86.255844,3.798503
7364,Course_7364,Finance,88,321,85.16952,Udemy,50.150475,3.3812506
7367,Course_7367,Data Science,32,1577,69.62997,edX,169.83105,4.6506763
7368,Course_7368,Data Science,22,3296,88.26913,LinkedIn Learning,140.38477,4.5462217
7369,Course_7369,Technology,100,426,70.89228,edX,123.05429,3.3284936
7370,Course_7370,Technology,64,2855,96.197105,LinkedIn Learning,30.285957,4.703604
7372,Course_7372,Office Tools,84,1183,97.71968,Udemy,136.9886,3.4624603
7375,Course_7375,Finance,16,2852,82.826096,edX,168.63257,3.6733027
7376,Course_7376,Marketing,22,951,51.189125,edX,137.32314,3.2994998
7380,Course_7380,Marketing,73,4494,76.08458,edX,58.62034,4.497327
7381,Course_7381,Marketing,13,2219,56.633247,LinkedIn Learning,149.88766,4.6846747
7382,Course_7382,Technology,96,1756,90.7961,Udemy,179.35793,4.6931973
7383,Course_7383,Finance,99,3106,59.078983,LinkedIn Learning,22.395288,4.9366565
7384,Course_7384,Programming,69,4672,71.00396,edX,156.74756,3.4892015
7386,Course_7386,Technology,80,1957,66.60136,LinkedIn Learning,108.66786,3.2278776
7387,Course_7387,AI,94,1585,80.93842,Udemy,82.17393,3.3362837
7388,Course_7388,Design,49,4467,67.71953,edX,198.5569,3.9361794
7389,Course_7389,Finance,52,3728,77.065254,Udemy,199.9323,3.2561045
7390,Course_7390,Office Tools,75,1080,70.26047,edX,165.54517,4.3630695
7391,Course_7391,Design,93,724,87.71424,Udemy,32.055286,4.1657734
7393,Course_7393,Programming,37,3857,53.856567,Udemy,54.463207,3.9926372
7394,Course_7394,Business,91,2631,71.12468,LinkedIn Learning,38.600876,4.890845
7395,Course_7395,Programming,68,822,74.19499,LinkedIn Learning,117.85695,3.2240136
7396,Course_7396,Marketing,57,3987,92.36811,LinkedIn Learning,141.27962,4.110866
7397,Course_7397,Office Tools,77,3925,85.43313,Udemy,133.23479,3.3098629
7398,Course_7398,Design,30,3782,71.66978,edX,199.80557,3.9624205
7400,Course_7400,Marketing,26,3995,67.298676,LinkedIn Learning,86.58189,4.147785
7401,Course_7401,Programming,11,944,69.48643,Udemy,38.757618,3.6562707
7403,Course_7403,Business,16,2215,99.631805,Udemy,166.0675,4.006126
7404,Course_7404,Data Science,28,2237,87.66791,edX,89.954865,4.1785135
7405,Course_7405,Design,78,116,73.5882,edX,45.154434,4.3887653
7409,Course_7409,AI,16,3540,78.06306,edX,125.51755,3.9041777
7411,Course_7411,Marketing,31,4421,77.261566,Udemy,149.66353,3.4104881
7412,Course_7412,Marketing,38,2595,95.7721,edX,61.64757,4.631305
7414,Course_7414,Data Science,20,772,63.561306,LinkedIn Learning,131.571,4.4123955
7415,Course_7415,Marketing,78,3372,60.071156,Udemy,130.43007,3.3049333
7417,Course_7417,Programming,94,4941,55.524094,edX,81.84632,4.0445647
7418,Course_7418,Data Science,39,2574,77.34065,Udemy,102.48794,3.086283
7419,Course_7419,Office Tools,28,960,84.58711,LinkedIn Learning,141.95479,4.296304
7420,Course_7420,Finance,27,4003,84.15272,edX,123.04461,4.939582
7421,Course_7421,Finance,95,633,70.158585,edX,75.19046,4.629306
7422,Course_7422,AI,19,3332,97.19693,Udemy,88.01734,4.738894
7424,Course_7424,Office Tools,83,4653,72.27942,LinkedIn Learning,167.53589,3.5760102
7426,Course_7426,AI,70,2333,72.82207,Udemy,127.86206,4.9205165
7427,Course_7427,Office Tools,84,4364,93.34904,LinkedIn Learning,129.97878,4.005997
7429,Course_7429,Programming,34,2325,82.611,Udemy,197.46152,3.7881315
7430,Course_7430,Design,84,2074,70.91808,LinkedIn Learning,190.6169,3.700453
7431,Course_7431,Technology,38,1808,88.30437,edX,194.22032,4.797555
7433,Course_7433,AI,99,986,88.606865,LinkedIn Learning,100.56764,3.123445
7436,Course_7436,Data Science,78,4772,55.58621,Udemy,181.02596,4.941186
7437,Course_7437,Office Tools,90,2167,51.604355,LinkedIn Learning,75.32229,3.8665612
7438,Course_7438,Data Science,61,894,52.59233,edX,23.450909,4.5526514
7441,Course_7441,Data Science,67,4764,58.184254,edX,101.073166,4.0497384
7443,Course_7443,Office Tools,54,1494,51.903015,Udemy,93.98511,3.1353545
7444,Course_7444,Business,55,1242,96.48549,Udemy,118.99641,4.461836
7446,Course_7446,Design,66,1398,56.25161,Udemy,199.1988,3.4031868
7448,Course_7448,AI,49,4835,68.28354,edX,192.24597,4.6757236
7449,Course_7449,AI,27,763,61.012005,edX,128.70387,3.6154213
7450,Course_7450,AI,65,3490,95.97033,Udemy,95.03158,4.8958707
7451,Course_7451,Programming,62,4478,75.24642,edX,178.87135,3.7737415
7453,Course_7453,Finance,43,1144,75.84282,Udemy,34.393307,4.568918
7454,Course_7454,Marketing,87,3669,83.68109,Udemy,69.60446,3.3291972
7457,Course_7457,Technology,14,1649,77.28232,LinkedIn Learning,147.80136,3.875176
7458,Course_7458,Business,73,3541,86.30942,edX,98.259605,4.8069777
7459,Course_7459,AI,98,4654,77.775024,edX,119.483795,3.7892723
7462,Course_7462,AI,99,4466,61.30186,Udemy,146.43849,3.0067956
7463,Course_7463,Design,14,504,86.94559,LinkedIn Learning,31.042961,3.0725265
7464,Course_7464,Business,21,4582,85.705925,edX,84.10105,4.7701616
7465,Course_7465,Programming,50,4351,94.572395,LinkedIn Learning,100.19446,4.4739904
7466,Course_7466,Technology,65,1367,89.72055,edX,135.00842,3.9134505
7467,Course_7467,Technology,21,2978,52.691334,Udemy,34.294064,3.4252057
7468,Course_7468,Finance,98,2598,64.02653,Udemy,76.40427,4.512316
7470,Course_7470,Technology,24,4390,90.27294,edX,196.29814,4.3332696
7471,Course_7471,Business,70,1419,74.338196,LinkedIn Learning,64.59296,4.684155
7472,Course_7472,Design,56,2944,96.568924,edX,17.141432,4.4710793
7473,Course_7473,Design,73,1518,70.60197,LinkedIn Learning,167.32385,4.7493277
7474,Course_7474,Marketing,26,370,58.017822,edX,83.86531,3.7140694
7475,Course_7475,Office Tools,16,2682,99.93093,Udemy,167.61008,3.1272168
7476,Course_7476,Design,49,2539,93.55951,Udemy,41.378143,4.011657
7478,Course_7478,Data Science,99,223,67.49612,Udemy,190.35896,4.446261
7479,Course_7479,Finance,48,4101,94.10367,edX,20.134396,4.9202642
7480,Course_7480,Design,41,1598,63.06893,Udemy,51.746513,3.1795688
7481,Course_7481,Technology,58,2642,58.167645,Udemy,24.702614,3.170204
7484,Course_7484,Technology,67,3129,63.847916,Udemy,176.99075,3.8608978
7485,Course_7485,Technology,48,1161,64.86449,Udemy,15.346932,3.772807
7486,Course_7486,Office Tools,95,3979,70.663506,Udemy,132.60008,3.660711
7487,Course_7487,Office Tools,75,4589,62.59944,LinkedIn Learning,110.336426,3.2855425
7488,Course_7488,Design,57,167,91.1068,LinkedIn Learning,185.45387,3.1755695
7489,Course_7489,AI,62,145,52.59477,LinkedIn Learning,24.796083,4.5867505
7490,Course_7490,AI,48,3170,56.43737,Udemy,157.61444,4.4374814
7492,Course_7492,Office Tools,12,4534,56.34424,Udemy,133.70883,3.7946134
7493,Course_7493,Design,13,4227,69.83238,edX,37.718826,3.6378376
7494,Course_7494,Marketing,83,282,92.522934,Udemy,26.466906,4.738254
7498,Course_7498,Office Tools,44,3637,73.98148,Udemy,157.08815,3.5825083
7499,Course_7499,Marketing,30,2676,76.84141,edX,197.58449,3.8408566
7502,Course_7502,Finance,78,1428,52.83105,edX,34.726665,3.3012197
7503,Course_7503,Marketing,99,4977,64.149445,LinkedIn Learning,89.70866,3.411126
7504,Course_7504,Data Science,84,3220,59.95109,edX,121.69985,4.1677885
7505,Course_7505,Technology,63,3557,71.65192,LinkedIn Learning,50.169502,4.7381535
7508,Course_7508,Marketing,59,1340,81.35527,Udemy,138.87077,4.101856
7509,Course_7509,Business,93,2469,82.35199,edX,34.719612,4.7279544
7510,Course_7510,Data Science,26,2592,90.32353,Udemy,75.11726,4.481419
7511,Course_7511,Programming,97,3265,75.92,Udemy,121.54605,4.034342
7514,Course_7514,AI,48,4000,64.008484,edX,173.10852,4.0169606
7515,Course_7515,Data Science,97,2594,60.101337,Udemy,115.99297,4.4352026
7517,Course_7517,Data Science,97,2970,87.88517,edX,127.743546,4.909782
7518,Course_7518,Technology,46,3167,62.424812,edX,54.702442,4.950391
7519,Course_7519,Office Tools,85,135,51.88964,LinkedIn Learning,48.168438,4.3218904
7520,Course_7520,Programming,22,3943,69.7033,Udemy,24.804607,3.3721673
7521,Course_7521,AI,18,2136,89.55323,edX,52.229218,3.3436127
7522,Course_7522,AI,14,3802,58.58732,edX,28.746399,4.4974
7523,Course_7523,Technology,46,3230,96.10257,Udemy,185.0442,4.246334
7524,Course_7524,Technology,96,2195,81.43826,LinkedIn Learning,155.76254,3.2441828
7525,Course_7525,Programming,13,3362,88.65332,Udemy,70.418686,3.28904
7526,Course_7526,AI,43,3705,70.87865,edX,19.02373,4.6145864
7527,Course_7527,Marketing,14,3252,99.39082,LinkedIn Learning,168.9091,3.5749125
7528,Course_7528,Design,76,4676,62.575153,edX,116.261246,3.8968503
7529,Course_7529,Finance,62,1308,99.49711,LinkedIn Learning,41.417957,3.3606038
7530,Course_7530,Office Tools,86,438,95.3453,edX,91.24815,3.8087125
7531,Course_7531,Finance,66,2015,84.81296,Udemy,42.97519,3.3990736
7532,Course_7532,Office Tools,86,2787,76.033394,Udemy,65.843506,4.478644
7534,Course_7534,Finance,18,3260,57.31275,edX,125.08787,3.4966242
7535,Course_7535,Marketing,13,3097,90.98579,LinkedIn Learning,161.15746,3.5094733
7536,Course_7536,Data Science,20,3451,67.48182,LinkedIn Learning,108.56785,3.158732
7537,Course_7537,Data Science,73,1653,71.044876,edX,195.48828,4.6504374
7538,Course_7538,Programming,60,3191,61.771965,LinkedIn Learning,166.58623,4.0110183
7539,Course_7539,Technology,44,3418,57.670708,LinkedIn Learning,195.90237,4.743056
7540,Course_7540,Office Tools,90,460,85.830536,edX,136.60728,3.8330035
7541,Course_7541,Data Science,75,3257,86.5345,Udemy,28.43901,4.52158
7542,Course_7542,AI,32,4486,85.96605,edX,68.06337,3.69838
7543,Course_7543,AI,95,3941,94.447716,LinkedIn Learning,159.44897,4.9989595
7544,Course_7544,Design,45,2576,54.62864,Udemy,24.968077,3.0768669
7545,Course_7545,Business,96,4094,78.19705,Udemy,37.117847,3.2654502
7546,Course_7546,AI,11,4947,95.36337,Udemy,75.630356,4.3828077
7548,Course_7548,Business,87,3788,57.79705,Udemy,20.221039,4.1868367
7550,Course_7550,Business,27,4725,99.436806,Udemy,192.49504,4.1374383
7551,Course_7551,Data Science,75,1232,54.646652,LinkedIn Learning,10.037342,4.306239
7552,Course_7552,Technology,48,4832,50.918232,Udemy,65.73691,3.9931445
7553,Course_7553,Business,96,1679,72.929924,edX,195.58665,3.7106392
7555,Course_7555,Business,76,2953,91.2987,Udemy,165.47939,4.884239
7556,Course_7556,Technology,59,3325,94.34527,Udemy,89.32073,3.1716685
7557,Course_7557,Office Tools,50,210,59.893494,LinkedIn Learning,62.44851,4.669775
7558,Course_7558,Business,55,3839,53.244526,Udemy,76.85778,3.892788
7559,Course_7559,Design,12,1878,98.82218,LinkedIn Learning,157.42253,3.5469618
7560,Course_7560,Finance,92,1560,86.32584,LinkedIn Learning,98.39584,3.1114643
7561,Course_7561,AI,89,2339,54.764366,Udemy,31.477205,4.3028946
7562,Course_7562,Data Science,93,1684,95.6636,LinkedIn Learning,142.23564,4.011746
7563,Course_7563,AI,12,690,94.49861,LinkedIn Learning,192.27173,3.7261572
7567,Course_7567,Programming,63,2546,87.35372,edX,90.71258,3.3925536
7571,Course_7571,Office Tools,64,3446,78.080605,LinkedIn Learning,170.77144,4.2104774
7572,Course_7572,Data Science,36,1268,92.58564,LinkedIn Learning,175.70627,3.5179646
7573,Course_7573,AI,63,4281,78.65895,LinkedIn Learning,168.23419,3.9963796
7575,Course_7575,Design,84,732,72.68798,LinkedIn Learning,193.11134,4.049023
7576,Course_7576,AI,33,1121,85.77832,LinkedIn Learning,112.87792,4.7167807
7577,Course_7577,Finance,80,2002,61.929398,edX,132.22363,4.764754
7578,Course_7578,Technology,12,387,50.36374,edX,137.23705,4.728368
7579,Course_7579,Data Science,42,2360,76.99624,LinkedIn Learning,115.92638,4.4662385
7580,Course_7580,Finance,94,2024,82.525566,edX,96.67279,4.372689
7581,Course_7581,AI,80,3937,52.064575,LinkedIn Learning,153.65656,3.5076885
7582,Course_7582,Marketing,38,2810,96.97335,LinkedIn Learning,137.37688,3.8092024
7583,Course_7583,Office Tools,76,169,78.81224,LinkedIn Learning,162.12097,4.4011006
7584,Course_7584,Programming,12,2123,70.34563,edX,81.16138,4.435515
7585,Course_7585,Business,27,4310,57.5849,Udemy,84.30723,4.9937906
7586,Course_7586,Marketing,66,2341,53.148865,Udemy,61.17887,4.7993636
7587,Course_7587,Design,30,2543,54.297207,LinkedIn Learning,147.6035,4.198156
7590,Course_7590,Programming,73,716,57.44331,Udemy,194.94133,4.7303257
7591,Course_7591,Data Science,12,1490,79.207214,LinkedIn Learning,15.586254,4.3742075
7593,Course_7593,AI,37,1235,97.85053,edX,13.6362705,4.94449
7594,Course_7594,Business,94,3546,76.526344,LinkedIn Learning,190.29283,4.8634434
7596,Course_7596,Office Tools,30,834,76.63952,Udemy,103.10987,4.813659
7597,Course_7597,Marketing,25,3518,76.94011,edX,31.124716,4.7215104
7599,Course_7599,Technology,11,1268,87.618675,edX,10.7014265,4.0796356
7600,Course_7600,Technology,40,3754,79.037224,LinkedIn Learning,172.89839,4.148552
7601,Course_7601,Technology,93,4376,58.4644,Udemy,29.329065,3.252759
7602,Course_7602,Programming,20,4794,60.56404,edX,60.451157,3.0211744
7603,Course_7603,Data Science,76,3660,53.007477,LinkedIn Learning,126.8299,3.8376696
7604,Course_7604,Finance,84,1675,80.45985,Udemy,26.042553,3.7896013
7605,Course_7605,Data Science,87,1089,87.59381,LinkedIn Learning,102.69937,3.0481036
7606,Course_7606,Finance,61,4096,64.05511,edX,181.65497,4.5587225
7607,Course_7607,Office Tools,47,4232,62.69904,edX,32.20662,3.148784
7608,Course_7608,Data Science,20,627,64.9577,LinkedIn Learning,96.54729,3.727915
7609,Course_7609,Finance,37,2044,71.07925,edX,82.46481,4.278729
7611,Course_7611,Data Science,35,708,71.98187,LinkedIn Learning,184.40572,4.0524254
7612,Course_7612,Technology,88,4250,83.392166,LinkedIn Learning,91.47926,3.9430883
7613,Course_7613,Technology,29,1586,50.1324,LinkedIn Learning,165.03822,3.2344642
7616,Course_7616,Finance,57,245,92.83568,edX,35.588158,4.7186465
7617,Course_7617,AI,64,673,57.034374,LinkedIn Learning,53.63864,4.799394
7618,Course_7618,Programming,95,1302,68.16458,LinkedIn Learning,190.95348,4.253359
7620,Course_7620,Data Science,96,956,88.21034,edX,140.11383,3.5600152
7622,Course_7622,Finance,43,2676,91.89987,LinkedIn Learning,34.619747,3.4686444
7623,Course_7623,Finance,93,526,73.546715,LinkedIn Learning,47.643883,4.809032
7625,Course_7625,Business,46,803,50.446205,LinkedIn Learning,87.515,3.7454252
7626,Course_7626,Data Science,96,2956,80.97728,edX,154.467,4.451506
7628,Course_7628,Office Tools,75,4164,82.74213,edX,96.55408,3.5312357
7629,Course_7629,Finance,100,1843,88.71997,LinkedIn Learning,173.51465,4.9727917
7630,Course_7630,AI,21,2853,92.06311,Udemy,91.392365,4.6689377
7631,Course_7631,AI,99,625,70.42331,Udemy,187.00395,4.2901373
7633,Course_7633,Data Science,46,2946,81.950264,LinkedIn Learning,43.232212,4.327129
7637,Course_7637,Marketing,70,4718,93.83913,LinkedIn Learning,164.3629,3.8667166
7638,Course_7638,Marketing,71,2270,94.13085,Udemy,21.50296,4.655466
7639,Course_7639,Data Science,88,4802,91.88766,Udemy,159.4052,4.8706717
7640,Course_7640,Design,32,4394,93.94552,Udemy,22.648878,3.8602161
7641,Course_7641,Data Science,31,3640,97.53426,edX,66.41699,4.745436
7642,Course_7642,Office Tools,13,3685,93.639046,Udemy,167.09175,3.1552136
7643,Course_7643,Marketing,62,3783,58.481262,edX,74.21023,4.3802
7644,Course_7644,Design,36,2075,62.281704,Udemy,43.653038,4.782527
7647,Course_7647,Data Science,63,2184,91.466576,Udemy,17.375998,3.0695167
7648,Course_7648,Office Tools,92,2462,84.05232,edX,180.39993,4.4718475
7649,Course_7649,Design,35,2691,74.813675,LinkedIn Learning,101.21749,3.155307
7650,Course_7650,Finance,38,2139,70.94638,LinkedIn Learning,164.36243,4.3965936
7651,Course_7651,Office Tools,47,4946,99.59623,Udemy,166.67828,4.0419426
7654,Course_7654,Programming,58,191,89.56151,Udemy,80.104965,4.1787677
7655,Course_7655,Finance,82,4626,68.745605,Udemy,184.07642,4.0376153
7658,Course_7658,Office Tools,25,1765,95.14694,edX,174.43,4.573039
7659,Course_7659,AI,46,1917,63.2657,Udemy,181.62617,3.6180017
7661,Course_7661,Programming,59,1322,99.51358,Udemy,162.95007,4.83778
7662,Course_7662,Programming,11,2393,55.498543,Udemy,148.67326,4.1888347
7663,Course_7663,AI,52,1585,81.85872,LinkedIn Learning,89.13018,3.6660917
7664,Course_7664,Programming,55,1006,87.42174,edX,41.43571,4.334403
7665,Course_7665,AI,54,3215,76.543655,LinkedIn Learning,186.77167,4.1213174
7666,Course_7666,AI,46,3334,51.318897,Udemy,197.63174,3.1972122
7668,Course_7668,Office Tools,30,3010,66.597595,Udemy,102.99659,4.450268
7669,Course_7669,Business,23,1924,72.79298,edX,12.522876,4.506302
7673,Course_7673,AI,13,1475,93.95886,edX,42.242455,4.123172
7675,Course_7675,Technology,59,3296,74.63047,edX,125.71848,3.5848372
7678,Course_7678,Finance,60,1088,68.77943,edX,122.15286,3.6698344
7679,Course_7679,Programming,74,1208,51.603943,Udemy,63.489113,4.2405987
7680,Course_7680,Data Science,90,2244,77.86014,edX,143.05672,3.9536521
7681,Course_7681,Design,61,2827,85.441216,Udemy,43.948437,4.2344027
7682,Course_7682,Marketing,100,415,63.529858,LinkedIn Learning,178.38046,4.12256
7683,Course_7683,Marketing,21,1186,88.999245,Udemy,15.637223,3.2257328
7685,Course_7685,Finance,86,2441,99.73553,edX,16.733961,3.6626198
7686,Course_7686,Design,91,2240,78.17845,LinkedIn Learning,39.68405,4.2983656
7688,Course_7688,Technology,38,3872,64.89149,Udemy,10.1896515,3.22123
7689,Course_7689,AI,36,4676,61.96534,LinkedIn Learning,93.91648,3.013898
7690,Course_7690,Business,41,3577,51.10752,LinkedIn Learning,125.0528,3.8293352
7691,Course_7691,Programming,60,4534,92.07335,Udemy,75.09866,4.679695
7692,Course_7692,Design,50,4968,67.706825,LinkedIn Learning,198.59303,4.6412964
7697,Course_7697,AI,64,3428,74.645134,Udemy,120.89144,4.012485
7698,Course_7698,Programming,19,4125,72.27865,LinkedIn Learning,72.27883,3.2933667
7699,Course_7699,Data Science,78,2813,78.2824,LinkedIn Learning,104.4415,4.436119
7701,Course_7701,Finance,98,550,61.99601,Udemy,47.064564,4.4407244
7702,Course_7702,Office Tools,58,303,70.61398,Udemy,136.67624,4.4888597
7703,Course_7703,Technology,77,4967,83.204124,LinkedIn Learning,82.63671,4.734414
7704,Course_7704,Technology,84,585,80.237,edX,14.103306,3.031195
7708,Course_7708,Office Tools,10,1097,61.890575,LinkedIn Learning,195.50563,3.4100053
7710,Course_7710,Finance,43,2163,84.53653,Udemy,119.54511,3.7228887
7711,Course_7711,Finance,42,2840,93.76144,LinkedIn Learning,32.80376,4.5337634
7713,Course_7713,Data Science,86,2938,82.46906,LinkedIn Learning,146.82828,3.3217397
7715,Course_7715,Programming,82,656,58.07151,edX,118.41363,3.0174668
7716,Course_7716,Office Tools,10,4390,61.58532,LinkedIn Learning,102.55886,3.7086883
7717,Course_7717,Programming,47,2181,88.95495,edX,61.545227,3.5563486
7719,Course_7719,Programming,32,1857,56.45227,Udemy,153.53212,4.1251574
7720,Course_7720,Design,48,2182,82.12606,edX,99.112045,4.818647
7721,Course_7721,Marketing,61,4314,89.70818,Udemy,183.85654,3.095426
7722,Course_7722,Finance,56,4661,98.34106,edX,155.61237,4.846881
7723,Course_7723,Data Science,98,665,66.92469,LinkedIn Learning,173.12085,4.963447
7724,Course_7724,Finance,40,2676,53.998325,LinkedIn Learning,140.4695,3.352629
7725,Course_7725,Design,92,2006,91.003586,Udemy,38.266315,4.097707
7727,Course_7727,Finance,52,3441,78.636955,edX,81.48084,3.411556
7728,Course_7728,Technology,25,2084,97.67294,Udemy,134.44875,3.2869616
7729,Course_7729,Office Tools,29,4286,80.576324,edX,156.1735,4.202275
7730,Course_7730,Data Science,23,2183,55.530262,edX,38.150513,4.1846175
7731,Course_7731,Finance,86,4776,89.74971,edX,37.262924,3.659714
7734,Course_7734,Technology,50,4501,87.0393,LinkedIn Learning,97.15625,3.900975
7735,Course_7735,Finance,71,4995,93.561775,edX,130.22357,3.0460858
7736,Course_7736,Programming,21,4098,57.02449,edX,192.02779,3.4487374
7738,Course_7738,Office Tools,51,2751,57.146244,edX,166.52654,3.761139
7739,Course_7739,Office Tools,75,2883,85.20876,Udemy,186.24185,4.221669
7740,Course_7740,Data Science,53,2895,67.629845,LinkedIn Learning,116.44538,4.8182573
7743,Course_7743,AI,49,4697,65.47021,Udemy,29.375711,4.5536156
7744,Course_7744,Programming,89,117,54.93986,Udemy,79.8876,4.483383
7745,Course_7745,Design,35,3921,51.977886,LinkedIn Learning,97.407776,4.06955
7746,Course_7746,Finance,95,1752,96.64616,LinkedIn Learning,134.19968,3.2954357
7747,Course_7747,Office Tools,100,2620,51.513847,Udemy,129.67052,4.7761707
7748,Course_7748,Technology,48,2518,87.31985,LinkedIn Learning,126.73158,4.352282
7751,Course_7751,Finance,30,289,62.106213,edX,129.29753,4.521539
7752,Course_7752,Design,34,4006,82.09692,edX,100.888664,3.2751667
7754,Course_7754,Technology,84,257,72.96907,edX,144.70068,4.095334
7755,Course_7755,Marketing,29,1244,50.149017,LinkedIn Learning,29.938972,3.9085033
7756,Course_7756,Data Science,64,4724,61.71132,Udemy,29.557016,4.912335
7758,Course_7758,AI,35,2399,88.46102,Udemy,93.33689,4.957121
7760,Course_7760,Marketing,41,4213,99.45267,Udemy,135.7631,3.3079154
7762,Course_7762,Finance,54,443,91.37252,LinkedIn Learning,183.47372,3.512168
7763,Course_7763,Marketing,18,3191,53.01959,edX,98.38776,4.351614
7764,Course_7764,Marketing,60,1579,79.06222,LinkedIn Learning,13.735701,3.1259503
7765,Course_7765,Data Science,71,2262,75.64052,edX,44.557163,4.5130267
7766,Course_7766,Office Tools,70,2312,64.2638,edX,115.40747,3.3342311
7767,Course_7767,Data Science,11,1960,66.037125,LinkedIn Learning,97.022606,3.9915264
7768,Course_7768,Finance,48,1689,60.76416,Udemy,192.15926,3.519178
7770,Course_7770,Office Tools,62,879,67.075485,edX,46.120766,3.2461636
7771,Course_7771,Business,37,3628,53.66737,LinkedIn Learning,87.02397,3.938174
7773,Course_7773,AI,17,3562,52.61689,LinkedIn Learning,166.01003,3.1943636
7774,Course_7774,Marketing,99,412,67.39777,LinkedIn Learning,185.76588,4.1469207
7777,Course_7777,Data Science,49,2421,66.25961,Udemy,92.80285,4.5170307
7778,Course_7778,Office Tools,99,2151,80.99773,Udemy,174.29324,3.0600514
7779,Course_7779,AI,86,3658,59.24829,LinkedIn Learning,54.914127,3.3992453
7780,Course_7780,Data Science,41,3639,68.29728,edX,91.001366,4.205707
7781,Course_7781,Finance,52,2943,75.04226,edX,159.4745,3.7724743
7783,Course_7783,Business,83,1972,99.65611,Udemy,80.96093,3.5421271
7784,Course_7784,Business,82,1804,55.980667,edX,44.018833,3.8636358
7785,Course_7785,Programming,81,4371,54.15369,edX,157.3262,3.0122032
7786,Course_7786,Office Tools,85,794,89.28337,LinkedIn Learning,107.146225,4.229034
7787,Course_7787,Programming,85,3696,73.36802,Udemy,149.93005,3.6067684
7788,Course_7788,Office Tools,88,4912,51.77328,LinkedIn Learning,63.108616,3.1404867
7789,Course_7789,Design,56,562,92.63743,Udemy,189.23839,3.4636395
7790,Course_7790,Office Tools,78,3313,85.79307,edX,93.50541,4.8145776
7791,Course_7791,AI,51,2562,92.956764,edX,86.1451,4.6396346
7792,Course_7792,Design,91,1438,64.89662,Udemy,190.901,4.523429
7793,Course_7793,AI,80,359,84.88207,edX,33.94235,4.477147
7794,Course_7794,Programming,31,3912,61.8781,Udemy,142.11563,3.8193667
7795,Course_7795,Finance,67,1364,66.312225,edX,84.95636,3.2938445
7796,Course_7796,Programming,33,105,52.179176,LinkedIn Learning,175.87355,3.5112994
7798,Course_7798,Technology,75,4070,78.5155,Udemy,42.75558,4.037683
7800,Course_7800,AI,34,1190,70.96296,LinkedIn Learning,189.3782,4.9547367
7801,Course_7801,Office Tools,69,2889,67.539734,Udemy,74.37625,4.5122395
7802,Course_7802,AI,96,796,86.58366,edX,46.71801,3.930496
7804,Course_7804,AI,53,1596,51.974762,edX,166.64548,3.144632
7805,Course_7805,Finance,53,3558,91.31728,Udemy,63.611034,4.5376563
7806,Course_7806,Programming,21,3054,76.31636,LinkedIn Learning,106.771385,4.4586987
7807,Course_7807,Design,20,221,85.500084,Udemy,12.334399,3.9944596
7808,Course_7808,AI,97,4035,51.959274,LinkedIn Learning,38.448883,3.2150395
7809,Course_7809,Office Tools,49,2408,79.602394,edX,191.0091,4.5145326
7810,Course_7810,Technology,88,4059,71.29674,Udemy,66.46746,3.769096
7811,Course_7811,Finance,55,3041,50.661884,Udemy,173.57764,3.0939453
7813,Course_7813,Design,27,4134,96.53995,Udemy,20.957985,4.7039185
7815,Course_7815,Marketing,52,3187,53.143265,edX,63.812695,4.7153525
7816,Course_7816,Office Tools,16,4598,76.4971,LinkedIn Learning,152.82494,3.1483061
7817,Course_7817,Marketing,11,2250,57.01763,Udemy,144.61906,3.9531608
7818,Course_7818,AI,89,3862,85.73671,Udemy,40.910736,3.03734
7819,Course_7819,Design,22,4566,72.47212,Udemy,130.28087,4.4306874
7821,Course_7821,Technology,51,113,52.855507,edX,127.11604,4.1897964
7822,Course_7822,Technology,97,1639,63.638233,edX,110.60878,3.7395773
7823,Course_7823,Finance,80,4474,86.14283,Udemy,50.44491,4.6175404
7825,Course_7825,Data Science,97,1845,64.61451,edX,57.19946,4.292953
7826,Course_7826,Programming,51,628,63.880093,LinkedIn Learning,161.99324,3.814014
7827,Course_7827,Finance,26,3392,90.40275,Udemy,180.94432,3.3547232
7829,Course_7829,Marketing,85,2051,71.94493,edX,140.1562,4.013669
7830,Course_7830,Business,37,4835,92.92501,edX,29.579252,3.634474
7831,Course_7831,Technology,17,3791,55.88755,LinkedIn Learning,190.98038,4.7967744
7832,Course_7832,Finance,30,3789,59.9125,Udemy,195.29308,3.3570309
7833,Course_7833,Design,64,3369,55.98668,LinkedIn Learning,183.5501,3.3092632
7836,Course_7836,Programming,68,3852,54.70578,LinkedIn Learning,74.04162,4.042222
7837,Course_7837,Marketing,46,1933,76.27171,LinkedIn Learning,81.88714,4.37166
7839,Course_7839,Office Tools,35,732,66.80411,edX,106.266,3.6355507
7840,Course_7840,Technology,84,3451,68.14428,LinkedIn Learning,82.36796,3.6390455
7841,Course_7841,Programming,63,4813,53.388935,LinkedIn Learning,174.83981,3.8080819
7842,Course_7842,Data Science,78,980,70.47,Udemy,154.64008,3.5878801
7843,Course_7843,AI,39,1138,91.08829,LinkedIn Learning,133.23967,4.919159
7845,Course_7845,Programming,90,3335,89.52499,edX,22.111395,4.494051
7847,Course_7847,Data Science,49,4380,55.944633,Udemy,131.28304,4.2095647
7848,Course_7848,Business,90,2463,95.396324,LinkedIn Learning,28.270481,4.853957
7849,Course_7849,Finance,70,2424,50.43203,LinkedIn Learning,94.412544,3.27602
7851,Course_7851,Data Science,16,345,52.507427,LinkedIn Learning,52.877495,3.7457085
7852,Course_7852,Technology,70,2382,73.69503,edX,12.383633,4.8441377
7853,Course_7853,Design,41,4221,74.3345,Udemy,168.84262,3.5597653
7854,Course_7854,Data Science,14,3047,75.68585,edX,172.34935,4.068007
7855,Course_7855,Data Science,41,2323,59.143497,LinkedIn Learning,196.16435,4.539779
7856,Course_7856,Marketing,18,4203,70.02148,Udemy,25.834335,3.0884492
7857,Course_7857,Design,94,1745,66.13683,LinkedIn Learning,154.29643,3.3001165
7858,Course_7858,Data Science,14,4142,79.01687,LinkedIn Learning,54.14781,3.3654058
7859,Course_7859,Marketing,100,1264,63.01433,edX,122.97504,4.1850963
7860,Course_7860,AI,28,912,89.26991,edX,178.87991,3.6120229
7861,Course_7861,Office Tools,72,978,68.7418,LinkedIn Learning,159.64124,4.788951
7863,Course_7863,Office Tools,74,2353,68.16372,LinkedIn Learning,149.37859,3.661168
7864,Course_7864,Finance,39,103,64.365555,Udemy,24.819122,4.219174
7865,Course_7865,Programming,82,2054,91.463806,edX,169.99557,3.0809765
7866,Course_7866,Finance,27,3173,95.35285,LinkedIn Learning,43.053085,3.5331054
7867,Course_7867,Business,31,1374,77.51769,LinkedIn Learning,116.44357,4.326077
7868,Course_7868,Office Tools,63,4475,87.74761,Udemy,113.52185,3.0254138
7869,Course_7869,Design,35,3622,54.47761,edX,61.41624,3.4128296
7870,Course_7870,Programming,28,2769,78.15223,LinkedIn Learning,187.7228,3.958873
7871,Course_7871,AI,50,1150,58.220047,Udemy,119.54819,4.1357164
7872,Course_7872,Programming,83,2407,66.25677,Udemy,70.48411,4.842237
7873,Course_7873,Office Tools,44,3648,83.416855,edX,106.54036,4.7503324
7875,Course_7875,Office Tools,75,916,72.92771,edX,73.9765,4.608365
7876,Course_7876,Programming,94,1512,70.06488,Udemy,157.90247,4.763167
7877,Course_7877,Office Tools,90,1771,81.424065,edX,153.15517,3.0626721
7878,Course_7878,AI,67,1739,90.2202,edX,177.40999,4.3852763
7880,Course_7880,Marketing,17,4130,61.27658,LinkedIn Learning,56.995705,3.2987144
7881,Course_7881,Finance,95,2001,87.71186,edX,10.17854,3.4433033
7883,Course_7883,Design,43,3475,51.123863,LinkedIn Learning,109.79311,4.49039
7884,Course_7884,Design,69,332,81.89847,LinkedIn Learning,77.31883,3.3428998
7886,Course_7886,AI,63,2747,89.72112,edX,34.496403,3.9129
7887,Course_7887,Design,69,117,66.00459,Udemy,67.85481,3.7673526
7888,Course_7888,Finance,73,2182,54.73723,Udemy,64.33976,4.247899
7892,Course_7892,Business,56,203,87.25675,Udemy,136.26189,3.1783605
7893,Course_7893,Finance,61,4419,75.436066,edX,135.36069,3.3332345
7894,Course_7894,Finance,13,3530,70.48544,LinkedIn Learning,165.33337,3.287506
7895,Course_7895,Marketing,54,2432,83.908485,LinkedIn Learning,159.73798,4.1280475
7896,Course_7896,AI,74,4754,74.99503,LinkedIn Learning,180.89073,3.7370067
7897,Course_7897,Marketing,86,3207,71.493484,Udemy,46.089912,4.6788464
7900,Course_7900,Design,94,3863,72.38405,Udemy,134.86737,3.7325037
7901,Course_7901,Office Tools,29,2886,54.143604,edX,198.02762,4.0153613
7902,Course_7902,Finance,35,924,94.71493,Udemy,45.75678,4.1819763
7903,Course_7903,Technology,27,3360,65.50098,LinkedIn Learning,152.29333,3.368409
7904,Course_7904,AI,12,613,61.480988,LinkedIn Learning,173.88197,3.8402598
7905,Course_7905,Office Tools,89,1309,79.17439,edX,164.86943,4.326138
7906,Course_7906,Data Science,32,700,95.141304,Udemy,130.61652,3.2277088
7907,Course_7907,Data Science,92,1207,56.971325,edX,144.83987,4.755248
7908,Course_7908,Office Tools,20,160,64.708305,edX,57.799282,4.2949905
7909,Course_7909,Marketing,28,1476,68.05397,Udemy,123.68662,3.4762325
7911,Course_7911,Office Tools,23,3228,54.73508,LinkedIn Learning,88.87329,4.114262
7912,Course_7912,Finance,40,3667,84.72931,Udemy,25.768202,3.3406248
7913,Course_7913,Finance,66,2729,89.44077,edX,54.466633,4.5070534
7914,Course_7914,Design,48,4794,93.55548,edX,20.047258,4.598836
7915,Course_7915,Design,23,4090,69.935265,edX,120.99313,3.1358452
7916,Course_7916,Office Tools,38,3901,86.73254,Udemy,169.8025,3.7553267
7917,Course_7917,Design,72,3600,55.09981,LinkedIn Learning,90.39986,4.9321694
7918,Course_7918,Office Tools,18,2651,63.8693,edX,45.48425,3.7952838
7920,Course_7920,Finance,28,700,90.79269,Udemy,40.673405,3.1419904
7921,Course_7921,Design,12,1547,85.10477,edX,96.12058,3.0778348
7922,Course_7922,Marketing,21,1208,50.868675,Udemy,158.5345,3.4955058
7923,Course_7923,Marketing,24,3495,99.1649,edX,197.71657,3.7084773
7925,Course_7925,Programming,31,414,85.616165,edX,37.067608,3.9479477
7926,Course_7926,AI,77,3162,77.15256,Udemy,136.13919,4.4024444
7927,Course_7927,Technology,16,410,75.18102,Udemy,61.387264,3.4457407
7929,Course_7929,Business,38,4520,68.14821,Udemy,99.50495,3.3612907
7931,Course_7931,Business,42,570,73.72426,LinkedIn Learning,101.03734,4.6072392
7932,Course_7932,Office Tools,93,3365,65.43006,Udemy,183.77347,4.0503426
7933,Course_7933,AI,23,4335,96.86557,LinkedIn Learning,26.418081,3.457783
7934,Course_7934,Marketing,13,4323,60.349518,LinkedIn Learning,119.24006,3.7024102
7936,Course_7936,Finance,34,559,53.769936,edX,57.90196,3.8545454
7937,Course_7937,Business,16,4413,87.79627,edX,69.05689,3.3722425
7938,Course_7938,Office Tools,88,2194,72.566086,edX,67.40792,4.537915
7939,Course_7939,Data Science,67,2946,75.84408,LinkedIn Learning,172.63728,4.710116
7940,Course_7940,Marketing,28,4371,84.41083,LinkedIn Learning,70.04405,3.8083727
7942,Course_7942,Programming,67,4322,93.175156,edX,43.682777,4.7668505
7943,Course_7943,Data Science,53,3625,94.61832,Udemy,162.84273,4.8839183
7944,Course_7944,Office Tools,10,1154,90.04426,edX,122.26133,3.0800998
7946,Course_7946,Technology,53,2370,76.02372,Udemy,52.093327,3.0435672
7947,Course_7947,Finance,62,2342,87.266045,Udemy,91.870285,4.2123466
7948,Course_7948,Technology,64,957,86.011055,LinkedIn Learning,152.9956,4.3661213
7949,Course_7949,Office Tools,84,499,73.576294,edX,134.21048,3.7993145
7951,Course_7951,Design,47,1124,60.47477,Udemy,128.4709,3.9252973
7952,Course_7952,Office Tools,46,4424,70.87563,LinkedIn Learning,60.356266,4.3246408
7953,Course_7953,Business,73,2137,71.73432,Udemy,93.98862,3.5387642
7955,Course_7955,AI,72,997,63.352646,LinkedIn Learning,105.26944,4.1673756
7956,Course_7956,Data Science,82,4414,94.67181,LinkedIn Learning,18.317486,3.2360141
7957,Course_7957,AI,67,792,98.54786,LinkedIn Learning,101.09248,3.3894904
7958,Course_7958,Design,88,3211,61.964676,Udemy,125.287415,4.5233464
7959,Course_7959,Business,33,2163,93.656296,Udemy,117.6819,4.168925
7960,Course_7960,Marketing,51,4468,70.54958,LinkedIn Learning,84.470535,3.4967942
7961,Course_7961,Business,78,2688,90.36392,edX,40.887943,4.169732
7962,Course_7962,Technology,94,4666,69.43963,LinkedIn Learning,170.83287,3.2114975
7964,Course_7964,Technology,12,3084,70.925545,LinkedIn Learning,55.752644,3.5520396
7965,Course_7965,Marketing,13,4902,72.14573,Udemy,160.90198,3.4938872
7967,Course_7967,Office Tools,55,505,93.63318,edX,188.13312,4.2836432
7968,Course_7968,Data Science,40,3610,83.104836,LinkedIn Learning,124.70823,3.820374
7969,Course_7969,AI,94,920,95.84231,Udemy,162.2135,3.9072993
7971,Course_7971,Programming,29,2297,60.7112,LinkedIn Learning,196.25185,3.8581295
7972,Course_7972,Programming,64,4506,76.98688,edX,189.88025,3.1196456
7975,Course_7975,Finance,74,4640,57.348312,edX,63.00094,3.3393016
7976,Course_7976,Design,58,124,74.4039,edX,192.83047,4.705097
7977,Course_7977,AI,49,4629,56.62491,edX,86.598175,4.8066425
7979,Course_7979,Design,34,2686,99.01746,LinkedIn Learning,31.755787,4.3597517
7980,Course_7980,Business,63,2155,85.822395,Udemy,121.416374,3.807367
7983,Course_7983,Technology,34,256,61.737797,Udemy,175.64418,3.4827917
7985,Course_7985,Marketing,60,1401,83.12752,edX,104.15164,3.940221
7986,Course_7986,Marketing,46,1620,99.8074,LinkedIn Learning,169.96613,4.3680463
7988,Course_7988,Technology,35,287,76.00798,LinkedIn Learning,141.4122,3.7272892
7989,Course_7989,Technology,10,1524,66.32554,Udemy,137.91808,3.686472
7990,Course_7990,AI,23,2294,86.59895,LinkedIn Learning,107.684715,3.4757254
7991,Course_7991,AI,91,3159,74.35519,LinkedIn Learning,96.07797,3.4835923
7992,Course_7992,Data Science,27,2714,72.55064,edX,127.1087,3.8577847
7993,Course_7993,Technology,39,1429,95.74354,LinkedIn Learning,38.1023,3.6276674
7994,Course_7994,Business,78,3553,98.39883,Udemy,50.196323,4.764107
7995,Course_7995,AI,76,4379,79.73154,edX,127.84236,4.7215037
7996,Course_7996,Finance,21,1799,69.933075,Udemy,101.28341,3.2952085
7997,Course_7997,AI,70,4292,78.251724,edX,112.50051,4.935693
7998,Course_7998,Design,90,600,60.902267,edX,155.32254,4.2225494
7999,Course_7999,Data Science,100,2519,72.72465,edX,167.20715,4.568634
8000,Course_8000,Design,44,2940,94.37131,Udemy,139.53456,4.902046
8001,Course_8001,Programming,92,3881,54.258087,LinkedIn Learning,105.50627,3.854595
8003,Course_8003,Office Tools,64,4002,59.06078,Udemy,185.28477,4.854186
8004,Course_8004,AI,68,2021,67.25121,edX,92.586624,3.830038
8006,Course_8006,Data Science,37,2486,90.43451,Udemy,93.94701,4.817241
8007,Course_8007,AI,26,3225,96.98156,edX,67.64579,3.8291988
8008,Course_8008,AI,12,1206,90.46538,edX,60.804573,3.5406244
8009,Course_8009,Technology,49,3015,68.60264,Udemy,158.26796,4.2128572
8011,Course_8011,Business,95,4785,64.33003,edX,26.014265,3.0728433
8012,Course_8012,Technology,19,963,96.630325,edX,182.87997,4.8904157
8013,Course_8013,Business,59,228,81.75015,LinkedIn Learning,51.110966,4.7779202
8014,Course_8014,Finance,97,194,59.696392,LinkedIn Learning,187.04877,3.7249553
8015,Course_8015,Programming,100,1761,53.076996,edX,93.59632,3.0454998
8016,Course_8016,Marketing,58,2606,53.68263,Udemy,31.526388,3.2159882
8017,Course_8017,Data Science,69,2239,79.195045,edX,182.87103,4.0353637
8018,Course_8018,Design,13,1652,78.16633,Udemy,16.719822,3.7306435
8019,Course_8019,Design,29,3101,87.65926,Udemy,62.26059,4.9535546
8021,Course_8021,AI,49,1744,60.905712,Udemy,96.158646,3.3066452
8022,Course_8022,Technology,39,2211,66.10168,LinkedIn Learning,190.21178,3.3964667
8023,Course_8023,Office Tools,38,3679,73.80482,edX,171.34508,4.4158893
8024,Course_8024,Programming,58,4766,55.603104,LinkedIn Learning,149.54234,3.946322
8026,Course_8026,Data Science,22,559,86.32873,Udemy,91.36656,4.523801
8028,Course_8028,Office Tools,96,674,75.563736,LinkedIn Learning,77.43586,4.9409204
8029,Course_8029,Marketing,79,2953,95.05095,LinkedIn Learning,90.35114,4.5941916
8033,Course_8033,Design,56,3395,73.48166,edX,121.56531,4.13467
8034,Course_8034,Programming,25,4697,91.36783,edX,74.52413,3.6758978
8035,Course_8035,Office Tools,88,4044,97.96041,LinkedIn Learning,45.887287,4.086957
8037,Course_8037,AI,24,753,98.44507,LinkedIn Learning,13.331957,4.7562876
8038,Course_8038,Programming,58,2772,51.43414,edX,91.60076,4.9152174
8041,Course_8041,Business,40,4115,62.38721,Udemy,120.97135,3.910655
8042,Course_8042,Design,88,4342,88.43239,Udemy,79.63533,4.2809963
8044,Course_8044,Technology,59,3718,80.18325,edX,28.418272,4.147212
8045,Course_8045,Marketing,70,3350,86.563095,edX,23.469244,4.753265
8046,Course_8046,Finance,98,1254,57.686028,edX,169.02217,4.783742
8047,Course_8047,Business,78,2527,63.309437,LinkedIn Learning,158.87788,4.13817
8048,Course_8048,Technology,66,4269,96.591286,LinkedIn Learning,194.54362,4.123767
8050,Course_8050,Marketing,69,2772,74.07653,Udemy,30.093203,3.8363905
8052,Course_8052,Design,16,1159,80.618935,LinkedIn Learning,117.666435,3.0432913
8053,Course_8053,Programming,51,4864,81.54959,edX,131.90819,4.108168
8054,Course_8054,Office Tools,19,2841,58.051365,Udemy,148.12213,4.481109
8057,Course_8057,Finance,97,4611,76.95386,edX,193.95662,4.0531874
8059,Course_8059,AI,33,152,97.827415,LinkedIn Learning,130.33856,4.323446
8060,Course_8060,Business,45,1300,67.16193,Udemy,159.17241,4.0235996
8061,Course_8061,Business,20,703,89.29169,edX,117.07099,4.2403636
8062,Course_8062,Data Science,37,4880,71.592316,Udemy,190.10397,3.472654
8063,Course_8063,Office Tools,32,2614,68.01835,LinkedIn Learning,94.37029,4.351763
8064,Course_8064,Marketing,57,3458,52.057434,edX,68.53206,3.910599
8065,Course_8065,Business,50,4843,66.65622,edX,27.319334,4.799251
8066,Course_8066,Finance,74,1913,88.121635,LinkedIn Learning,33.97018,4.1665287
8067,Course_8067,Technology,45,3971,71.48197,edX,89.68142,3.1000588
8068,Course_8068,AI,100,4088,84.03824,edX,101.12277,3.6253817
8069,Course_8069,Data Science,81,2918,93.81034,LinkedIn Learning,91.849106,4.989524
8070,Course_8070,Finance,24,3020,96.148026,LinkedIn Learning,174.87552,4.1315403
8071,Course_8071,AI,94,4979,97.35115,Udemy,43.5263,3.4084632
8072,Course_8072,AI,27,1073,78.53491,LinkedIn Learning,178.43587,4.447893
8073,Course_8073,Marketing,11,4704,60.80332,LinkedIn Learning,109.650085,3.0723417
8074,Course_8074,Office Tools,43,3100,59.63951,Udemy,77.76039,4.6304903
8075,Course_8075,Office Tools,72,338,75.76025,Udemy,180.97696,3.410256
8077,Course_8077,Technology,45,539,57.94385,Udemy,191.1869,3.6422715
8078,Course_8078,Design,90,769,67.60128,Udemy,71.55965,3.8794196
8080,Course_8080,Finance,53,4611,71.27723,edX,72.05554,4.8585334
8081,Course_8081,Office Tools,81,3012,90.07125,LinkedIn Learning,17.072306,3.631624
8082,Course_8082,Business,27,982,53.470074,LinkedIn Learning,137.2455,4.2263207
8083,Course_8083,Technology,26,3998,50.61599,LinkedIn Learning,33.307293,3.8976586
8085,Course_8085,Programming,92,221,93.97528,Udemy,45.26092,4.036907
8086,Course_8086,Programming,87,1894,72.6936,LinkedIn Learning,97.14004,3.9116437
8087,Course_8087,AI,94,1213,71.1078,Udemy,172.29045,4.1937118
8088,Course_8088,Programming,93,4867,54.04739,LinkedIn Learning,158.72351,4.4998317
8091,Course_8091,Programming,54,2545,58.308086,Udemy,152.57642,3.9652765
8092,Course_8092,Finance,92,4655,70.441216,edX,103.41568,3.8635747
8093,Course_8093,Marketing,15,4900,82.305984,LinkedIn Learning,11.709566,4.147562
8094,Course_8094,Office Tools,58,1688,80.46574,edX,109.608536,4.760198
8095,Course_8095,Finance,13,1139,70.70416,LinkedIn Learning,159.78676,3.4701023
8096,Course_8096,Programming,26,202,83.140755,LinkedIn Learning,24.779978,4.901184
8097,Course_8097,Finance,97,4598,85.78985,edX,125.15606,4.002198
8098,Course_8098,AI,13,2447,76.556206,LinkedIn Learning,117.319824,4.206284
8099,Course_8099,Office Tools,55,1323,61.067043,edX,99.87865,4.762333
8100,Course_8100,Business,88,2899,96.40049,LinkedIn Learning,13.964908,3.175197
8101,Course_8101,Marketing,17,4864,84.28119,edX,74.79795,4.7536154
8102,Course_8102,Programming,96,3721,73.40447,LinkedIn Learning,111.96205,4.3389864
8104,Course_8104,Business,82,2479,97.744514,Udemy,189.8896,4.1354003
8105,Course_8105,Office Tools,15,500,62.389557,edX,103.54409,4.8774567
8106,Course_8106,Technology,76,4410,52.29916,Udemy,76.860115,4.9060063
8107,Course_8107,Business,32,3766,76.65916,edX,70.58,4.4500594
8108,Course_8108,Marketing,12,4895,83.52446,LinkedIn Learning,100.55951,4.827288
8109,Course_8109,Business,71,2836,96.57015,LinkedIn Learning,25.426785,4.110446
8110,Course_8110,Data Science,10,4308,90.80309,LinkedIn Learning,159.5695,3.8763826
8111,Course_8111,Finance,49,4226,59.95191,edX,186.46596,3.4464312
8112,Course_8112,Design,55,892,73.83049,Udemy,80.02389,4.3587494
8113,Course_8113,Finance,38,1425,94.212265,Udemy,65.08614,3.9131763
8118,Course_8118,Office Tools,62,2245,62.283913,LinkedIn Learning,115.54427,4.0072656
8119,Course_8119,Business,26,1389,98.8333,edX,137.40106,4.1149645
8120,Course_8120,AI,42,2046,65.11311,edX,89.27538,4.053722
8122,Course_8122,Technology,63,422,69.584724,edX,134.26756,4.4476485
8126,Course_8126,Design,69,2517,80.35394,Udemy,76.58243,4.3770266
8127,Course_8127,AI,94,1332,73.27858,Udemy,13.102535,4.588929
8128,Course_8128,Programming,96,820,54.856663,edX,159.38937,4.6588564
8129,Course_8129,Finance,39,2892,54.052185,edX,170.3675,4.979457
8130,Course_8130,Marketing,74,4280,64.30388,edX,161.04227,4.680299
8131,Course_8131,AI,19,928,99.895485,edX,40.5766,4.7275524
8132,Course_8132,Business,17,1891,91.044334,LinkedIn Learning,51.338215,4.3443456
8133,Course_8133,Data Science,81,4830,73.64051,edX,50.584164,3.8106186
8134,Course_8134,Finance,79,1860,89.488785,edX,23.016493,4.2489595
8137,Course_8137,Programming,96,3716,90.87836,LinkedIn Learning,109.00489,4.7763643
8138,Course_8138,Finance,47,1310,72.654175,LinkedIn Learning,196.66144,3.6011481
8139,Course_8139,Programming,27,2100,50.794704,Udemy,82.28078,4.9406567
8140,Course_8140,AI,40,960,54.65413,edX,48.67794,4.658773
8141,Course_8141,AI,80,1785,88.11705,edX,120.15231,4.656637
8142,Course_8142,Business,65,4340,88.830574,LinkedIn Learning,31.562939,4.87139
8143,Course_8143,Office Tools,26,3026,87.2121,Udemy,12.672769,3.1648726
8144,Course_8144,Office Tools,31,1580,79.73411,LinkedIn Learning,66.97444,4.79237
8145,Course_8145,Design,56,1992,83.2549,LinkedIn Learning,81.407135,4.3794665
8147,Course_8147,Data Science,90,4887,96.04141,edX,47.246395,3.784301
8148,Course_8148,Office Tools,58,4326,69.71462,edX,99.23636,4.9661503
8149,Course_8149,Office Tools,73,4181,50.685375,LinkedIn Learning,50.600437,3.9583926
8150,Course_8150,AI,99,4494,62.13428,edX,190.24164,4.3555746
8151,Course_8151,Technology,52,1719,53.737103,edX,167.50479,4.99904
8153,Course_8153,Business,14,4313,85.303314,edX,96.723274,4.7947836
8154,Course_8154,Marketing,29,1623,99.98724,Udemy,131.94125,3.640004
8155,Course_8155,Programming,85,460,66.23339,edX,64.27444,3.9276993
8156,Course_8156,Design,22,4595,97.672134,edX,126.58753,4.2384753
8157,Course_8157,Design,54,4575,78.514366,edX,37.439304,4.5495076
8158,Course_8158,Technology,66,2806,53.0208,LinkedIn Learning,16.032356,4.4122567
8161,Course_8161,AI,58,1697,72.78167,LinkedIn Learning,66.09059,3.3744974
8163,Course_8163,Finance,12,2283,74.80831,Udemy,74.92309,4.1941733
8164,Course_8164,AI,32,4719,75.33809,Udemy,97.132416,4.8127146
8166,Course_8166,Finance,72,4040,72.75686,edX,167.49118,4.8266983
8167,Course_8167,Office Tools,97,3864,65.25146,LinkedIn Learning,165.0491,3.91175
8171,Course_8171,Data Science,57,4188,78.93845,Udemy,110.2303,3.4584007
8172,Course_8172,AI,65,4430,62.11526,Udemy,164.0768,3.0663774
8173,Course_8173,Programming,47,3262,98.502884,LinkedIn Learning,103.07298,3.7831955
8174,Course_8174,AI,85,4523,94.99324,LinkedIn Learning,140.54161,4.1132164
8178,Course_8178,Programming,100,3080,84.3697,edX,85.98287,4.588583
8179,Course_8179,Data Science,53,362,95.2964,Udemy,19.273298,4.330132
8180,Course_8180,Marketing,54,1151,81.239716,Udemy,69.243286,3.850845
8181,Course_8181,Finance,67,1824,78.07532,Udemy,78.91339,3.6411173
8183,Course_8183,Marketing,99,2022,79.32997,LinkedIn Learning,163.38506,4.62256
8184,Course_8184,Finance,24,1897,99.67123,LinkedIn Learning,137.35844,3.9752383
8185,Course_8185,Technology,19,4579,81.99212,Udemy,32.284145,3.7889721
8187,Course_8187,Marketing,33,2248,72.13839,Udemy,87.01773,3.4817755
8188,Course_8188,Business,44,4716,75.87314,Udemy,12.844743,3.670885
8189,Course_8189,Office Tools,91,4724,56.899895,LinkedIn Learning,162.64307,4.1231403
8190,Course_8190,Design,93,1478,97.71271,LinkedIn Learning,178.10783,4.6654916
8191,Course_8191,AI,16,1712,85.79193,edX,183.23862,3.8930237
8192,Course_8192,AI,19,1118,59.39195,edX,141.0987,4.608492
8194,Course_8194,AI,58,4407,85.15284,LinkedIn Learning,153.34227,4.1949244
8195,Course_8195,Programming,24,4906,97.39438,Udemy,176.58258,4.8341756
8196,Course_8196,Finance,44,4712,55.580276,LinkedIn Learning,147.74316,4.2634373
8197,Course_8197,Business,92,1033,73.71503,LinkedIn Learning,134.46873,3.782177
8198,Course_8198,Marketing,47,4615,95.54987,LinkedIn Learning,94.78451,4.059916
8200,Course_8200,Business,94,112,98.54513,Udemy,174.08177,4.1845164
8201,Course_8201,Technology,18,821,86.20674,LinkedIn Learning,50.51207,4.7021165
8203,Course_8203,Business,77,264,77.104324,Udemy,74.12467,4.1332126
8205,Course_8205,Office Tools,84,1032,55.687008,LinkedIn Learning,125.78617,3.0580542
8206,Course_8206,Design,77,197,82.140976,Udemy,144.35226,3.7205782
8207,Course_8207,Technology,78,410,50.780308,Udemy,148.06549,3.7038035
8208,Course_8208,Finance,39,1785,79.118675,edX,155.75885,4.0316257
8209,Course_8209,Data Science,72,4076,83.40534,Udemy,151.96913,3.6858695
8210,Course_8210,AI,96,2341,98.31585,edX,47.317966,4.204337
8211,Course_8211,Design,72,2085,96.05515,LinkedIn Learning,105.45721,4.7214284
8212,Course_8212,Business,89,4555,80.43277,edX,76.73384,3.4550447
8213,Course_8213,Office Tools,63,4913,77.60548,Udemy,155.44638,3.9488761
8214,Course_8214,Marketing,99,2320,53.681873,Udemy,30.42579,4.084682
8215,Course_8215,Finance,31,103,69.12495,LinkedIn Learning,11.915666,4.055019
8217,Course_8217,Office Tools,97,4542,59.54547,LinkedIn Learning,110.20255,3.032405
8218,Course_8218,AI,52,3522,71.599556,Udemy,83.90529,4.8970275
8220,Course_8220,Marketing,28,2153,77.09256,Udemy,197.50618,3.799743
8221,Course_8221,Programming,78,3852,81.32975,LinkedIn Learning,36.294155,4.624965
8222,Course_8222,Finance,86,2985,77.38199,Udemy,38.651505,4.87263
8223,Course_8223,Programming,15,1094,91.11536,LinkedIn Learning,109.64116,4.2992682
8224,Course_8224,Business,16,1857,56.04222,edX,129.79317,3.0834634
8226,Course_8226,Finance,44,2775,85.121284,edX,185.09401,3.0218213
8227,Course_8227,Marketing,97,4695,53.234444,Udemy,45.48307,3.6229496
8228,Course_8228,Data Science,23,4447,80.83036,LinkedIn Learning,72.50393,3.6831841
8229,Course_8229,Marketing,92,4001,74.58966,LinkedIn Learning,117.23512,4.416022
8231,Course_8231,Design,88,4495,91.17297,Udemy,193.62726,3.5569296
8232,Course_8232,Technology,14,1395,64.68222,Udemy,87.34985,3.5581274
8233,Course_8233,Finance,75,316,59.884827,LinkedIn Learning,157.36185,3.7487457
8234,Course_8234,Programming,82,416,55.207344,Udemy,17.016226,3.2506819
8235,Course_8235,Technology,92,2699,86.9516,Udemy,147.73137,3.890646
8236,Course_8236,AI,91,384,86.17252,LinkedIn Learning,186.5029,4.47999
8239,Course_8239,AI,57,2326,83.89929,edX,168.87186,4.7452793
8240,Course_8240,Technology,25,2404,89.11266,LinkedIn Learning,113.75448,4.071253
8241,Course_8241,Office Tools,97,288,92.231064,Udemy,185.40399,4.599609
8244,Course_8244,Design,35,174,85.78461,Udemy,120.71598,3.9405403
8245,Course_8245,Programming,21,2713,51.68713,edX,145.38846,4.6189775
8247,Course_8247,Finance,97,1381,65.53238,edX,89.24294,3.252129
8248,Course_8248,AI,58,336,96.2267,LinkedIn Learning,141.22415,3.9741871
8249,Course_8249,Finance,53,4727,84.8055,Udemy,179.69579,4.9219103
8250,Course_8250,Business,89,1697,72.26854,Udemy,145.16982,4.99467
8251,Course_8251,Design,72,1195,82.66552,Udemy,187.93059,3.2152917
8253,Course_8253,AI,95,296,57.489044,edX,138.09506,4.103434
8254,Course_8254,Marketing,87,4573,79.65403,LinkedIn Learning,97.08896,3.5920212
8255,Course_8255,Office Tools,81,2328,88.34229,LinkedIn Learning,47.054398,3.932785
8256,Course_8256,Marketing,44,1762,60.837517,Udemy,78.146034,3.8491445
8257,Course_8257,Marketing,62,372,85.233665,LinkedIn Learning,106.174385,3.3389997
8258,Course_8258,Finance,32,1091,65.75474,LinkedIn Learning,152.83768,4.5783973
8259,Course_8259,Technology,54,3509,83.901306,edX,44.77047,4.078997
8260,Course_8260,Marketing,47,4409,70.48839,edX,111.3296,3.458957
8261,Course_8261,Marketing,41,2650,67.90187,LinkedIn Learning,158.82549,3.8366396
8262,Course_8262,Business,34,3229,81.50242,Udemy,101.29504,3.2058752
8264,Course_8264,Marketing,80,1673,67.86519,Udemy,122.49525,3.7979805
8268,Course_8268,Office Tools,96,3594,83.20533,LinkedIn Learning,193.88376,3.2389047
8269,Course_8269,Finance,75,376,71.41862,Udemy,126.31188,4.041446
8270,Course_8270,Business,89,1754,52.640354,Udemy,114.600685,3.4565992
8272,Course_8272,AI,78,3390,55.298378,edX,129.44658,3.635141
8273,Course_8273,Design,34,4358,54.75317,edX,141.023,4.2649703
8275,Course_8275,Data Science,90,4042,76.79897,LinkedIn Learning,171.33041,3.360407
8276,Course_8276,Marketing,19,759,92.078064,LinkedIn Learning,107.67402,3.764998
8277,Course_8277,Finance,29,2966,63.9367,LinkedIn Learning,179.78265,4.0776224
8279,Course_8279,Programming,16,3781,52.0094,edX,58.64686,4.585139
8280,Course_8280,Programming,32,3986,79.09445,Udemy,73.740105,4.058273
8281,Course_8281,Programming,72,744,61.581177,Udemy,181.082,4.352515
8283,Course_8283,AI,14,3704,56.5397,LinkedIn Learning,71.74234,4.1903367
8284,Course_8284,Business,59,1381,75.13286,Udemy,98.00711,4.4717975
8286,Course_8286,Technology,100,632,52.864273,Udemy,139.81747,3.395455
8287,Course_8287,Finance,12,4385,73.745705,edX,159.48814,3.2402453
8288,Course_8288,AI,91,4242,72.091515,LinkedIn Learning,77.66212,4.5921774
8290,Course_8290,Programming,28,1869,50.120804,Udemy,85.594734,3.9572754
8291,Course_8291,Office Tools,93,119,70.30754,LinkedIn Learning,179.19693,4.0677457
8292,Course_8292,Data Science,38,665,73.742424,edX,175.6115,4.7695417
8293,Course_8293,AI,96,3095,62.8253,LinkedIn Learning,193.46355,3.3563368
8294,Course_8294,Technology,66,4851,53.791912,edX,38.95465,4.1176
8296,Course_8296,Office Tools,89,3820,81.95144,LinkedIn Learning,121.63938,4.187942
8298,Course_8298,Data Science,26,4308,77.702126,LinkedIn Learning,164.11984,4.773484
8299,Course_8299,Design,51,2250,86.00123,LinkedIn Learning,166.61389,4.8083596
8300,Course_8300,Finance,38,3596,84.60643,LinkedIn Learning,89.41534,4.469516
8301,Course_8301,Programming,69,2579,67.3983,Udemy,120.94518,4.0753374
8302,Course_8302,AI,12,182,81.91846,LinkedIn Learning,98.22285,3.0825543
8303,Course_8303,Data Science,82,1879,92.061554,edX,145.62299,3.6293023
8304,Course_8304,Design,50,2497,74.50085,edX,189.5031,4.3321667
8305,Course_8305,Business,81,4147,65.869705,LinkedIn Learning,105.22186,3.6717694
8306,Course_8306,AI,67,4396,79.126656,edX,64.55934,3.7829254
8307,Course_8307,AI,21,2302,88.083725,Udemy,92.73205,4.4721313
8308,Course_8308,Technology,42,1387,75.098946,LinkedIn Learning,14.724453,4.2879806
8310,Course_8310,Programming,49,2705,59.742252,edX,143.98373,3.7446988
8311,Course_8311,Marketing,47,4715,99.38073,edX,159.11073,3.7788296
8312,Course_8312,Finance,93,4747,66.73997,LinkedIn Learning,131.29214,4.8735294
8314,Course_8314,Technology,50,3543,99.33233,edX,155.93163,3.58341
8315,Course_8315,Marketing,27,2518,90.57875,LinkedIn Learning,152.91563,4.957613
8317,Course_8317,Finance,21,1480,54.370262,edX,19.601591,4.6004415
8318,Course_8318,AI,62,178,92.04842,edX,29.854437,3.851882
8320,Course_8320,Office Tools,46,1754,97.47677,edX,125.028206,3.6781733
8321,Course_8321,Business,82,2352,76.5538,Udemy,103.07796,3.6047294
8322,Course_8322,Office Tools,16,4188,70.42202,LinkedIn Learning,131.06029,3.443336
8323,Course_8323,AI,11,3738,50.27514,edX,147.83449,3.24797
8324,Course_8324,Technology,17,3716,69.00353,edX,98.43651,4.652205
8325,Course_8325,Business,71,405,78.99023,Udemy,151.2898,3.638803
8326,Course_8326,Design,26,1175,80.07559,LinkedIn Learning,152.42717,4.381653
8327,Course_8327,Programming,26,3866,74.16755,Udemy,16.153019,3.9608617
8330,Course_8330,Technology,82,2203,59.85369,Udemy,158.52203,3.6856165
8332,Course_8332,Finance,26,4858,95.47192,edX,147.64767,4.845211
8334,Course_8334,Programming,57,176,94.34953,LinkedIn Learning,23.87254,4.774471
8336,Course_8336,Technology,15,4879,87.46302,edX,175.81113,3.9637299
8337,Course_8337,Technology,60,1087,56.48458,edX,159.70943,4.052321
8338,Course_8338,Design,70,2432,89.76446,edX,29.773098,4.6393623
8340,Course_8340,Finance,82,4194,60.538765,edX,173.17787,4.193966
8343,Course_8343,Data Science,79,1866,78.783424,LinkedIn Learning,161.6212,4.23354
8344,Course_8344,Business,21,553,80.93692,edX,122.0701,4.5939865
8345,Course_8345,Technology,94,1627,88.91985,edX,144.98642,4.776138
8346,Course_8346,Design,80,3431,67.36892,Udemy,170.5227,4.1738186
8347,Course_8347,Business,33,1880,69.79285,LinkedIn Learning,40.82731,3.2454927
8348,Course_8348,Programming,23,4047,56.88988,LinkedIn Learning,30.899172,3.032456
8349,Course_8349,Technology,65,2298,68.18935,LinkedIn Learning,140.71877,4.7266564
8350,Course_8350,Office Tools,68,2707,75.532234,edX,130.96423,4.7115154
8351,Course_8351,Technology,16,1032,94.22389,LinkedIn Learning,181.4466,4.4277353
8352,Course_8352,Business,40,4113,74.393265,LinkedIn Learning,74.713165,4.9078727
8353,Course_8353,Finance,35,451,82.988304,Udemy,75.02013,4.034203
8354,Course_8354,Technology,79,2566,73.94525,LinkedIn Learning,46.447765,3.5340044
8355,Course_8355,Marketing,38,989,83.72221,LinkedIn Learning,110.24672,4.068932
8356,Course_8356,Data Science,18,4049,65.81582,Udemy,36.896942,4.169596
8357,Course_8357,Marketing,60,204,67.057915,Udemy,121.269905,4.3900537
8358,Course_8358,Programming,49,3643,68.40513,Udemy,79.49237,4.433409
8359,Course_8359,Office Tools,29,401,72.752846,edX,151.94154,3.0084045
8360,Course_8360,Programming,45,394,67.60505,Udemy,92.518524,4.2211604
8361,Course_8361,Programming,31,1276,76.06152,edX,174.11,4.197355
8362,Course_8362,Programming,49,4425,56.225163,Udemy,39.93432,3.0976546
8363,Course_8363,Data Science,46,2190,73.73632,LinkedIn Learning,134.0943,4.339211
8364,Course_8364,Finance,35,522,99.636185,Udemy,77.45401,3.8563638
8365,Course_8365,Data Science,43,4520,60.49961,Udemy,84.60355,3.6481526
8366,Course_8366,Marketing,100,1283,66.452194,LinkedIn Learning,100.03836,3.952483
8367,Course_8367,Office Tools,69,1329,97.05852,edX,40.564785,3.5117986
8368,Course_8368,AI,30,1443,62.68041,LinkedIn Learning,62.654793,3.3650668
8369,Course_8369,Business,40,2112,80.0019,LinkedIn Learning,30.463713,3.0031655
8370,Course_8370,AI,52,4128,54.343693,LinkedIn Learning,169.98747,3.2097466
8371,Course_8371,AI,10,1634,61.7468,LinkedIn Learning,63.63619,4.880712
8372,Course_8372,Design,81,4070,77.92072,Udemy,161.89204,3.6021738
8373,Course_8373,Finance,37,1444,96.89308,Udemy,74.69036,3.1959133
8374,Course_8374,Marketing,95,4339,54.147697,LinkedIn Learning,33.033123,3.98498
8375,Course_8375,Data Science,14,3765,74.427315,Udemy,163.9246,4.9501104
8376,Course_8376,AI,96,890,72.345825,Udemy,35.780346,4.948837
8378,Course_8378,Business,67,1330,65.89974,edX,146.59305,4.8728476
8380,Course_8380,AI,23,1073,73.570145,edX,13.2736845,3.730265
8381,Course_8381,Data Science,87,4978,65.09769,LinkedIn Learning,24.898935,4.4156156
8384,Course_8384,Technology,13,2851,90.22157,edX,168.1076,3.9177842
8385,Course_8385,Technology,93,4088,63.113277,LinkedIn Learning,178.48785,4.1584535
8386,Course_8386,AI,11,3032,87.718216,edX,116.58049,4.6990294
8387,Course_8387,Finance,50,669,65.890274,Udemy,141.22787,3.4852767
8388,Course_8388,Data Science,94,1401,63.239895,Udemy,65.48789,3.3991077
8389,Course_8389,Marketing,24,3054,68.559975,edX,27.290783,3.1125364
8390,Course_8390,Finance,92,2981,87.46249,LinkedIn Learning,78.81223,3.2404408
8391,Course_8391,Finance,78,3946,85.089005,LinkedIn Learning,157.0186,4.263596
8392,Course_8392,Business,14,1176,52.24851,Udemy,11.200211,3.6562476
8394,Course_8394,Technology,34,2995,94.94951,LinkedIn Learning,45.97589,3.0365725
8395,Course_8395,Technology,28,3018,80.3554,LinkedIn Learning,68.23666,4.047321
8396,Course_8396,Marketing,35,3087,80.48343,LinkedIn Learning,184.07533,3.217179
8397,Course_8397,AI,35,1104,64.54415,LinkedIn Learning,46.606773,4.432292
8399,Course_8399,Programming,97,3722,54.56958,LinkedIn Learning,58.96809,3.8259091
8403,Course_8403,Office Tools,65,646,60.32707,edX,160.96178,4.9328513
8404,Course_8404,Finance,63,1815,89.15105,LinkedIn Learning,11.290204,3.540032
8405,Course_8405,Data Science,26,1976,71.493935,Udemy,110.8643,4.7498584
8407,Course_8407,Technology,64,1480,79.46902,edX,173.46858,4.8078656
8408,Course_8408,Programming,69,632,83.273994,Udemy,62.996532,4.551755
8409,Course_8409,Business,22,1068,81.47579,edX,134.653,3.782439
8410,Course_8410,Marketing,43,3524,86.25516,Udemy,44.751762,4.3427396
8412,Course_8412,AI,42,2204,98.523415,edX,137.09627,3.754346
8413,Course_8413,Data Science,19,1240,62.42904,LinkedIn Learning,141.99521,4.2920284
8414,Course_8414,Business,77,3639,77.32852,LinkedIn Learning,77.10111,3.780782
8416,Course_8416,Design,57,662,94.630714,LinkedIn Learning,80.19584,3.1858206
8417,Course_8417,Marketing,23,2709,51.55669,LinkedIn Learning,158.73483,3.4362245
8418,Course_8418,Programming,40,1749,97.415794,edX,54.61155,4.446427
8421,Course_8421,AI,98,2994,84.3528,LinkedIn Learning,67.82315,3.1674657
8422,Course_8422,Programming,38,2144,66.20938,LinkedIn Learning,96.16493,3.5685022
8424,Course_8424,Programming,85,350,92.411285,edX,15.179908,3.296773
8425,Course_8425,Technology,17,2191,95.80903,Udemy,71.61728,3.1115003
8426,Course_8426,Office Tools,17,4948,83.719986,edX,89.053276,3.436332
8427,Course_8427,Design,98,2250,59.829315,LinkedIn Learning,130.26936,3.6354768
8428,Course_8428,Marketing,36,1908,88.12673,Udemy,134.11891,4.3170114
8429,Course_8429,Programming,75,1923,72.36116,LinkedIn Learning,12.255329,4.3796697
8431,Course_8431,Office Tools,34,3063,76.200516,Udemy,171.59416,4.60533
8432,Course_8432,Finance,74,3992,94.708984,Udemy,190.6705,3.4448433
8433,Course_8433,Office Tools,16,4829,97.16268,edX,124.182106,4.8409386
8434,Course_8434,Data Science,64,3230,84.59399,LinkedIn Learning,24.46776,4.959534
8435,Course_8435,AI,93,3014,89.16033,LinkedIn Learning,148.1392,3.435359
8436,Course_8436,Marketing,51,1014,52.65664,LinkedIn Learning,50.900444,4.6253867
8438,Course_8438,Design,74,2353,61.070736,Udemy,175.71982,4.5838675
8439,Course_8439,Design,96,2042,59.43196,Udemy,39.46305,3.785488
8440,Course_8440,Data Science,94,2190,67.46288,Udemy,197.95302,3.7090712
8441,Course_8441,Business,14,1717,99.412445,LinkedIn Learning,108.180756,3.4941201
8442,Course_8442,Business,43,3545,65.31704,LinkedIn Learning,100.249886,4.115295
8444,Course_8444,Marketing,47,3276,76.31796,LinkedIn Learning,144.00249,4.5856166
8445,Course_8445,Programming,38,1780,69.94918,Udemy,170.69788,3.0007985
8446,Course_8446,Programming,14,2872,56.939465,Udemy,199.94049,3.899878
8447,Course_8447,Technology,37,575,67.83975,edX,193.25754,4.53547
8448,Course_8448,Marketing,72,1843,95.27301,edX,34.027695,4.2335615
8449,Course_8449,Design,57,734,98.39592,Udemy,24.840494,3.5594594
8450,Course_8450,Programming,12,1222,84.62643,LinkedIn Learning,146.59236,3.9658804
8451,Course_8451,Marketing,61,3173,60.776802,edX,111.55091,3.0212345
8453,Course_8453,Programming,11,699,80.96908,Udemy,114.95755,4.676779
8454,Course_8454,Office Tools,69,4269,70.40959,edX,31.77468,3.975608
8455,Course_8455,Design,73,1350,95.113655,edX,90.1421,3.986971
8456,Course_8456,Programming,74,4337,91.720184,edX,108.52788,4.0211267
8457,Course_8457,Technology,67,2443,95.245026,edX,192.06267,3.9740043
8458,Course_8458,AI,16,3666,87.19574,LinkedIn Learning,168.58192,4.804651
8460,Course_8460,Office Tools,48,2244,67.48852,edX,97.293686,4.032872
8461,Course_8461,Data Science,18,672,67.47239,LinkedIn Learning,49.475746,4.0727243
8464,Course_8464,Data Science,70,2167,97.913315,Udemy,128.4264,4.2440405
8465,Course_8465,Marketing,12,581,79.24763,edX,106.32678,4.438188
8467,Course_8467,Marketing,60,2389,58.712086,Udemy,38.873497,3.5726235
8468,Course_8468,Finance,76,2926,59.65347,Udemy,45.149963,4.7376175
8469,Course_8469,AI,32,4311,65.08373,Udemy,118.37542,4.0766077
8471,Course_8471,Office Tools,11,4696,83.85353,edX,44.93579,3.5876465
8472,Course_8472,Office Tools,70,4162,94.84398,edX,53.452442,4.3321786
8473,Course_8473,Marketing,60,878,65.82279,LinkedIn Learning,160.89851,3.6810572
8474,Course_8474,Data Science,11,3002,81.879814,edX,139.49352,4.985306
8475,Course_8475,Office Tools,42,3084,59.50666,Udemy,117.909966,4.1453295
8476,Course_8476,Finance,50,350,66.001915,LinkedIn Learning,97.87614,3.0001612
8477,Course_8477,Data Science,78,4118,71.401726,edX,24.922546,4.5617995
8478,Course_8478,Technology,70,4914,91.77584,Udemy,86.307526,3.0368187
8479,Course_8479,Marketing,57,1633,62.03828,LinkedIn Learning,196.56024,3.4691222
8480,Course_8480,Finance,80,3130,52.34523,Udemy,35.54551,3.7277973
8481,Course_8481,Programming,67,4560,50.09015,LinkedIn Learning,94.14754,4.2304087
8483,Course_8483,AI,36,4702,62.061535,Udemy,106.39008,3.4791605
8484,Course_8484,Programming,69,710,73.250984,LinkedIn Learning,52.13769,3.7559547
8485,Course_8485,Office Tools,26,4274,79.49202,Udemy,10.522506,3.932909
8486,Course_8486,Business,99,3188,94.55884,LinkedIn Learning,193.66385,4.2036595
8489,Course_8489,AI,59,605,61.387913,LinkedIn Learning,137.99211,4.4066925
8490,Course_8490,AI,59,4199,80.823006,LinkedIn Learning,156.59846,3.859338
8491,Course_8491,Data Science,54,907,69.41145,Udemy,54.82522,3.8657236
8492,Course_8492,AI,69,4530,82.736534,Udemy,122.55176,3.60763
8493,Course_8493,Business,20,2027,87.76382,Udemy,199.96242,4.795296
8495,Course_8495,Business,66,3411,76.68852,edX,128.56067,3.421576
8497,Course_8497,Programming,100,1895,85.818596,LinkedIn Learning,29.689775,3.073567
8498,Course_8498,Office Tools,65,646,74.58906,Udemy,116.06758,4.645879
8499,Course_8499,Finance,53,3566,93.44852,edX,132.43945,3.1213262
8500,Course_8500,Finance,26,3560,50.993958,Udemy,101.266716,3.9401965
8501,Course_8501,AI,15,399,52.794357,LinkedIn Learning,55.681087,4.569683
8502,Course_8502,Technology,66,4867,69.89101,LinkedIn Learning,158.33243,3.95954
8503,Course_8503,Technology,12,2709,57.208237,LinkedIn Learning,77.49596,4.3459406
8504,Course_8504,AI,93,4920,88.880775,LinkedIn Learning,78.88753,3.2399518
8505,Course_8505,Data Science,64,304,59.51992,edX,118.88147,4.1643105
8507,Course_8507,Technology,28,3839,50.05165,LinkedIn Learning,180.43077,3.1582289
8508,Course_8508,Finance,27,3254,83.22716,edX,36.60293,3.7035625
8509,Course_8509,Office Tools,68,1869,62.467342,LinkedIn Learning,53.344532,3.2882867
8512,Course_8512,Office Tools,48,3384,88.526054,Udemy,194.18292,3.0243542
8513,Course_8513,Office Tools,42,2696,64.752785,Udemy,118.2678,4.975614
8514,Course_8514,AI,58,766,54.8376,edX,104.644424,4.6344004
8515,Course_8515,Data Science,87,3724,57.280403,LinkedIn Learning,133.11409,4.3392887
8516,Course_8516,Technology,14,2865,61.988594,LinkedIn Learning,198.22878,3.4437764
8517,Course_8517,Data Science,63,3974,94.46571,Udemy,113.19092,3.9872482
8518,Course_8518,Design,53,644,97.56609,Udemy,66.90555,3.354903
8519,Course_8519,Marketing,40,397,52.612274,LinkedIn Learning,15.39053,3.276449
8520,Course_8520,Office Tools,38,3078,61.772972,Udemy,113.15526,4.020959
8521,Course_8521,Design,58,2375,62.872623,edX,55.73651,4.2558494
8522,Course_8522,Technology,97,1706,97.18736,edX,90.71882,3.6259212
8523,Course_8523,Technology,48,3061,97.35046,edX,60.71424,3.741287
8524,Course_8524,Technology,76,4944,97.70069,Udemy,71.8248,4.3290443
8525,Course_8525,Design,44,4646,73.441826,edX,195.07353,3.1752598
8526,Course_8526,AI,20,3084,60.354385,Udemy,81.189926,4.074991
8528,Course_8528,Business,41,4888,82.01483,LinkedIn Learning,120.182274,3.3720396
8529,Course_8529,Data Science,17,1217,87.13419,Udemy,123.245735,4.424011
8530,Course_8530,Marketing,46,2077,56.398994,LinkedIn Learning,78.35919,3.528107
8531,Course_8531,Finance,62,3836,61.490093,LinkedIn Learning,79.601,3.489222
8532,Course_8532,Programming,30,510,99.940865,LinkedIn Learning,137.07062,3.4311159
8534,Course_8534,Data Science,96,2250,74.05756,edX,28.31669,3.1038566
8535,Course_8535,Design,97,4738,86.06185,Udemy,101.22718,4.5630097
8537,Course_8537,Office Tools,85,415,84.98703,Udemy,157.33047,4.9469867
8538,Course_8538,Marketing,42,3473,67.38441,Udemy,19.12233,4.881417
8539,Course_8539,Technology,19,3697,95.67778,Udemy,117.38125,3.4298434
8540,Course_8540,Programming,29,3067,81.39069,LinkedIn Learning,188.92358,4.245457
8541,Course_8541,Technology,15,4427,53.47562,Udemy,159.14557,3.6506352
8543,Course_8543,AI,69,863,77.987816,LinkedIn Learning,128.5202,3.7091
8544,Course_8544,AI,10,3808,55.865158,edX,127.05179,3.1438646
8545,Course_8545,Business,73,1833,89.27714,Udemy,140.00208,4.591675
8546,Course_8546,Marketing,62,2972,98.400116,edX,35.51132,4.6743655
8547,Course_8547,Marketing,17,2364,69.17582,Udemy,181.42352,3.3867614
8549,Course_8549,AI,66,4808,72.870316,LinkedIn Learning,180.91638,4.5585275
8550,Course_8550,AI,51,4245,51.32787,edX,143.52869,4.496552
8552,Course_8552,Programming,37,3659,77.53586,Udemy,184.4503,4.719936
8553,Course_8553,Data Science,62,2638,66.480385,edX,173.88593,4.262038
8554,Course_8554,Data Science,37,4173,98.95871,LinkedIn Learning,73.00694,3.9269285
8555,Course_8555,AI,30,1269,86.66043,LinkedIn Learning,179.86142,3.007697
8556,Course_8556,Business,19,3034,58.48281,edX,93.44056,3.5301654
8557,Course_8557,Design,27,3205,81.57262,Udemy,148.13701,3.8763187
8558,Course_8558,Marketing,82,4636,81.83598,edX,54.11985,4.2048335
8559,Course_8559,AI,45,3692,58.312996,edX,92.45922,3.5599513
8560,Course_8560,Design,80,2093,79.375084,Udemy,124.82755,3.025594
8561,Course_8561,Finance,76,1189,84.31431,LinkedIn Learning,12.943024,3.3534815
8562,Course_8562,Marketing,25,1302,91.918205,LinkedIn Learning,130.11758,4.001916
8563,Course_8563,Programming,50,3753,67.43072,Udemy,12.0063,3.50946
8564,Course_8564,Marketing,20,264,68.8964,edX,85.45189,3.7778134
8565,Course_8565,Office Tools,60,1665,87.2022,LinkedIn Learning,66.188866,3.379287
8566,Course_8566,Technology,26,3417,85.94563,Udemy,142.27328,4.205897
8568,Course_8568,AI,95,2230,55.8121,edX,199.03636,4.624395
8569,Course_8569,Data Science,43,2140,50.02363,Udemy,170.05846,3.2525365
8570,Course_8570,Technology,17,436,65.72931,Udemy,57.465427,3.404291
8571,Course_8571,Data Science,77,1497,87.32752,LinkedIn Learning,134.27739,3.0405192
8572,Course_8572,AI,48,3611,77.12662,edX,184.81493,4.0816073
8573,Course_8573,Programming,65,3531,76.755585,edX,58.864376,3.9928083
8574,Course_8574,Marketing,57,2448,54.921703,edX,95.34172,3.7813883
8575,Course_8575,Marketing,35,3905,69.59839,edX,52.96609,4.679591
8576,Course_8576,AI,59,4530,79.10862,Udemy,142.00621,3.1905332
8577,Course_8577,Programming,25,2352,59.933235,LinkedIn Learning,53.070267,3.3832533
8578,Course_8578,Design,87,1067,65.80462,Udemy,123.72577,4.6741295
8579,Course_8579,Business,78,3565,85.254295,edX,61.655743,3.0213215
8582,Course_8582,AI,83,4972,64.90386,Udemy,197.42375,4.2513537
8583,Course_8583,Technology,34,4110,56.723892,edX,152.63536,3.9771066
8584,Course_8584,AI,94,3726,74.837006,edX,145.96065,3.8852036
8585,Course_8585,Programming,57,4864,52.595726,LinkedIn Learning,158.83409,3.3294554
8586,Course_8586,Programming,77,4144,91.29631,Udemy,112.49834,4.00833
8588,Course_8588,AI,29,3707,56.36013,Udemy,163.06322,4.179095
8589,Course_8589,AI,41,1273,83.03668,Udemy,59.609035,3.6044052
8590,Course_8590,Finance,62,4701,55.469357,Udemy,154.02312,4.7589817
8591,Course_8591,Programming,40,801,96.4782,edX,53.241356,4.1176057
8592,Course_8592,Technology,72,2476,76.528145,LinkedIn Learning,127.05414,3.3698332
8593,Course_8593,Programming,100,4536,63.432716,LinkedIn Learning,113.351074,3.4715183
8594,Course_8594,Design,32,2934,98.15144,LinkedIn Learning,161.1929,4.759526
8595,Course_8595,Technology,33,4720,98.37153,LinkedIn Learning,71.44094,3.0796947
8596,Course_8596,Business,74,3729,79.62534,LinkedIn Learning,60.63515,3.0796947
8597,Course_8597,Technology,55,4642,71.53356,Udemy,57.9454,4.816176
8600,Course_8600,Business,57,354,63.33982,LinkedIn Learning,81.59597,4.601664
8601,Course_8601,AI,46,3445,60.89229,edX,10.580909,4.052405
8602,Course_8602,AI,100,2657,85.668755,LinkedIn Learning,103.98993,4.6015854
8604,Course_8604,AI,67,4011,87.571266,LinkedIn Learning,128.00967,3.4186873
8605,Course_8605,Data Science,24,4304,55.59739,Udemy,197.27632,3.8612137
8606,Course_8606,Office Tools,85,2791,93.7815,LinkedIn Learning,131.3511,3.2395809
8609,Course_8609,Programming,47,4783,77.58526,LinkedIn Learning,50.538074,3.536416
8610,Course_8610,Marketing,17,4481,82.91861,Udemy,158.88927,3.9486644
8611,Course_8611,Marketing,61,2119,74.64284,LinkedIn Learning,40.660046,3.378702
8613,Course_8613,Business,25,1696,76.0097,LinkedIn Learning,199.61716,3.0184178
8614,Course_8614,Business,69,1614,51.73001,Udemy,177.90764,3.0941784
8615,Course_8615,Technology,17,1290,81.21096,edX,95.81144,3.1960483
8616,Course_8616,AI,27,970,99.087875,edX,174.13205,4.519202
8618,Course_8618,Data Science,71,161,51.65693,Udemy,168.72995,3.372206
8619,Course_8619,Finance,74,3505,71.479256,LinkedIn Learning,124.54211,4.270715
8621,Course_8621,Business,33,4689,83.7748,Udemy,170.32216,3.8660693
8623,Course_8623,Design,98,3552,79.516174,LinkedIn Learning,48.501358,4.1673656
8624,Course_8624,Marketing,51,4475,66.33607,edX,180.97992,4.318988
8625,Course_8625,Data Science,48,853,51.508247,LinkedIn Learning,176.92249,4.4246364
8626,Course_8626,Design,31,2797,79.74263,Udemy,133.30632,3.3323147
8628,Course_8628,Programming,89,3430,92.26186,LinkedIn Learning,41.40524,3.4130046
8631,Course_8631,Finance,81,4685,75.22654,LinkedIn Learning,130.29851,4.577553
8632,Course_8632,Design,12,853,50.313293,Udemy,191.93813,3.3162339
8633,Course_8633,Design,49,988,76.81128,LinkedIn Learning,158.80208,3.72447
8634,Course_8634,Business,72,3712,57.85557,edX,121.94967,3.405538
8635,Course_8635,AI,64,804,81.659294,Udemy,138.23535,4.5926023
8638,Course_8638,Technology,62,4413,67.59451,edX,186.65387,3.781468
8641,Course_8641,AI,33,4832,64.87272,edX,42.214306,3.4197567
8643,Course_8643,AI,53,3089,70.98177,edX,104.265686,3.2528133
8644,Course_8644,Business,76,3732,76.993256,edX,107.693634,4.1494536
8645,Course_8645,Business,97,2551,69.04763,edX,130.20016,4.125984
8646,Course_8646,Programming,73,2688,94.512955,edX,190.53975,4.64173
8647,Course_8647,Marketing,20,4556,87.03474,LinkedIn Learning,26.906729,3.8328161
8648,Course_8648,Data Science,97,2187,61.939842,Udemy,192.38936,3.2514265
8651,Course_8651,Finance,33,3127,65.93877,LinkedIn Learning,190.21483,3.6436214
8652,Course_8652,Programming,39,1589,96.038666,LinkedIn Learning,102.88203,4.0584826
8653,Course_8653,Technology,32,170,50.345432,edX,170.19606,3.906392
8656,Course_8656,Finance,65,3785,54.4549,edX,12.604465,3.1938403
8657,Course_8657,AI,60,4201,59.816833,LinkedIn Learning,42.057747,4.396054
8658,Course_8658,Business,15,3548,63.46517,LinkedIn Learning,10.34627,3.0965075
8659,Course_8659,Data Science,34,3242,83.14782,Udemy,63.755165,4.7175856
8660,Course_8660,Marketing,56,1857,57.131977,Udemy,131.81262,3.7397618
8662,Course_8662,Business,18,559,66.51009,Udemy,34.519245,3.6012375
8664,Course_8664,Marketing,92,3713,78.64622,LinkedIn Learning,55.406536,4.6239195
8665,Course_8665,Design,27,1350,54.605244,Udemy,118.22451,3.4492784
8667,Course_8667,Design,61,3586,76.23805,edX,189.14938,3.3333044
8668,Course_8668,AI,94,1194,87.612045,Udemy,27.289694,3.4189136
8669,Course_8669,AI,90,187,61.414616,Udemy,161.57028,4.2460413
8670,Course_8670,Finance,30,4446,97.843956,edX,17.14443,4.360177
8671,Course_8671,Data Science,42,2309,92.91889,Udemy,42.95119,4.3299274
8672,Course_8672,Design,20,3463,89.58881,edX,153.9551,4.591386
8673,Course_8673,AI,34,428,54.068657,LinkedIn Learning,121.29148,3.2586238
8674,Course_8674,Business,28,4666,68.219604,Udemy,104.91481,4.0846205
8675,Course_8675,Programming,57,2816,72.73674,Udemy,151.78929,4.113584
8676,Course_8676,Programming,27,3836,83.8381,Udemy,95.9195,3.9214718
8677,Course_8677,Technology,70,2789,87.96127,LinkedIn Learning,183.85419,3.528757
8678,Course_8678,Marketing,76,3489,59.93543,LinkedIn Learning,75.949165,4.991113
8679,Course_8679,Office Tools,72,3819,53.01595,edX,191.09343,3.0426497
8680,Course_8680,AI,79,4365,52.73692,LinkedIn Learning,193.71118,3.4810631
8681,Course_8681,Design,64,2480,65.35967,LinkedIn Learning,168.28879,4.188221
8682,Course_8682,Programming,10,2991,66.68311,Udemy,117.78902,3.87863
8683,Course_8683,Programming,88,4507,77.83868,LinkedIn Learning,93.33281,3.5552578
8684,Course_8684,Data Science,42,2891,51.465553,Udemy,160.83032,4.367259
8685,Course_8685,Design,86,2953,90.859764,LinkedIn Learning,162.53252,3.7292578
8686,Course_8686,Finance,13,4031,71.077324,edX,194.4403,4.0986114
8687,Course_8687,Marketing,87,4819,89.34008,Udemy,187.22803,4.1419024
8689,Course_8689,Technology,93,1705,98.20373,edX,79.48737,3.4852505
8690,Course_8690,Programming,35,1417,78.16172,edX,194.39102,4.1210017
8691,Course_8691,Data Science,16,4157,76.35315,LinkedIn Learning,151.15063,3.635983
8692,Course_8692,Programming,73,2718,88.57511,LinkedIn Learning,21.734768,3.0269852
8693,Course_8693,Programming,94,272,96.681694,LinkedIn Learning,196.57626,3.5217733
8695,Course_8695,Finance,97,3739,56.992138,edX,130.29274,4.665215
8696,Course_8696,Marketing,21,1495,59.091972,LinkedIn Learning,45.50991,4.427531
8698,Course_8698,Data Science,27,3277,71.361435,Udemy,45.9897,3.9514148
8699,Course_8699,Marketing,49,3653,88.38022,Udemy,92.11503,3.0963979
8700,Course_8700,Office Tools,40,2383,55.835873,edX,40.74694,4.808941
8701,Course_8701,Design,41,3425,85.14658,LinkedIn Learning,138.18979,3.3418713
8702,Course_8702,Marketing,49,4440,88.30364,edX,191.67581,3.9315343
8703,Course_8703,Technology,58,3259,51.088387,edX,129.04,4.6832943
8705,Course_8705,Programming,28,994,94.37248,LinkedIn Learning,74.77887,4.0026717
8706,Course_8706,Office Tools,13,985,58.57258,edX,33.265717,3.0730789
8708,Course_8708,Office Tools,56,4920,85.13893,LinkedIn Learning,154.61069,3.7736115
8709,Course_8709,Marketing,54,4890,61.05425,edX,102.884125,3.4485445
8710,Course_8710,AI,14,170,72.1966,edX,56.94359,4.351498
8712,Course_8712,Data Science,76,4383,84.75849,LinkedIn Learning,45.840935,4.5450325
8713,Course_8713,Business,48,3476,80.41278,LinkedIn Learning,52.51397,3.0982382
8714,Course_8714,Finance,52,4692,75.683624,edX,161.05258,3.195652
8715,Course_8715,AI,61,2515,73.03306,edX,14.1036825,4.0830336
8716,Course_8716,Office Tools,85,2359,74.79389,LinkedIn Learning,141.1982,3.7783356
8717,Course_8717,Technology,65,3555,60.46101,LinkedIn Learning,174.29475,3.3833852
8718,Course_8718,AI,94,4052,65.78743,edX,194.92432,4.519215
8720,Course_8720,Marketing,63,3595,57.184536,LinkedIn Learning,195.50583,3.7862759
8722,Course_8722,Marketing,87,2571,74.97073,Udemy,175.05151,4.731012
8723,Course_8723,Finance,14,4368,54.138767,edX,124.162,4.0361257
8724,Course_8724,Finance,63,2946,89.7052,edX,62.472687,3.6582396
8726,Course_8726,Technology,64,3869,81.66027,Udemy,146.80562,3.35403
8728,Course_8728,Data Science,90,4878,98.22539,Udemy,111.00428,4.2007537
8729,Course_8729,Finance,22,2642,62.663982,Udemy,50.41969,3.0329432
8730,Course_8730,Data Science,82,2473,55.121502,LinkedIn Learning,106.801,4.5090847
8731,Course_8731,AI,11,1829,70.45147,LinkedIn Learning,19.105093,3.5126348
8732,Course_8732,Office Tools,33,3432,60.694057,Udemy,74.81061,3.8240502
8734,Course_8734,Finance,92,3085,82.27064,edX,26.199411,3.036718
8735,Course_8735,Technology,92,1435,54.123466,Udemy,140.09787,4.3613067
8737,Course_8737,Marketing,49,3020,53.800198,Udemy,38.98092,3.6751614
8738,Course_8738,Programming,11,2297,88.72168,LinkedIn Learning,119.27026,4.3703656
8739,Course_8739,Office Tools,29,1459,51.55794,Udemy,22.422379,3.6485698
8740,Course_8740,Marketing,40,3280,55.918327,edX,152.11101,4.4139833
8741,Course_8741,Business,91,318,52.723026,edX,55.463104,3.3577569
8743,Course_8743,Data Science,26,4800,58.88785,LinkedIn Learning,22.520466,4.948505
8744,Course_8744,Data Science,44,3353,86.650246,LinkedIn Learning,16.446367,3.6331067
8745,Course_8745,Marketing,58,4962,86.40901,Udemy,83.126465,3.0598466
8749,Course_8749,Data Science,63,3299,95.87729,edX,72.594536,3.3593442
8750,Course_8750,Programming,20,4611,73.4083,LinkedIn Learning,148.88644,4.774072
8751,Course_8751,Office Tools,89,1713,87.38121,LinkedIn Learning,69.57935,3.047873
8753,Course_8753,Technology,82,1111,85.183754,edX,103.89996,4.4518695
8754,Course_8754,Business,29,2092,89.25078,edX,119.12304,4.3941417
8755,Course_8755,Design,89,2060,86.26734,LinkedIn Learning,138.54463,4.199316
8756,Course_8756,AI,54,3096,56.326237,LinkedIn Learning,26.04171,4.4484444
8757,Course_8757,Finance,59,4274,72.37465,LinkedIn Learning,16.27336,4.0298843
8758,Course_8758,Office Tools,39,3924,53.327106,LinkedIn Learning,190.015,3.9513328
8759,Course_8759,Design,63,3941,50.932674,edX,63.43741,3.4111235
8760,Course_8760,Office Tools,58,766,91.863846,Udemy,52.602768,4.96824
8761,Course_8761,Data Science,35,1454,86.68693,Udemy,26.550552,4.4633436
8762,Course_8762,Data Science,15,1115,86.580894,edX,111.290436,4.636595
8763,Course_8763,Office Tools,97,442,58.105072,edX,65.860886,3.3430145
8764,Course_8764,Technology,32,2520,57.08515,edX,84.90019,3.7401464
8765,Course_8765,AI,70,1151,63.40242,edX,145.32849,4.7038336
8767,Course_8767,AI,82,2512,94.5032,Udemy,125.44866,3.7685704
8768,Course_8768,Design,58,2753,74.71501,edX,35.84913,3.0416358
8770,Course_8770,AI,44,2267,67.60104,Udemy,19.209263,3.356068
8771,Course_8771,Business,54,4124,69.58855,edX,21.605165,4.441572
8773,Course_8773,Office Tools,85,2168,85.66394,edX,128.54404,4.4624443
8774,Course_8774,Business,98,1091,60.868645,edX,164.4613,4.5542665
8775,Course_8775,AI,51,2631,54.621128,Udemy,170.79091,4.042468
8776,Course_8776,Business,69,2377,51.032402,LinkedIn Learning,50.126366,3.1710558
8777,Course_8777,Design,14,1641,93.24025,edX,136.48476,4.713148
8779,Course_8779,Marketing,42,209,98.263885,edX,171.72643,4.3652453
8780,Course_8780,Office Tools,28,1910,89.13507,Udemy,63.57525,4.821287
8781,Course_8781,Office Tools,65,2694,96.988106,LinkedIn Learning,172.90894,3.8146584
8782,Course_8782,Design,49,1617,63.317017,LinkedIn Learning,178.51303,3.9686234
8784,Course_8784,Design,37,1800,59.24067,edX,11.042853,3.0173287
8785,Course_8785,Programming,76,2510,73.231026,Udemy,191.94695,4.3340583
8787,Course_8787,Business,94,4412,85.021034,LinkedIn Learning,65.500114,3.9640567
8788,Course_8788,Finance,46,1652,95.14775,Udemy,97.10313,4.6145716
8789,Course_8789,Marketing,53,3278,55.612022,LinkedIn Learning,142.06378,3.6169806
8790,Course_8790,Programming,71,3491,50.61669,edX,132.81262,3.381042
8791,Course_8791,Data Science,59,808,95.84956,LinkedIn Learning,27.183924,4.0221086
8792,Course_8792,Marketing,97,1988,88.56628,Udemy,130.71632,4.3855352
8793,Course_8793,Office Tools,32,4871,65.11264,Udemy,190.81549,4.8937497
8796,Course_8796,Office Tools,91,3973,60.04376,LinkedIn Learning,187.48524,4.8650365
8798,Course_8798,AI,77,2690,50.94764,Udemy,182.10402,3.398944
8800,Course_8800,Technology,93,2439,73.76219,LinkedIn Learning,113.30345,4.753461
8802,Course_8802,Programming,49,1430,66.73013,LinkedIn Learning,177.80223,4.333638
8803,Course_8803,AI,35,3536,55.852673,Udemy,175.27449,3.9810848
8805,Course_8805,Business,91,4943,87.56821,edX,95.49751,3.9003537
8806,Course_8806,Technology,97,650,88.25958,edX,72.66931,3.2712467
8807,Course_8807,AI,88,1543,70.68591,Udemy,191.52954,4.451708
8808,Course_8808,AI,64,4703,54.89556,LinkedIn Learning,33.592644,4.484084
8809,Course_8809,Business,28,1636,84.841125,Udemy,149.55035,3.686069
8810,Course_8810,Design,64,2966,85.34303,LinkedIn Learning,170.18605,4.183315
8811,Course_8811,Programming,16,1511,96.94439,edX,109.87708,4.0541873
8814,Course_8814,Marketing,25,4753,91.40474,edX,90.90854,4.3916793
8816,Course_8816,Office Tools,92,1971,71.42559,LinkedIn Learning,172.78851,4.789235
8817,Course_8817,Marketing,63,742,99.72695,Udemy,82.00188,4.444171
8818,Course_8818,Finance,21,773,99.85666,Udemy,67.11704,3.9053879
8820,Course_8820,Office Tools,62,3083,60.29775,edX,130.92924,3.8577714
8822,Course_8822,Finance,58,294,93.99415,LinkedIn Learning,179.15793,4.853849
8823,Course_8823,Business,76,4640,95.01326,LinkedIn Learning,75.187096,4.488238
8824,Course_8824,Data Science,96,4928,80.606224,Udemy,187.26433,4.17122
8825,Course_8825,AI,33,917,67.64808,edX,85.67785,3.3508296
8826,Course_8826,Programming,62,3500,79.45835,Udemy,176.99527,4.917262
8827,Course_8827,AI,59,4221,99.7009,LinkedIn Learning,23.032114,4.1561265
8828,Course_8828,Technology,78,3709,89.449715,LinkedIn Learning,28.72702,4.4866385
8830,Course_8830,Programming,92,4974,78.90213,LinkedIn Learning,155.41273,4.94182
8831,Course_8831,AI,80,4009,54.49108,Udemy,25.941156,4.787045
8832,Course_8832,Finance,79,4495,51.649555,Udemy,131.60101,4.8188677
8833,Course_8833,Technology,26,598,75.87756,LinkedIn Learning,20.310701,3.1831284
8835,Course_8835,Finance,82,665,95.84725,Udemy,42.271626,4.562096
8836,Course_8836,Business,49,1526,74.062126,edX,93.54305,3.3538282
8839,Course_8839,AI,45,3537,56.12012,Udemy,151.40598,4.76114
8840,Course_8840,Programming,27,2176,77.4709,Udemy,29.733261,3.2858264
8841,Course_8841,Marketing,14,1293,72.5526,edX,198.13284,3.7592125
8842,Course_8842,Technology,82,3159,85.886925,edX,27.383823,3.23974
8843,Course_8843,Business,84,4226,97.90543,Udemy,197.8272,3.4441047
8846,Course_8846,Marketing,56,2352,99.35576,LinkedIn Learning,110.47571,3.1756415
8847,Course_8847,Office Tools,78,2219,97.925,LinkedIn Learning,94.21438,4.867622
8848,Course_8848,Data Science,71,3736,80.391304,edX,159.31393,3.2035491
8849,Course_8849,Business,44,3417,93.51545,LinkedIn Learning,47.348186,4.366014
8850,Course_8850,Business,23,584,86.47594,edX,152.3269,3.4232075
8851,Course_8851,Marketing,81,635,52.659744,LinkedIn Learning,29.80456,3.2067287
8852,Course_8852,Marketing,45,3278,73.72509,Udemy,11.420683,3.2775881
8853,Course_8853,Technology,37,4770,76.44902,LinkedIn Learning,12.562003,3.3981562
8854,Course_8854,Technology,65,138,80.291466,Udemy,172.88013,4.521558
8855,Course_8855,Office Tools,14,4822,74.59192,LinkedIn Learning,195.84018,3.5231822
8856,Course_8856,Data Science,33,818,67.313416,LinkedIn Learning,41.33714,4.5753217
8857,Course_8857,Business,28,4008,67.96844,Udemy,13.699268,4.3503547
8858,Course_8858,Design,78,3450,67.26827,edX,138.29272,3.8060672
8859,Course_8859,Technology,64,385,99.798096,Udemy,125.603615,3.890253
8860,Course_8860,AI,58,1288,88.415794,Udemy,113.77072,3.9938648
8863,Course_8863,Business,48,3775,71.686424,LinkedIn Learning,124.29252,4.473756
8864,Course_8864,Finance,14,144,69.488434,Udemy,26.800348,3.412251
8868,Course_8868,Design,46,3458,66.27689,Udemy,94.742935,4.214861
8870,Course_8870,Marketing,67,2103,90.089935,Udemy,11.027232,4.4310446
8871,Course_8871,Programming,86,112,89.68048,LinkedIn Learning,190.90358,4.279237
8872,Course_8872,Programming,60,3827,86.75156,LinkedIn Learning,58.445824,4.962122
8873,Course_8873,Design,84,2590,50.891308,Udemy,96.808975,3.070559
8876,Course_8876,Finance,35,2847,80.381386,LinkedIn Learning,144.788,4.283002
8877,Course_8877,Programming,80,4641,78.41087,LinkedIn Learning,25.077467,4.6553817
8878,Course_8878,Finance,96,587,85.343346,edX,125.105286,3.3359702
8879,Course_8879,Business,76,2578,68.264786,edX,174.05196,4.8494334
8880,Course_8880,Office Tools,51,4898,50.20852,edX,194.07858,3.335042
8881,Course_8881,Data Science,45,1017,73.970406,Udemy,96.140884,4.6601043
8882,Course_8882,AI,92,1657,92.628586,edX,145.58638,4.915938
8883,Course_8883,Design,85,795,84.358864,LinkedIn Learning,97.33489,3.8812187
8884,Course_8884,Office Tools,61,396,87.12232,Udemy,159.35535,3.8143165
8885,Course_8885,Technology,84,4650,65.395645,LinkedIn Learning,165.50507,4.327986
8886,Course_8886,Business,98,3031,97.742065,Udemy,17.678486,3.793303
8887,Course_8887,Marketing,22,1551,96.74909,LinkedIn Learning,77.14896,4.9874716
8888,Course_8888,Office Tools,21,2598,82.381256,edX,62.244164,3.9470484
8890,Course_8890,Programming,55,2783,74.29578,Udemy,10.286177,4.0189886
8891,Course_8891,Programming,92,4333,50.94272,edX,164.93611,3.9462497
8892,Course_8892,Design,41,1729,96.62111,edX,199.57063,4.0163116
8893,Course_8893,Technology,13,3775,55.207954,edX,170.1637,4.542406
8895,Course_8895,Programming,44,2189,92.732,LinkedIn Learning,104.53757,4.8255095
8896,Course_8896,Marketing,71,4588,69.19713,Udemy,29.70981,3.3951733
8897,Course_8897,Design,76,3375,53.69996,Udemy,99.86145,4.9301176
8899,Course_8899,Data Science,66,3976,52.19024,LinkedIn Learning,90.56222,4.755847
8900,Course_8900,Design,91,2986,56.08179,LinkedIn Learning,138.48541,3.648213
8901,Course_8901,Data Science,27,3427,99.79349,edX,152.19852,3.060608
8902,Course_8902,AI,60,125,72.48596,LinkedIn Learning,107.27935,4.760264
8904,Course_8904,Design,11,2058,87.328514,Udemy,175.32817,4.2751665
8905,Course_8905,Finance,26,4395,90.235374,LinkedIn Learning,140.4875,3.1689076
8906,Course_8906,Marketing,53,1532,81.20963,edX,17.81387,3.909088
8907,Course_8907,AI,97,4525,90.29456,LinkedIn Learning,112.087616,4.448622
8908,Course_8908,Technology,67,2384,57.931984,LinkedIn Learning,166.34006,4.6722074
8909,Course_8909,Office Tools,60,3549,58.098976,LinkedIn Learning,33.00392,4.6713266
8910,Course_8910,Design,62,4289,69.4143,edX,78.552765,3.884299
8911,Course_8911,Programming,51,4192,80.6987,Udemy,183.16824,3.2111638
8912,Course_8912,Programming,86,2871,55.28545,Udemy,191.10185,3.0961945
8913,Course_8913,Data Science,46,4882,67.01365,Udemy,167.80812,3.9387393
8914,Course_8914,Data Science,53,3421,78.07541,Udemy,126.38815,4.5109677
8915,Course_8915,Technology,67,3657,77.8145,edX,18.762457,4.5822287
8916,Course_8916,Data Science,74,1253,85.751724,LinkedIn Learning,46.750233,3.6600416
8917,Course_8917,Programming,24,667,83.474686,edX,11.198027,4.435847
8918,Course_8918,Business,17,1852,66.57904,edX,150.5182,4.1628003
8920,Course_8920,Data Science,24,3647,61.800953,LinkedIn Learning,135.16849,3.6082795
8922,Course_8922,Data Science,87,2122,91.35603,Udemy,199.84102,4.6275353
8923,Course_8923,Technology,73,478,55.39367,LinkedIn Learning,192.34756,3.0886133
8925,Course_8925,Design,67,3936,55.39783,LinkedIn Learning,136.04837,3.110709
8926,Course_8926,Programming,51,2911,84.89332,edX,75.85104,4.521576
8927,Course_8927,Office Tools,26,863,51.426003,LinkedIn Learning,38.13781,3.4282632
8928,Course_8928,Technology,84,4029,85.71235,LinkedIn Learning,129.15422,3.1028857
8930,Course_8930,Office Tools,94,2267,55.93729,edX,119.83611,3.9841378
8931,Course_8931,Marketing,96,4393,60.47406,Udemy,127.396805,3.3971872
8932,Course_8932,Marketing,24,778,53.41551,edX,68.27801,3.0217142
8933,Course_8933,Data Science,97,228,62.628628,edX,154.6974,4.0470667
8934,Course_8934,Data Science,46,3539,97.92605,LinkedIn Learning,25.049217,4.042545
8935,Course_8935,Office Tools,86,3968,62.46903,LinkedIn Learning,61.61263,4.741492
8937,Course_8937,Finance,61,4073,89.9981,LinkedIn Learning,89.98132,3.1022286
8938,Course_8938,Data Science,34,2781,76.74562,Udemy,30.418343,3.1919563
8939,Course_8939,Office Tools,45,1535,64.66914,LinkedIn Learning,127.60371,4.300928
8941,Course_8941,Design,13,2470,53.323368,Udemy,145.4435,3.989219
8942,Course_8942,AI,66,964,51.989998,edX,109.14134,3.3048491
8943,Course_8943,Finance,80,3906,75.06124,LinkedIn Learning,184.84872,3.4271991
8944,Course_8944,AI,92,1259,79.031746,Udemy,165.30063,3.9572825
8945,Course_8945,Finance,99,4810,50.329216,LinkedIn Learning,157.42203,3.4249518
8946,Course_8946,Design,86,656,78.201126,Udemy,107.96568,4.841528
8947,Course_8947,Technology,46,4920,57.274426,Udemy,35.78358,3.1536071
8948,Course_8948,Finance,71,4125,75.12111,edX,168.84381,4.2554584
8949,Course_8949,Data Science,56,697,95.91591,edX,128.97952,3.2584052
8950,Course_8950,Technology,66,1979,95.77583,Udemy,13.728668,3.1449597
8951,Course_8951,Technology,25,4134,66.26856,edX,180.24542,3.8996701
8952,Course_8952,Technology,49,2130,53.571575,LinkedIn Learning,73.935135,3.3372586
8953,Course_8953,AI,75,3907,77.415504,edX,91.965775,3.1419396
8954,Course_8954,Business,14,1561,89.6754,LinkedIn Learning,52.28015,4.5224743
8955,Course_8955,Design,93,3318,59.739822,LinkedIn Learning,189.66258,3.1885319
8957,Course_8957,Design,37,4668,75.73207,edX,68.79611,4.144113
8958,Course_8958,Technology,66,3042,69.69035,edX,107.09331,3.7134678
8959,Course_8959,Marketing,43,4777,99.98676,LinkedIn Learning,178.09,3.5733812
8960,Course_8960,Technology,34,2531,80.77941,edX,85.00141,3.5380008
8962,Course_8962,Programming,12,3427,82.672935,Udemy,153.8163,3.76552
8964,Course_8964,Data Science,10,2489,96.49266,Udemy,40.106888,4.9103928
8966,Course_8966,Office Tools,81,3651,54.93608,LinkedIn Learning,27.772863,3.326787
8968,Course_8968,Design,65,1036,99.09297,Udemy,121.073814,3.2931974
8969,Course_8969,AI,19,881,50.09676,edX,27.5854,3.7731946
8970,Course_8970,Data Science,40,2610,77.23575,edX,191.75363,4.4789896
8971,Course_8971,Technology,95,3247,73.621925,edX,30.989956,3.9212973
8972,Course_8972,Data Science,38,2637,69.86782,Udemy,16.225775,3.872652
8973,Course_8973,Design,97,2673,86.17164,edX,188.76828,3.5423565
8974,Course_8974,Design,40,3873,59.66565,edX,74.934074,4.1738925
8975,Course_8975,AI,63,2260,62.120872,LinkedIn Learning,174.7506,4.1072645
8977,Course_8977,Design,12,2167,71.23684,Udemy,164.6997,3.8323185
8978,Course_8978,Business,41,1165,61.351902,Udemy,12.144079,3.7429965
8979,Course_8979,Office Tools,36,1844,92.68273,LinkedIn Learning,55.831367,3.9590867
8980,Course_8980,AI,91,2945,51.577927,Udemy,117.67686,4.403878
8981,Course_8981,Programming,49,493,95.221695,edX,148.6553,3.5578353
8982,Course_8982,Marketing,23,1038,69.62154,Udemy,32.844116,3.005532
8984,Course_8984,Design,87,4233,53.794582,Udemy,134.75574,3.5210204
8985,Course_8985,Programming,74,839,98.397316,Udemy,166.93906,3.3452127
8986,Course_8986,Business,19,2167,69.28505,Udemy,124.447815,3.3813324
8987,Course_8987,Design,98,2647,96.22959,LinkedIn Learning,145.21765,3.707807
8989,Course_8989,Office Tools,21,3048,64.16319,edX,65.80144,4.128259
8990,Course_8990,Technology,87,2441,53.920815,Udemy,104.257416,4.8779297
8991,Course_8991,Design,23,3440,55.5095,Udemy,116.65735,4.511302
8993,Course_8993,Data Science,62,4491,65.91173,LinkedIn Learning,25.155859,4.0698595
8994,Course_8994,Technology,69,2956,95.91378,edX,14.725995,3.3982322
8995,Course_8995,Finance,47,3366,84.18675,LinkedIn Learning,52.689945,3.7788925
8996,Course_8996,Data Science,10,4538,89.84602,Udemy,96.10279,3.7281187
8998,Course_8998,Data Science,98,3549,76.71714,LinkedIn Learning,56.589752,4.911221
8999,Course_8999,Business,92,4715,86.72468,edX,160.29729,4.060952
9000,Course_9000,Data Science,63,596,73.138824,Udemy,29.726477,3.0378969
9001,Course_9001,Programming,31,1257,70.42617,Udemy,118.94615,4.7971945
9002,Course_9002,Marketing,53,3410,77.69538,edX,132.01007,3.6134129
9003,Course_9003,Technology,14,4347,77.10054,edX,113.56567,3.479215
9004,Course_9004,Technology,38,4250,57.814304,edX,136.30226,3.54724
9005,Course_9005,Technology,65,436,50.84855,Udemy,101.77185,3.0877445
9006,Course_9006,Design,18,2104,99.20427,LinkedIn Learning,146.07376,3.4608722
9007,Course_9007,Design,79,3572,79.52827,Udemy,104.16588,4.166634
9010,Course_9010,AI,45,3485,66.032776,LinkedIn Learning,114.04199,3.120278
9011,Course_9011,Data Science,21,3089,61.218094,edX,104.68219,3.1729963
9012,Course_9012,AI,79,4942,96.58874,edX,35.72773,4.3684497
9013,Course_9013,Design,39,447,59.38463,edX,165.99059,4.7350087
9015,Course_9015,Design,75,3248,90.904305,LinkedIn Learning,73.82535,3.595767
9016,Course_9016,Data Science,36,907,65.29289,edX,166.81631,3.894228
9017,Course_9017,Technology,70,3906,93.918205,edX,58.002655,3.992851
9018,Course_9018,Marketing,65,3692,95.10151,edX,172.9662,4.9642367
9019,Course_9019,Office Tools,99,284,97.03485,LinkedIn Learning,131.42212,3.5008442
9021,Course_9021,Technology,39,2101,88.95464,Udemy,155.56633,4.595667
9023,Course_9023,Finance,15,416,81.00112,edX,31.418756,4.257479
9024,Course_9024,Technology,40,4422,83.43543,Udemy,147.53703,3.6883883
9026,Course_9026,Business,77,365,58.933403,LinkedIn Learning,124.76798,3.6586475
9027,Course_9027,Data Science,52,4592,66.81831,LinkedIn Learning,146.83289,3.010625
9028,Course_9028,Technology,27,1688,77.92659,Udemy,37.57755,4.720598
9029,Course_9029,Technology,85,3723,99.66953,Udemy,187.75665,4.582727
9030,Course_9030,Data Science,35,4484,85.13256,edX,65.2288,4.9414845
9031,Course_9031,Business,79,118,91.83011,LinkedIn Learning,13.129384,3.9645402
9033,Course_9033,Programming,18,2586,86.67438,LinkedIn Learning,47.674496,3.0354996
9034,Course_9034,Design,99,611,53.10297,LinkedIn Learning,78.52572,4.9617577
9035,Course_9035,Finance,38,3605,58.11751,edX,147.11664,4.386427
9037,Course_9037,Office Tools,97,2700,93.679436,LinkedIn Learning,133.24971,3.0539787
9038,Course_9038,Office Tools,25,3728,86.25858,LinkedIn Learning,123.27022,3.4899104
9039,Course_9039,Marketing,30,4666,81.582306,edX,110.25461,4.5281453
9042,Course_9042,Design,24,3503,62.77394,edX,169.91496,4.143795
9043,Course_9043,Marketing,81,4286,75.04478,LinkedIn Learning,59.31013,4.5841484
9045,Course_9045,Programming,45,2809,68.53448,Udemy,161.22496,3.932873
9046,Course_9046,Finance,72,2066,70.26348,LinkedIn Learning,88.44035,3.1559966
9047,Course_9047,Design,93,4900,52.808548,Udemy,145.3798,3.4311247
9048,Course_9048,Business,17,1800,55.663536,LinkedIn Learning,71.57116,4.1862817
9049,Course_9049,Data Science,36,3350,66.27825,Udemy,193.48602,4.2871895
9052,Course_9052,Business,12,146,57.101246,LinkedIn Learning,63.307568,4.5995746
9053,Course_9053,Office Tools,39,3115,63.583893,LinkedIn Learning,81.24834,4.0833774
9055,Course_9055,Office Tools,34,1267,51.355,Udemy,190.07048,4.1190376
9056,Course_9056,Technology,86,1372,90.93195,edX,98.69923,4.9627147
9057,Course_9057,Design,64,4501,62.30387,Udemy,52.469486,3.3011215
9058,Course_9058,Office Tools,73,2900,54.677654,edX,44.030342,4.341461
9059,Course_9059,AI,55,272,60.82079,Udemy,150.99765,4.8669467
9060,Course_9060,Office Tools,13,3356,82.46898,edX,157.2194,4.207948
9061,Course_9061,Technology,14,1910,83.0948,Udemy,168.10353,4.4205074
9064,Course_9064,Finance,27,3053,89.397095,Udemy,181.82005,3.633971
9065,Course_9065,Office Tools,89,4082,96.10991,LinkedIn Learning,106.42746,3.3865075
9066,Course_9066,Programming,61,4721,84.22136,Udemy,50.3456,4.0189023
9067,Course_9067,Business,39,277,60.8639,edX,104.83602,3.9294124
9068,Course_9068,AI,67,834,53.544285,edX,190.93962,3.4950101
9069,Course_9069,Finance,48,4976,84.92317,LinkedIn Learning,109.7815,3.9230149
9070,Course_9070,AI,23,3315,61.0783,Udemy,97.27856,3.592679
9071,Course_9071,Marketing,70,2424,62.25517,edX,71.56202,4.527377
9072,Course_9072,Marketing,32,496,63.303997,Udemy,101.09135,3.7242887
9075,Course_9075,Marketing,57,958,95.50709,edX,64.03115,4.8310237
9076,Course_9076,Office Tools,38,946,95.906784,edX,190.06409,4.0663896
9077,Course_9077,Business,51,2837,58.09803,edX,53.635036,4.493574
9078,Course_9078,Design,87,2346,53.10797,edX,119.29696,3.5114696
9079,Course_9079,Design,22,2346,86.97932,Udemy,58.53269,4.247955
9080,Course_9080,Technology,92,2900,73.78847,Udemy,106.70781,4.888105
9081,Course_9081,Programming,67,2467,54.74821,LinkedIn Learning,55.72066,3.3722062
9082,Course_9082,AI,72,4292,64.56824,LinkedIn Learning,31.919563,4.283869
9083,Course_9083,Technology,28,3730,77.57343,Udemy,44.179585,3.6162987
9084,Course_9084,Programming,89,3832,92.81056,Udemy,49.46402,4.1920366
9085,Course_9085,Design,15,1518,88.526306,LinkedIn Learning,65.6522,4.7692294
9087,Course_9087,Office Tools,54,4689,87.65544,Udemy,77.63036,3.852463
9088,Course_9088,Business,58,425,98.107,Udemy,88.168015,3.7010317
9089,Course_9089,Data Science,25,1006,89.440346,LinkedIn Learning,47.999203,3.4321516
9091,Course_9091,AI,28,322,53.87898,LinkedIn Learning,182.30496,3.3435285
9092,Course_9092,Finance,66,604,83.04107,edX,130.88206,4.6907372
9094,Course_9094,Data Science,97,486,57.911674,LinkedIn Learning,50.353363,4.4482813
9095,Course_9095,Programming,31,767,69.80883,edX,163.20467,4.280393
9096,Course_9096,Finance,30,4323,92.67177,edX,44.02375,3.2187033
9097,Course_9097,Office Tools,97,3704,63.4353,LinkedIn Learning,171.45044,4.793881
9099,Course_9099,Data Science,89,1520,89.78169,edX,136.77417,3.327514
9101,Course_9101,Design,85,2467,91.56834,LinkedIn Learning,41.219643,4.9212723
9102,Course_9102,Business,26,1071,57.704025,Udemy,179.5137,3.9486508
9103,Course_9103,Marketing,96,866,90.481766,edX,177.12762,4.7733827
9104,Course_9104,Programming,28,4555,51.239677,Udemy,175.01361,3.9725611
9105,Course_9105,AI,93,3379,72.72217,edX,137.98438,3.0431237
9106,Course_9106,Office Tools,23,1219,50.711704,Udemy,101.01122,4.528083
9107,Course_9107,Design,11,2587,63.60243,edX,69.36412,4.7582946
9110,Course_9110,AI,94,3608,92.72269,edX,177.27773,3.7877717
9112,Course_9112,Data Science,13,2988,90.784485,LinkedIn Learning,33.56963,4.6126337
9113,Course_9113,Office Tools,11,4507,86.26495,LinkedIn Learning,50.742596,4.019048
9114,Course_9114,Design,100,4991,71.02106,edX,141.87971,3.0267947
9115,Course_9115,Business,27,426,95.63911,Udemy,140.15112,4.9638033
9116,Course_9116,Business,62,4113,91.98805,edX,110.719376,4.164114
9117,Course_9117,Design,27,1288,88.02969,edX,188.77293,4.933663
9118,Course_9118,Technology,18,2411,53.368156,edX,140.73721,4.1887994
9119,Course_9119,Programming,26,1968,59.47652,LinkedIn Learning,119.30179,4.30824
9120,Course_9120,Marketing,68,4515,83.85832,LinkedIn Learning,109.01201,3.6701305
9121,Course_9121,Design,88,2369,66.8294,edX,150.22351,3.652897
9123,Course_9123,Office Tools,55,3723,81.431244,Udemy,109.465775,4.1987376
9124,Course_9124,Programming,22,4007,56.50763,Udemy,196.79156,4.8532195
9125,Course_9125,Design,62,2898,62.935722,Udemy,35.5731,3.7137866
9126,Course_9126,Data Science,48,1171,90.116714,edX,188.84958,3.7610111
9127,Course_9127,Technology,19,3396,77.10898,LinkedIn Learning,76.68411,3.6016424
9128,Course_9128,Design,72,1404,68.7672,LinkedIn Learning,197.37195,3.9173007
9131,Course_9131,Business,73,1018,61.363342,Udemy,161.91954,4.3569303
9132,Course_9132,Design,13,3755,74.48626,Udemy,71.221985,4.20672
9133,Course_9133,Finance,16,1199,59.75428,LinkedIn Learning,185.47873,3.0271735
9134,Course_9134,AI,57,583,67.75734,edX,125.135086,4.9308777
9136,Course_9136,Design,44,986,98.63065,Udemy,13.991189,4.32066
9137,Course_9137,Technology,53,3132,85.95312,edX,184.06761,4.9701095
9139,Course_9139,Marketing,26,112,98.38955,LinkedIn Learning,10.64036,3.5921137
9140,Course_9140,Data Science,45,1398,59.372086,edX,187.47232,3.4190855
9141,Course_9141,Data Science,79,1649,78.08267,LinkedIn Learning,15.28993,3.9857504
9146,Course_9146,AI,70,768,79.91979,edX,184.83078,3.5516849
9147,Course_9147,Marketing,25,823,84.02813,LinkedIn Learning,45.27324,3.7061727
9150,Course_9150,AI,15,1425,59.44229,Udemy,153.17625,4.878934
9151,Course_9151,AI,12,383,79.07131,LinkedIn Learning,47.367752,3.1846008
9153,Course_9153,Business,81,244,77.174385,LinkedIn Learning,67.85334,4.210888
9154,Course_9154,Business,62,1779,63.129852,LinkedIn Learning,190.37265,4.36409
9155,Course_9155,Programming,23,507,89.13166,Udemy,113.93184,3.9716015
9157,Course_9157,Technology,80,327,74.895004,Udemy,150.39136,3.783512
9159,Course_9159,Data Science,37,2128,60.07613,Udemy,45.773438,3.6939473
9161,Course_9161,Finance,62,212,80.33846,Udemy,174.82747,4.361856
9162,Course_9162,Technology,47,2918,78.99277,LinkedIn Learning,155.8539,3.736964
9163,Course_9163,Finance,96,1091,86.14036,edX,14.325989,3.5584626
9164,Course_9164,Office Tools,61,4784,62.81611,edX,118.43574,3.649798
9165,Course_9165,Data Science,33,2357,84.835,LinkedIn Learning,116.25601,3.707411
9166,Course_9166,Design,60,4968,80.38655,LinkedIn Learning,45.13304,4.904629
9167,Course_9167,Finance,90,1509,76.72352,edX,96.329315,4.451055
9168,Course_9168,Technology,55,248,76.45011,Udemy,117.844925,4.2827044
9169,Course_9169,Marketing,83,1229,91.030624,Udemy,106.308556,3.6369698
9170,Course_9170,Finance,98,2269,65.99284,Udemy,96.328896,4.532726
9171,Course_9171,Design,50,2280,66.85431,LinkedIn Learning,126.134315,3.1017888
9172,Course_9172,Design,47,1980,97.453896,Udemy,128.14561,4.129196
9173,Course_9173,Technology,82,242,95.41002,Udemy,100.52932,3.4292147
9175,Course_9175,AI,97,740,99.69393,Udemy,31.54029,4.225913
9178,Course_9178,AI,82,582,81.72632,edX,12.129409,4.9221377
9180,Course_9180,Data Science,43,4353,60.808636,LinkedIn Learning,89.54076,3.2887886
9182,Course_9182,Finance,15,4216,91.31191,edX,52.74587,3.8091924
9183,Course_9183,Marketing,100,4070,65.32229,Udemy,140.14105,4.8787446
9184,Course_9184,Design,23,3956,56.815884,LinkedIn Learning,149.88028,3.818223
9185,Course_9185,Finance,28,2253,69.16124,edX,64.51534,4.111044
9187,Course_9187,Marketing,13,653,74.90782,edX,57.9441,4.7949452
9188,Course_9188,AI,82,2474,87.55795,edX,31.71696,3.3465428
9190,Course_9190,Marketing,90,2432,56.817173,Udemy,185.71768,4.909699
9191,Course_9191,Finance,40,3948,90.039894,Udemy,150.19661,3.1760287
9193,Course_9193,Programming,73,3114,55.480556,edX,41.340054,4.3979793
9194,Course_9194,Business,30,1070,55.35966,LinkedIn Learning,15.655545,3.9710393
9196,Course_9196,Programming,59,2592,82.098175,Udemy,72.50134,4.005309
9197,Course_9197,Technology,63,1582,61.04943,Udemy,149.18756,3.627977
9198,Course_9198,Office Tools,37,2699,54.741917,edX,174.27722,3.9212618
9199,Course_9199,Programming,60,882,98.52221,Udemy,163.13007,3.8688617
9200,Course_9200,Programming,37,955,51.78848,LinkedIn Learning,163.24045,4.63917
9201,Course_9201,Finance,75,4759,82.07499,edX,33.209705,3.4930985
9202,Course_9202,Marketing,100,2376,92.78744,Udemy,52.918232,4.3660345
9203,Course_9203,AI,97,1926,54.467506,Udemy,23.515583,4.500407
9205,Course_9205,Finance,83,1460,96.05731,Udemy,72.39681,3.8744526
9206,Course_9206,AI,73,2272,60.06486,Udemy,187.38336,4.5597568
9207,Course_9207,Office Tools,21,1463,68.917,LinkedIn Learning,102.9232,3.284445
9208,Course_9208,Marketing,62,518,78.06923,edX,53.571163,3.5901287
9209,Course_9209,Technology,100,4478,60.294506,edX,42.492462,3.913693
9210,Course_9210,Business,57,2397,65.00075,Udemy,97.17817,4.069467
9211,Course_9211,Data Science,85,1019,98.44749,LinkedIn Learning,26.801743,4.825382
9212,Course_9212,AI,67,1354,55.059456,edX,120.72764,4.2356143
9214,Course_9214,Technology,18,1144,97.41149,edX,45.71814,4.31423
9215,Course_9215,Technology,88,1354,61.143322,edX,116.73148,4.6050434
9216,Course_9216,Programming,28,1942,99.88173,Udemy,50.515945,4.2397137
9217,Course_9217,Design,78,2732,63.555553,edX,164.67058,3.191248
9218,Course_9218,Office Tools,82,4845,62.25796,Udemy,71.422485,4.4264526
9220,Course_9220,Programming,62,1222,96.84296,edX,142.80148,4.6345806
9222,Course_9222,AI,20,4826,93.25748,Udemy,185.07428,3.2425308
9223,Course_9223,Finance,59,3030,61.06946,LinkedIn Learning,56.989357,3.5472455
9224,Course_9224,Finance,97,2623,56.43596,LinkedIn Learning,124.58999,4.2002325
9225,Course_9225,Marketing,81,3048,76.4523,Udemy,152.99808,4.282555
9227,Course_9227,Marketing,44,806,93.889946,edX,86.94185,3.7758627
9228,Course_9228,Programming,94,906,69.28807,LinkedIn Learning,133.0061,3.1844869
9231,Course_9231,Programming,42,3247,98.235565,edX,12.250341,4.238654
9232,Course_9232,AI,90,2569,91.00795,Udemy,163.23431,3.6801288
9234,Course_9234,Finance,53,1893,70.980865,Udemy,117.5265,4.6329975
9236,Course_9236,Data Science,45,3872,67.07316,Udemy,134.69966,4.9538703
9237,Course_9237,Data Science,58,4225,53.38976,LinkedIn Learning,28.999346,4.8439903
9238,Course_9238,Data Science,39,1595,74.63817,edX,188.83884,3.9511395
9239,Course_9239,Marketing,67,4176,55.858948,LinkedIn Learning,121.146454,3.2266676
9241,Course_9241,AI,38,144,97.25632,LinkedIn Learning,52.522995,4.233489
9242,Course_9242,Data Science,15,2554,84.439476,Udemy,61.20262,4.91125
9243,Course_9243,AI,94,3915,61.778744,Udemy,56.77102,3.103548
9244,Course_9244,Data Science,47,973,92.22984,LinkedIn Learning,32.686527,4.7394366
9245,Course_9245,Design,74,1048,62.970806,Udemy,62.423645,4.962011
9247,Course_9247,Finance,46,3073,59.65728,Udemy,140.52484,3.4537647
9248,Course_9248,Data Science,69,1267,83.59967,LinkedIn Learning,180.846,4.460274
9249,Course_9249,Business,72,3071,73.47887,LinkedIn Learning,20.225548,3.3437505
9250,Course_9250,Data Science,73,3027,69.70896,edX,37.148262,3.289165
9252,Course_9252,Design,27,2094,87.25329,Udemy,52.812534,4.9591913
9254,Course_9254,Office Tools,37,4956,58.629704,Udemy,137.8523,3.9009683
9255,Course_9255,Programming,81,2026,52.805107,edX,33.38244,3.709219
9256,Course_9256,AI,90,1881,50.9933,Udemy,49.798237,3.5877967
9257,Course_9257,Marketing,29,771,56.589977,Udemy,11.358341,4.8153987
9258,Course_9258,Programming,21,4472,84.684586,edX,60.776276,3.7223287
9259,Course_9259,Business,25,2793,96.033066,Udemy,108.595955,3.220707
9260,Course_9260,Marketing,22,4087,89.44643,LinkedIn Learning,18.26065,3.4919834
9261,Course_9261,Technology,62,4972,65.97967,Udemy,183.8663,4.6814117
9262,Course_9262,Data Science,77,2853,93.38541,LinkedIn Learning,168.07957,3.3674886
9266,Course_9266,Office Tools,59,975,50.008183,LinkedIn Learning,32.62717,3.7768004
9267,Course_9267,Marketing,41,738,85.83371,edX,12.395914,3.3521926
9269,Course_9269,Business,40,3477,69.31021,LinkedIn Learning,52.668926,3.764113
9270,Course_9270,AI,56,4985,56.118282,Udemy,198.45116,3.4849715
9272,Course_9272,Design,61,4934,95.44729,Udemy,147.28702,3.9394076
9273,Course_9273,Office Tools,29,712,50.630787,Udemy,67.294,3.0283377
9274,Course_9274,Marketing,97,3181,86.804085,edX,90.65449,3.3437378
9275,Course_9275,Finance,90,4508,60.34823,LinkedIn Learning,93.91006,4.6511254
9276,Course_9276,Data Science,83,2083,79.83584,edX,68.5544,3.1127415
9278,Course_9278,Programming,17,793,90.210205,edX,193.79865,3.4010828
9279,Course_9279,Data Science,93,478,67.51365,LinkedIn Learning,184.63608,4.2678957
9280,Course_9280,AI,67,2341,85.12238,LinkedIn Learning,119.56081,3.344463
9281,Course_9281,Data Science,95,833,65.77753,LinkedIn Learning,57.809013,3.746356
9282,Course_9282,Technology,64,1827,54.54686,Udemy,83.56283,4.539237
9283,Course_9283,Office Tools,51,3988,94.17386,edX,121.96404,3.6098998
9285,Course_9285,Marketing,93,1048,83.2559,edX,92.95873,3.7815766
9287,Course_9287,Office Tools,66,3029,66.939354,LinkedIn Learning,58.54471,4.798279
9288,Course_9288,Technology,94,1505,87.399155,LinkedIn Learning,172.04437,3.09854
9289,Course_9289,Data Science,79,2347,90.57689,edX,72.94464,3.2046196
9290,Course_9290,Design,15,4880,96.79133,Udemy,155.52155,4.989113
9291,Course_9291,Business,25,3477,67.34762,Udemy,13.010416,3.1528425
9292,Course_9292,Marketing,15,3948,97.4752,Udemy,134.54517,4.345976
9295,Course_9295,Technology,34,618,61.514454,Udemy,41.041668,3.824014
9296,Course_9296,Office Tools,50,3017,68.5683,Udemy,71.77231,4.055484
9297,Course_9297,Marketing,49,3388,56.05312,LinkedIn Learning,36.45019,3.9872386
9298,Course_9298,Office Tools,53,206,58.084156,Udemy,53.30332,4.873701
9299,Course_9299,Design,41,3727,87.01036,Udemy,58.11218,3.1086893
9301,Course_9301,Data Science,79,852,75.709885,edX,17.92524,4.9151134
9302,Course_9302,Office Tools,91,1313,82.90368,LinkedIn Learning,41.26163,4.0768213
9304,Course_9304,Marketing,48,2812,77.16513,edX,148.62476,3.9963195
9305,Course_9305,Finance,79,1799,87.20855,edX,133.01959,4.1197367
9306,Course_9306,Finance,36,3739,85.313,edX,79.419174,3.1613226
9307,Course_9307,Design,23,997,91.10954,LinkedIn Learning,66.117004,4.7160254
9308,Course_9308,Finance,29,2775,57.862625,edX,86.10474,3.7925377
9311,Course_9311,Business,51,2890,98.87089,Udemy,49.192493,4.674886
9313,Course_9313,Office Tools,100,4579,71.6151,edX,179.8622,3.7298286
9314,Course_9314,Technology,43,3604,88.52831,Udemy,50.605133,4.6120605
9317,Course_9317,Programming,10,1618,97.43253,edX,97.96097,3.8256986
9318,Course_9318,AI,51,2976,63.112926,edX,144.45482,4.584579
9319,Course_9319,Marketing,47,968,83.95966,edX,199.02628,3.7429402
9320,Course_9320,AI,87,4459,98.88283,LinkedIn Learning,162.543,3.5289962
9321,Course_9321,Design,83,1499,98.973816,edX,12.449859,4.7241435
9323,Course_9323,Marketing,66,4595,84.92118,Udemy,182.75159,3.5988963
9324,Course_9324,Data Science,88,3395,74.22979,LinkedIn Learning,167.27307,3.3115487
9325,Course_9325,Design,15,1670,85.648895,edX,37.226376,3.9575686
9327,Course_9327,Design,38,480,81.91564,edX,181.5133,4.845593
9328,Course_9328,Finance,42,2435,78.96617,LinkedIn Learning,148.74626,3.1410434
9329,Course_9329,Marketing,17,3106,63.193745,LinkedIn Learning,17.855185,3.1425097
9330,Course_9330,Programming,100,2008,80.648796,edX,30.08873,4.2578683
9331,Course_9331,AI,78,2011,79.94533,edX,38.046486,3.8217714
9333,Course_9333,Business,22,1744,84.68839,Udemy,173.04941,3.6790352
9335,Course_9335,Finance,93,4376,79.51345,edX,68.234505,4.988274
9336,Course_9336,Data Science,50,4555,92.98976,Udemy,27.884842,4.498139
9337,Course_9337,Office Tools,22,1985,93.156235,Udemy,161.3994,3.7191315
9338,Course_9338,AI,55,3330,73.17006,Udemy,29.414663,4.3446765
9339,Course_9339,Finance,32,437,60.18945,LinkedIn Learning,140.43152,3.927983
9340,Course_9340,Data Science,42,1202,71.01369,edX,129.6869,4.601153
9341,Course_9341,Marketing,92,1296,64.92481,Udemy,61.805714,4.224419
9342,Course_9342,Programming,74,1492,68.06341,Udemy,140.49411,4.238655
9343,Course_9343,Finance,94,1320,64.64294,LinkedIn Learning,62.351166,4.9485784
9344,Course_9344,Design,18,1178,54.42314,LinkedIn Learning,39.49407,3.2421312
9345,Course_9345,Design,52,619,53.785744,LinkedIn Learning,14.645755,3.5047007
9346,Course_9346,Programming,50,1991,86.27858,LinkedIn Learning,54.620342,4.4070315
9347,Course_9347,AI,82,2353,65.42847,edX,99.59009,3.2972972
9348,Course_9348,Design,89,2919,84.25722,edX,50.62932,3.4203687
9349,Course_9349,Design,34,2783,57.033035,LinkedIn Learning,65.20505,3.6702619
9350,Course_9350,Data Science,25,2356,86.49367,Udemy,132.73987,4.04542
9354,Course_9354,Design,99,222,58.76082,Udemy,193.33063,3.5714061
9355,Course_9355,Design,74,4273,74.67345,edX,25.796383,4.913994
9356,Course_9356,Business,23,1672,72.508194,LinkedIn Learning,166.27412,4.810602
9357,Course_9357,Programming,32,1936,64.12626,LinkedIn Learning,192.46216,4.284831
9358,Course_9358,Programming,94,4137,81.18608,Udemy,55.31833,4.9056973
9360,Course_9360,Technology,27,1050,97.655464,LinkedIn Learning,154.57063,3.4934556
9361,Course_9361,Office Tools,47,1377,72.37561,edX,178.37738,3.9100528
9364,Course_9364,Data Science,29,1171,97.388016,Udemy,101.99113,4.2698817
9365,Course_9365,Technology,95,2713,73.704575,edX,164.26187,4.4731607
9366,Course_9366,Data Science,20,1243,84.107956,edX,124.986046,4.7214875
9367,Course_9367,Marketing,36,721,90.23497,LinkedIn Learning,68.06312,4.00526
9369,Course_9369,AI,36,2673,60.07227,LinkedIn Learning,149.44017,4.7391057
9372,Course_9372,AI,32,4480,50.29392,edX,30.270111,3.7136655
9375,Course_9375,Business,51,973,88.35941,Udemy,55.583973,4.5617003
9376,Course_9376,Programming,58,2741,71.52099,LinkedIn Learning,86.91348,3.799219
9377,Course_9377,Data Science,30,734,94.5213,edX,48.358562,3.9974217
9378,Course_9378,Programming,44,1191,58.00774,edX,151.74829,4.548954
9379,Course_9379,Business,55,979,83.35143,LinkedIn Learning,128.94485,4.569726
9380,Course_9380,Data Science,82,2201,89.51566,Udemy,182.02129,4.1565633
9382,Course_9382,Marketing,18,644,63.218533,LinkedIn Learning,93.29244,3.1064472
9385,Course_9385,Marketing,98,3602,69.141174,edX,188.14664,4.5468435
9386,Course_9386,Technology,24,4422,56.551884,edX,165.08208,4.8856006
9387,Course_9387,AI,85,292,71.72216,LinkedIn Learning,116.83143,3.8666186
9390,Course_9390,Design,56,4891,86.42042,edX,53.638157,4.7078314
9391,Course_9391,Data Science,89,1479,55.149532,Udemy,28.36748,4.7931576
9392,Course_9392,Office Tools,95,2971,54.282413,LinkedIn Learning,88.53257,4.212163
9393,Course_9393,Data Science,51,634,50.273487,Udemy,128.25874,4.43747
9394,Course_9394,Programming,58,2601,96.34863,edX,125.270546,4.7915792
9395,Course_9395,AI,33,4437,56.999146,edX,198.00172,4.3258386
9397,Course_9397,Programming,83,4159,95.801285,edX,59.523468,4.701418
9398,Course_9398,Business,79,3571,80.7754,LinkedIn Learning,34.97921,3.0986824
9399,Course_9399,Data Science,87,1531,56.131874,LinkedIn Learning,109.11304,4.5877924
9400,Course_9400,Data Science,45,1680,61.58907,edX,78.76474,4.702338
9404,Course_9404,Design,48,1500,87.752975,edX,193.98906,3.4428723
9406,Course_9406,Business,38,4016,74.04735,LinkedIn Learning,48.44016,3.0014627
9407,Course_9407,Programming,55,234,60.975235,LinkedIn Learning,78.88171,3.6947546
9408,Course_9408,Technology,82,521,69.40304,LinkedIn Learning,67.30514,3.9991665
9410,Course_9410,Technology,73,2188,58.10993,LinkedIn Learning,158.01935,4.5673337
9411,Course_9411,Data Science,33,3444,93.01802,Udemy,72.94711,4.6074033
9415,Course_9415,Design,57,2037,85.50686,LinkedIn Learning,179.35347,3.7985787
9416,Course_9416,Technology,23,4458,95.8354,edX,46.576035,3.418165
9417,Course_9417,Office Tools,43,1143,88.30291,LinkedIn Learning,102.740135,4.0540233
9418,Course_9418,Business,23,3866,76.0993,edX,61.298473,4.92501
9421,Course_9421,Business,90,4859,64.5709,LinkedIn Learning,43.75033,3.8583424
9422,Course_9422,Finance,24,853,82.68363,LinkedIn Learning,36.32661,4.445681
9424,Course_9424,Marketing,80,4936,85.92873,Udemy,72.946625,4.46248
9429,Course_9429,Programming,93,385,84.32614,LinkedIn Learning,11.505312,3.2685502
9430,Course_9430,Data Science,54,1888,76.897125,LinkedIn Learning,181.91512,3.3469045
9431,Course_9431,Technology,34,4951,84.3935,Udemy,10.11704,3.7579734
9433,Course_9433,Office Tools,88,3129,85.446106,Udemy,189.11182,3.1616163
9434,Course_9434,Technology,10,3763,95.33136,edX,90.229904,4.081832
9435,Course_9435,Business,17,849,70.313095,Udemy,90.32003,3.4138894
9436,Course_9436,Programming,17,145,86.05661,edX,12.79338,4.67155
9437,Course_9437,Business,61,2388,87.587654,edX,54.397472,4.361274
9438,Course_9438,Finance,53,3046,60.038685,Udemy,163.22679,3.8845334
9439,Course_9439,Programming,11,3100,59.52463,LinkedIn Learning,116.72566,4.5440035
9441,Course_9441,Finance,97,2866,78.98291,LinkedIn Learning,96.32247,4.027886
9443,Course_9443,Office Tools,41,2608,82.06421,Udemy,149.50764,4.1190486
9445,Course_9445,AI,57,3090,92.25818,edX,195.10919,4.4132824
9448,Course_9448,Design,46,4471,97.80668,LinkedIn Learning,196.23053,3.504741
9449,Course_9449,Business,24,1604,65.799515,LinkedIn Learning,151.63066,3.7388563
9451,Course_9451,Design,73,2382,95.71337,LinkedIn Learning,116.34112,4.397735
9452,Course_9452,Business,32,4997,73.87994,edX,108.493774,3.9992144
9453,Course_9453,Data Science,77,1935,60.480663,Udemy,196.58467,4.9250207
9454,Course_9454,Business,28,2380,61.55184,LinkedIn Learning,98.70724,3.8944645
9455,Course_9455,AI,21,4278,94.92638,LinkedIn Learning,46.02919,4.7046604
9456,Course_9456,AI,72,239,95.32617,Udemy,91.84746,4.1834164
9457,Course_9457,Design,29,795,79.54492,edX,91.737595,3.9743032
9459,Course_9459,Finance,54,4514,80.05013,Udemy,88.32449,3.4953904
9461,Course_9461,Business,30,1401,88.410835,LinkedIn Learning,160.42873,4.2575226
9462,Course_9462,Design,34,3634,53.957417,edX,162.80974,3.2145834
9463,Course_9463,Technology,49,2426,88.825,edX,42.5794,3.4253674
9465,Course_9465,Technology,82,2923,65.37914,LinkedIn Learning,159.9449,4.960914
9466,Course_9466,Data Science,79,3180,54.761963,LinkedIn Learning,130.93448,3.8415215
9467,Course_9467,Data Science,99,2136,97.70536,edX,135.17389,4.8211837
9468,Course_9468,Design,89,2175,65.30387,LinkedIn Learning,48.02611,4.4126024
9469,Course_9469,Finance,22,2802,77.850845,Udemy,183.87228,3.5101542
9472,Course_9472,Design,38,3677,78.02701,Udemy,36.618202,3.7177114
9473,Course_9473,Technology,38,2106,62.794952,LinkedIn Learning,43.9815,3.924813
9474,Course_9474,Business,28,4613,69.27526,edX,34.77366,4.264949
9476,Course_9476,Marketing,70,4604,77.94421,edX,181.4956,3.0838466
9477,Course_9477,Data Science,24,3209,96.03739,LinkedIn Learning,169.83035,3.0361714
9478,Course_9478,Marketing,63,2104,74.88862,LinkedIn Learning,134.33058,3.5055048
9481,Course_9481,Technology,39,693,99.101944,LinkedIn Learning,96.41198,3.0492287
9482,Course_9482,Data Science,36,1466,54.689594,Udemy,140.36813,4.969565
9484,Course_9484,Finance,18,3419,95.459526,LinkedIn Learning,159.7105,4.9884777
9485,Course_9485,Office Tools,72,3996,87.251564,edX,11.840819,4.242811
9487,Course_9487,Programming,22,2884,76.693954,LinkedIn Learning,66.261246,4.0455856
9488,Course_9488,AI,71,3770,99.37771,edX,91.4614,3.6647744
9490,Course_9490,AI,74,2913,67.61121,edX,183.06163,3.7816763
9491,Course_9491,Design,61,2298,82.32148,LinkedIn Learning,77.208565,4.318709
9492,Course_9492,Design,12,1674,87.16588,edX,32.21087,3.1849957
9493,Course_9493,Data Science,54,2158,67.400826,edX,18.80522,3.3034344
9495,Course_9495,Data Science,75,2064,80.3885,LinkedIn Learning,133.6357,4.9927926
9496,Course_9496,AI,58,2082,84.61734,LinkedIn Learning,162.71735,3.099571
9497,Course_9497,Finance,42,3527,86.91927,Udemy,50.494434,4.5539403
9499,Course_9499,Office Tools,92,824,50.473686,Udemy,54.453617,4.8370275
9500,Course_9500,Business,58,1635,69.01699,Udemy,138.56076,3.3639054
9501,Course_9501,Business,99,2967,55.70288,LinkedIn Learning,138.90593,4.188925
9502,Course_9502,Business,88,3743,58.772793,LinkedIn Learning,46.760643,3.48013
9504,Course_9504,AI,93,4945,69.057335,LinkedIn Learning,133.64221,3.6251879
9505,Course_9505,Programming,76,2502,87.08918,LinkedIn Learning,155.43517,4.218613
9507,Course_9507,Technology,30,1718,72.3263,edX,33.298332,3.7841475
9508,Course_9508,Data Science,94,357,67.59166,Udemy,118.63933,3.9655793
9509,Course_9509,Data Science,30,3476,65.93948,edX,152.63997,3.3843534
9511,Course_9511,Business,67,4589,54.016094,edX,16.464867,3.7544036
9512,Course_9512,Office Tools,17,323,70.93673,edX,144.66095,4.6592507
9514,Course_9514,Data Science,48,1174,53.896107,LinkedIn Learning,21.503008,3.1616435
9515,Course_9515,Data Science,59,3965,94.77525,LinkedIn Learning,106.27028,3.5768003
9516,Course_9516,AI,12,265,63.735226,Udemy,109.48076,3.2591121
9517,Course_9517,Programming,77,597,90.36987,LinkedIn Learning,111.116486,4.5675564
9518,Course_9518,Marketing,91,3283,77.6801,Udemy,125.995605,3.313035
9519,Course_9519,Marketing,58,2228,85.58018,Udemy,161.3052,4.0178523
9523,Course_9523,Design,51,1854,70.24821,LinkedIn Learning,140.23058,4.427703
9524,Course_9524,AI,44,2247,94.30663,edX,189.675,4.0411606
9525,Course_9525,Finance,13,4030,66.24598,Udemy,38.03694,3.6753328
9526,Course_9526,Technology,24,452,56.321445,edX,115.98518,4.104259
9527,Course_9527,AI,66,1082,70.21707,Udemy,33.789707,3.1134179
9528,Course_9528,Technology,94,1030,64.910515,LinkedIn Learning,53.935444,3.7174199
9529,Course_9529,Data Science,35,400,59.70241,edX,17.291906,3.5047684
9530,Course_9530,Office Tools,50,3245,78.60953,LinkedIn Learning,163.16833,3.074717
9531,Course_9531,Finance,99,2256,88.05164,Udemy,141.97891,4.501768
9532,Course_9532,Design,62,2829,58.83452,edX,139.85115,3.3443136
9535,Course_9535,Office Tools,48,4777,63.887417,Udemy,157.76944,4.7483835
9536,Course_9536,Programming,20,3768,52.98873,LinkedIn Learning,31.036236,3.507091
9538,Course_9538,Marketing,33,2240,76.02654,LinkedIn Learning,89.77076,4.1563163
9539,Course_9539,Business,48,1442,98.89005,Udemy,166.59071,4.314237
9540,Course_9540,Marketing,46,4036,94.704475,edX,11.746376,4.178834
9541,Course_9541,Technology,55,3391,96.28888,LinkedIn Learning,91.601006,3.6990771
9542,Course_9542,Finance,16,2334,94.06487,edX,76.65643,3.1612096
9544,Course_9544,AI,54,3886,70.49482,Udemy,111.60355,4.2439013
9545,Course_9545,Data Science,32,4344,53.76637,edX,20.778145,4.6138077
9546,Course_9546,Marketing,66,4431,80.40885,Udemy,59.589695,3.8150973
9547,Course_9547,Technology,61,496,75.94023,edX,70.27043,4.2847786
9548,Course_9548,AI,29,376,53.93474,edX,82.705414,4.8107033
9550,Course_9550,Marketing,30,2804,50.8643,edX,153.89168,4.9985967
9551,Course_9551,AI,76,4727,71.38087,LinkedIn Learning,153.13597,3.2893908
9552,Course_9552,Finance,77,3569,99.95862,LinkedIn Learning,48.14727,4.465194
9553,Course_9553,Office Tools,27,481,75.58423,edX,100.23556,4.860118
9555,Course_9555,AI,23,2108,50.712982,Udemy,97.50915,3.254916
9556,Course_9556,Finance,83,3505,91.313225,edX,140.53,3.821566
9557,Course_9557,Programming,37,1316,56.372616,Udemy,60.68706,4.0610228
9559,Course_9559,Design,90,778,89.99235,Udemy,173.26913,4.5583434
9561,Course_9561,Data Science,28,1826,99.708115,LinkedIn Learning,163.02971,4.969886
9562,Course_9562,Office Tools,87,1394,94.37889,edX,76.94533,3.5980377
9563,Course_9563,Business,20,3792,91.76799,Udemy,118.50007,3.9086282
9564,Course_9564,Data Science,32,862,54.396324,Udemy,10.5112915,3.2456155
9565,Course_9565,AI,25,3625,86.27386,LinkedIn Learning,71.38966,4.1629953
9566,Course_9566,Business,22,3492,92.34673,edX,92.13308,3.8991997
9567,Course_9567,AI,81,158,85.42948,LinkedIn Learning,137.46907,3.7221205
9568,Course_9568,Business,67,3122,96.096275,LinkedIn Learning,81.23139,4.61051
9571,Course_9571,Marketing,45,3759,52.77925,edX,106.254524,4.3352885
9572,Course_9572,AI,70,747,70.85487,LinkedIn Learning,50.063385,4.6892447
9573,Course_9573,Technology,39,3511,77.011154,edX,136.6236,3.5776184
9574,Course_9574,Business,19,848,76.27502,edX,92.42825,4.7723045
9576,Course_9576,Technology,65,191,63.508884,Udemy,73.38502,3.982328
9577,Course_9577,Design,40,1939,54.599976,Udemy,187.2221,3.7421951
9578,Course_9578,Programming,61,303,95.18985,edX,156.2546,3.6436262
9580,Course_9580,Technology,84,2955,53.998314,edX,20.119907,4.564127
9581,Course_9581,Technology,43,2423,88.39639,edX,186.88947,3.7200763
9584,Course_9584,Technology,32,4176,86.18125,Udemy,58.106834,3.526881
9586,Course_9586,Office Tools,56,603,93.488754,LinkedIn Learning,128.26663,4.513713
9588,Course_9588,AI,12,3151,83.02486,LinkedIn Learning,37.463047,4.806598
9589,Course_9589,Design,27,1806,98.87289,Udemy,107.29578,4.816634
9591,Course_9591,Data Science,55,2762,52.350693,LinkedIn Learning,147.9145,4.764424
9592,Course_9592,Data Science,47,400,58.242546,LinkedIn Learning,130.99763,3.4236736
9594,Course_9594,AI,51,1050,55.095562,LinkedIn Learning,117.71412,4.1795897
9595,Course_9595,Finance,34,2203,61.437954,edX,79.62211,3.8482897
9596,Course_9596,Business,34,1221,78.42475,Udemy,116.75971,3.4575453
9597,Course_9597,Technology,62,4323,56.19049,Udemy,25.195421,3.5478544
9598,Course_9598,Design,74,1667,98.94022,edX,27.202616,4.410193
9599,Course_9599,Technology,93,2047,90.78406,LinkedIn Learning,89.49822,3.1951942
9601,Course_9601,Marketing,55,1185,51.58378,LinkedIn Learning,47.361866,4.3982687
9602,Course_9602,Data Science,95,2102,61.961628,Udemy,123.06905,3.7316937
9604,Course_9604,Marketing,59,3008,92.884476,edX,113.2016,4.7316866
9605,Course_9605,Data Science,34,424,66.03279,LinkedIn Learning,188.53482,4.1613927
9607,Course_9607,Programming,16,4068,91.315094,edX,36.02353,3.4439416
9608,Course_9608,Finance,43,4962,66.783646,LinkedIn Learning,61.642387,4.8358045
9609,Course_9609,Finance,33,4637,71.55981,LinkedIn Learning,29.111477,4.3240657
9611,Course_9611,Programming,14,2434,84.13053,LinkedIn Learning,95.18714,3.3413246
9612,Course_9612,AI,40,3675,56.12627,edX,20.465433,4.279826
9613,Course_9613,Design,55,1622,99.30632,LinkedIn Learning,64.32018,4.014091
9614,Course_9614,Technology,40,1717,60.801117,edX,130.09465,4.8043656
9616,Course_9616,Business,68,4906,56.89007,LinkedIn Learning,135.86032,3.707038
9617,Course_9617,Technology,24,4032,61.020294,edX,77.26358,4.4905443
9618,Course_9618,Office Tools,93,3563,58.25939,edX,125.34688,3.9906049
9619,Course_9619,Data Science,48,2127,57.674572,LinkedIn Learning,13.459268,4.6047306
9620,Course_9620,Programming,91,756,95.484985,edX,178.5212,3.8179462
9621,Course_9621,Marketing,22,2561,68.02107,LinkedIn Learning,17.589134,3.00527
9622,Course_9622,Finance,94,923,77.65596,LinkedIn Learning,144.11464,3.3581061
9623,Course_9623,Programming,34,1133,76.210655,Udemy,24.97811,4.445602
9624,Course_9624,Technology,38,1014,93.28234,Udemy,179.37248,4.277353
9626,Course_9626,Programming,67,1959,81.653656,edX,115.44935,3.4582534
9627,Course_9627,Marketing,92,1294,93.72711,edX,153.19249,3.9000993
9628,Course_9628,Technology,26,3541,99.31567,edX,156.22316,3.695115
9631,Course_9631,Marketing,72,3908,56.187603,LinkedIn Learning,155.3215,4.641315
9632,Course_9632,Business,94,2133,90.4971,Udemy,106.61729,4.369368
9634,Course_9634,Programming,89,2025,71.686424,Udemy,156.33412,3.8185043
9635,Course_9635,AI,75,132,69.43493,Udemy,10.370598,4.4151263
9637,Course_9637,Business,68,1750,84.15362,LinkedIn Learning,139.45308,3.0014632
9638,Course_9638,Technology,19,4012,79.5805,edX,38.264328,4.677159
9639,Course_9639,Marketing,29,2081,94.28552,Udemy,100.103546,4.56674
9640,Course_9640,Marketing,64,519,89.23322,LinkedIn Learning,48.982403,4.8704696
9641,Course_9641,Finance,23,1106,69.86894,Udemy,12.862122,4.8052154
9643,Course_9643,Finance,32,1471,64.66558,Udemy,75.88197,4.7146416
9644,Course_9644,Office Tools,62,598,73.10901,LinkedIn Learning,143.5445,3.9949412
9645,Course_9645,Technology,14,2930,54.39506,LinkedIn Learning,183.23845,3.4066114
9646,Course_9646,Office Tools,55,3261,69.24206,Udemy,163.93372,3.417408
9647,Course_9647,Business,40,2254,75.165474,Udemy,19.138597,3.4382033
9649,Course_9649,AI,84,2674,87.552704,edX,139.05882,3.2908123
9650,Course_9650,Programming,47,829,65.62629,edX,161.36826,4.8302736
9651,Course_9651,Technology,27,292,76.03953,edX,81.16856,3.4763348
9652,Course_9652,Programming,14,1857,60.256027,edX,191.19449,4.8053145
9653,Course_9653,Technology,40,3382,75.473564,Udemy,116.6583,3.2931874
9654,Course_9654,Finance,93,2745,77.99853,Udemy,14.239142,4.1811194
9655,Course_9655,Design,79,291,73.379295,LinkedIn Learning,93.708565,4.6603365
9656,Course_9656,Technology,52,858,66.38048,Udemy,55.93256,3.9217541
9657,Course_9657,Marketing,11,2941,70.526054,edX,171.13806,4.1902704
9661,Course_9661,Technology,36,3276,69.11483,Udemy,99.611374,3.7750397
9662,Course_9662,Business,60,3984,54.75648,LinkedIn Learning,67.38243,3.6658554
9663,Course_9663,Business,33,101,99.9144,Udemy,127.24134,4.4268684
9664,Course_9664,Design,72,3992,57.608013,Udemy,66.48966,4.1470766
9665,Course_9665,Office Tools,96,333,79.72795,edX,18.12057,4.4780016
9666,Course_9666,Business,70,4301,79.614784,LinkedIn Learning,139.82167,4.579765
9667,Course_9667,Technology,95,2578,81.71934,LinkedIn Learning,160.12941,4.7605505
9668,Course_9668,Data Science,69,895,78.040886,LinkedIn Learning,17.57747,3.8799348
9669,Course_9669,Data Science,19,899,82.26425,Udemy,25.23607,4.1547694
9672,Course_9672,Finance,69,4883,58.172306,edX,47.23258,4.8322835
9673,Course_9673,Business,24,2807,73.875626,Udemy,190.92438,4.6528487
9674,Course_9674,Data Science,49,125,82.205376,edX,11.851086,4.95336
9675,Course_9675,Office Tools,61,1236,53.749775,LinkedIn Learning,57.050606,4.9108686
9677,Course_9677,Technology,60,1655,74.2906,edX,70.10513,4.224123
9678,Course_9678,Finance,46,2142,66.77082,Udemy,90.017456,4.571968
9679,Course_9679,Design,48,4802,81.50865,LinkedIn Learning,108.62741,4.0996
9680,Course_9680,AI,65,2741,89.8948,LinkedIn Learning,195.08246,3.2997875
9681,Course_9681,Technology,43,1763,81.954994,LinkedIn Learning,129.28981,3.9822712
9682,Course_9682,AI,91,2040,67.004616,LinkedIn Learning,101.785774,3.7435684
9683,Course_9683,Marketing,99,2473,74.59462,edX,146.16693,4.9925528
9684,Course_9684,Finance,31,1269,83.10685,LinkedIn Learning,64.29029,4.3166757
9685,Course_9685,Office Tools,79,4909,83.57846,LinkedIn Learning,20.03359,4.1782537
9686,Course_9686,Marketing,29,4313,83.88456,Udemy,113.76826,4.036926
9688,Course_9688,Office Tools,27,442,65.33368,edX,138.4434,3.323209
9689,Course_9689,Programming,70,2328,63.915813,edX,34.626255,3.8505747
9691,Course_9691,Design,28,725,99.157974,Udemy,138.08379,4.7080107
9692,Course_9692,Office Tools,13,2710,52.275757,Udemy,85.42366,4.792877
9694,Course_9694,Technology,75,411,63.814644,Udemy,139.18292,4.0256443
9695,Course_9695,Marketing,22,1408,51.92046,edX,80.76179,4.8711605
9696,Course_9696,Data Science,87,462,90.62836,Udemy,31.992714,4.603136
9698,Course_9698,Data Science,93,1935,57.095417,Udemy,192.51706,4.050067
9700,Course_9700,Technology,98,2413,74.7412,edX,161.77696,4.114735
9701,Course_9701,Marketing,84,308,89.0655,Udemy,110.605934,3.1210663
9702,Course_9702,Design,16,4769,68.70249,LinkedIn Learning,181.7949,4.096578
9704,Course_9704,Marketing,90,4934,91.901794,edX,32.406338,3.1142843
9706,Course_9706,Design,62,1004,69.95648,edX,177.04889,3.2858665
9707,Course_9707,Finance,37,169,98.374374,LinkedIn Learning,134.93471,3.0960786
9709,Course_9709,AI,45,1466,89.90404,Udemy,38.338806,4.811335
9710,Course_9710,Design,19,3593,52.155903,Udemy,38.84453,4.195146
9711,Course_9711,Design,49,4252,85.79658,LinkedIn Learning,161.04767,4.185354
9712,Course_9712,Design,91,4699,60.481174,edX,146.63203,4.3084064
9713,Course_9713,Business,22,2019,66.43934,LinkedIn Learning,191.37364,4.648606
9714,Course_9714,Programming,55,3683,85.24286,LinkedIn Learning,30.923347,3.6032674
9715,Course_9715,Marketing,37,953,67.38649,LinkedIn Learning,59.10819,4.0280275
9716,Course_9716,Data Science,26,1775,80.98469,LinkedIn Learning,175.06485,4.615029
9720,Course_9720,Data Science,45,1572,50.395374,edX,24.208126,3.1612797
9721,Course_9721,Office Tools,77,4529,58.486748,LinkedIn Learning,80.3564,3.9254289
9722,Course_9722,Design,48,3776,71.44894,Udemy,42.250782,4.940848
9723,Course_9723,Finance,78,3879,77.49145,edX,136.7823,4.0680146
9724,Course_9724,Office Tools,86,4758,81.68305,Udemy,143.0371,4.6415896
9725,Course_9725,Office Tools,90,3676,75.154434,LinkedIn Learning,194.207,4.6749225
9727,Course_9727,AI,23,4432,76.35859,edX,156.8642,3.4107928
9728,Course_9728,Marketing,86,2063,52.331142,edX,104.60707,4.04882
9729,Course_9729,Programming,85,2684,92.702614,edX,16.776468,4.916499
9735,Course_9735,Marketing,54,2254,73.31919,edX,137.24666,4.540132
9737,Course_9737,AI,86,4671,78.80886,edX,156.14413,3.3587766
9738,Course_9738,Marketing,16,498,59.853348,edX,142.25705,4.77051
9741,Course_9741,Business,75,2621,80.01376,LinkedIn Learning,134.1291,4.032935
9742,Course_9742,Design,63,1222,66.57904,LinkedIn Learning,61.579166,3.1551905
9743,Course_9743,Data Science,10,4763,67.21018,Udemy,154.00587,4.2369084
9744,Course_9744,Design,37,4658,98.63048,LinkedIn Learning,16.062714,4.3183966
9745,Course_9745,Data Science,72,3460,95.54503,edX,153.886,3.573159
9746,Course_9746,Finance,91,662,70.23599,LinkedIn Learning,81.27715,3.5127065
9747,Course_9747,Programming,97,1758,78.81052,LinkedIn Learning,193.00793,3.9456894
9748,Course_9748,Design,26,2470,72.76259,Udemy,132.91687,3.2705216
9750,Course_9750,AI,21,2229,59.02824,edX,22.383251,4.40417
9751,Course_9751,Programming,94,219,86.2735,Udemy,154.00905,3.8970203
9753,Course_9753,Finance,68,3643,54.582764,LinkedIn Learning,41.16674,3.3383808
9754,Course_9754,Technology,78,884,70.36372,Udemy,70.5172,3.7059186
9755,Course_9755,Finance,22,174,76.78968,edX,156.1583,3.9016802
9756,Course_9756,Design,84,4679,55.229492,Udemy,170.42072,3.6743476
9757,Course_9757,AI,49,1320,87.8065,LinkedIn Learning,143.22871,4.9692316
9758,Course_9758,AI,91,2149,97.2062,LinkedIn Learning,40.658436,3.7919598
9759,Course_9759,Design,57,4337,75.43827,edX,92.90493,3.0832727
9760,Course_9760,Design,63,2750,51.635548,Udemy,131.57812,4.499835
9761,Course_9761,Business,60,1766,55.05745,LinkedIn Learning,151.18597,4.0524263
9762,Course_9762,Technology,41,1294,83.24919,LinkedIn Learning,74.465225,4.8045735
9763,Course_9763,Programming,59,1347,95.12583,Udemy,19.38683,4.8380775
9764,Course_9764,Marketing,96,3907,76.68662,edX,191.56007,4.5827103
9765,Course_9765,Data Science,49,2930,69.77233,edX,30.354029,3.7100563
9768,Course_9768,Office Tools,11,4851,61.368343,LinkedIn Learning,165.96191,4.4125857
9770,Course_9770,Programming,43,458,85.08971,LinkedIn Learning,89.84166,3.745296
9771,Course_9771,Data Science,83,2645,73.719864,LinkedIn Learning,176.86292,3.355888
9772,Course_9772,Office Tools,62,4093,97.117775,edX,162.31963,3.3559353
9773,Course_9773,Office Tools,84,2380,55.187057,Udemy,98.96611,4.1656666
9774,Course_9774,Finance,97,2670,71.395134,LinkedIn Learning,74.59314,4.7554526
9775,Course_9775,AI,45,4326,71.83642,LinkedIn Learning,93.99106,4.988445
9776,Course_9776,Programming,14,896,99.954994,edX,133.29753,4.539303
9777,Course_9777,Finance,54,2802,55.973537,edX,160.04605,4.3332105
9778,Course_9778,Business,88,3681,81.9159,LinkedIn Learning,91.18481,4.5282645
9779,Course_9779,Data Science,80,2396,89.40142,Udemy,44.922176,4.9059796
9780,Course_9780,Technology,84,1021,67.54989,Udemy,16.259897,3.23172
9781,Course_9781,Marketing,54,956,58.296707,Udemy,37.046474,3.0075657
9783,Course_9783,Technology,41,785,88.4792,LinkedIn Learning,57.834694,3.782314
9784,Course_9784,Finance,51,1888,90.904854,edX,181.36607,3.1325147
9785,Course_9785,Data Science,11,1447,74.688934,edX,72.809746,3.1431313
9786,Course_9786,Programming,29,4815,60.37752,edX,142.59734,3.3379078
9788,Course_9788,Marketing,45,823,57.54621,LinkedIn Learning,55.006813,4.6275377
9789,Course_9789,Office Tools,54,1459,76.073265,LinkedIn Learning,66.409676,4.8520923
9791,Course_9791,Finance,14,1755,69.73051,LinkedIn Learning,156.56276,3.1825917
9794,Course_9794,Data Science,96,935,98.74858,LinkedIn Learning,150.23364,3.6123254
9796,Course_9796,Marketing,19,3637,64.82303,edX,118.79948,4.065811
9797,Course_9797,Marketing,38,2065,71.03861,LinkedIn Learning,140.58408,3.113335
9798,Course_9798,Marketing,42,3252,88.44472,Udemy,130.68976,4.37449
9801,Course_9801,Finance,21,4030,89.79603,edX,185.71599,4.402802
9802,Course_9802,Office Tools,83,3019,99.90904,Udemy,119.80786,3.5971336
9803,Course_9803,Technology,70,3316,94.21326,LinkedIn Learning,86.786865,3.849064
9804,Course_9804,Office Tools,62,3737,77.334816,Udemy,36.881947,4.762662
9806,Course_9806,Finance,37,4333,73.62458,edX,131.82007,3.9020033
9807,Course_9807,AI,24,4085,96.76774,edX,38.80564,4.9906445
9808,Course_9808,Office Tools,94,536,76.69843,edX,112.566765,4.580181
9809,Course_9809,Technology,16,4083,86.74936,Udemy,91.59337,4.7851105
9811,Course_9811,Marketing,78,3807,63.999172,Udemy,160.51286,3.585593
9812,Course_9812,AI,40,3043,67.887215,edX,183.70363,3.1807098
9813,Course_9813,Marketing,90,2424,53.6914,Udemy,19.208849,4.782207
9814,Course_9814,Business,23,4975,54.492878,LinkedIn Learning,86.17049,3.7502568
9815,Course_9815,Office Tools,42,2303,98.1019,edX,45.19818,4.727874
9816,Course_9816,Data Science,47,4150,59.62832,edX,106.52966,3.454748
9817,Course_9817,AI,62,4156,67.763245,LinkedIn Learning,106.51074,3.9180443
9819,Course_9819,Design,61,3504,66.52436,LinkedIn Learning,130.82077,3.8654191
9820,Course_9820,AI,31,509,55.55754,Udemy,151.78197,4.193809
9823,Course_9823,Office Tools,97,3301,64.98916,Udemy,124.06519,3.0557814
9824,Course_9824,Marketing,32,935,55.545975,Udemy,192.18185,4.94469
9825,Course_9825,Business,41,4577,63.257412,edX,132.41801,3.6376355
9826,Course_9826,Technology,87,1647,67.3652,LinkedIn Learning,33.532364,3.632052
9827,Course_9827,Data Science,56,1415,91.16646,Udemy,36.19864,3.712977
9829,Course_9829,Programming,54,2525,63.1827,edX,152.4187,4.8852615
9830,Course_9830,Data Science,89,458,84.47417,edX,102.42623,3.121985
9832,Course_9832,Technology,61,2933,71.255295,edX,46.521122,4.6163683
9833,Course_9833,AI,37,4128,89.62925,edX,107.16143,3.8251653
9834,Course_9834,Business,95,4645,84.09271,Udemy,130.21492,3.0524917
9835,Course_9835,Office Tools,81,2531,68.4306,edX,183.98439,3.2500145
9838,Course_9838,Data Science,71,2559,78.062164,LinkedIn Learning,40.402996,3.061916
9839,Course_9839,Finance,86,4381,62.88335,edX,46.181213,3.720056
9841,Course_9841,Programming,53,1361,99.297516,edX,150.05121,3.7991884
9844,Course_9844,AI,25,4947,50.545147,Udemy,73.60771,4.3826895
9845,Course_9845,Programming,91,1086,79.76221,LinkedIn Learning,31.052843,3.5523973
9846,Course_9846,Design,38,1247,98.78559,edX,19.321747,3.1154215
9847,Course_9847,Technology,65,3629,78.58999,edX,36.852398,4.4043694
9848,Course_9848,Programming,66,2776,59.738266,edX,48.159626,3.2436028
9850,Course_9850,Technology,86,2495,71.4555,edX,137.8603,3.7717822
9851,Course_9851,Technology,62,763,74.61298,edX,171.01869,3.7310371
9852,Course_9852,Design,14,2365,93.43561,edX,158.21762,4.39686
9854,Course_9854,Design,29,606,54.5224,LinkedIn Learning,187.07922,4.0821085
9855,Course_9855,Design,71,3698,86.203125,LinkedIn Learning,133.70999,4.925138
9856,Course_9856,Data Science,59,4826,83.6566,Udemy,171.6018,3.1489863
9857,Course_9857,Business,58,1427,83.847374,Udemy,176.15976,3.2041953
9858,Course_9858,Design,77,2279,93.393845,edX,188.75269,3.0756955
9860,Course_9860,Data Science,41,2374,66.75074,Udemy,86.448006,3.8740954
9864,Course_9864,Technology,38,2670,97.81894,edX,53.569412,3.8494427
9865,Course_9865,Finance,90,992,94.932274,LinkedIn Learning,109.31897,4.2250757
9868,Course_9868,AI,32,2086,87.980446,LinkedIn Learning,72.595146,3.27448
9869,Course_9869,Design,66,3331,82.87636,edX,162.11029,3.3132658
9872,Course_9872,Data Science,11,3689,89.75186,edX,67.84349,3.8627396
9874,Course_9874,Office Tools,37,158,62.322052,Udemy,188.65106,4.6889033
9875,Course_9875,AI,49,4843,85.612595,Udemy,117.7021,3.7905169
9876,Course_9876,Technology,17,3387,69.25519,edX,159.5238,4.878398
9877,Course_9877,Office Tools,94,4286,83.3029,Udemy,39.49829,4.7951846
9878,Course_9878,Office Tools,41,3036,51.50569,LinkedIn Learning,94.59042,3.450957
9879,Course_9879,Office Tools,82,1713,95.62957,LinkedIn Learning,120.761856,3.4758394
9880,Course_9880,Programming,24,3784,82.60696,edX,161.26923,3.1727219
9881,Course_9881,Programming,67,4898,53.77822,edX,37.171673,4.245038
9882,Course_9882,Data Science,35,471,71.4746,edX,165.96564,3.4134982
9883,Course_9883,Marketing,66,3130,96.14659,Udemy,179.46643,4.95179
9885,Course_9885,Marketing,83,3027,87.50141,LinkedIn Learning,166.01607,4.299996
9889,Course_9889,Finance,90,2874,72.981926,LinkedIn Learning,37.485146,4.0838304
9890,Course_9890,Design,84,3673,92.090416,LinkedIn Learning,70.03521,3.3439555
9891,Course_9891,Design,83,2637,62.04186,Udemy,136.00172,3.1197703
9892,Course_9892,Office Tools,10,3873,81.23286,LinkedIn Learning,190.99637,4.164237
9893,Course_9893,Office Tools,63,3718,88.20986,Udemy,198.78983,3.2918913
9894,Course_9894,Design,92,4211,66.924774,LinkedIn Learning,164.88501,4.493787
9897,Course_9897,Business,55,2886,94.32622,LinkedIn Learning,140.90906,3.0679986
9898,Course_9898,AI,60,342,68.787994,edX,173.6913,3.726944
9899,Course_9899,AI,25,1365,57.30829,Udemy,114.701805,3.234466
9900,Course_9900,Programming,28,3252,90.33649,LinkedIn Learning,175.29282,3.0892882
9901,Course_9901,Marketing,89,2928,79.46848,Udemy,101.371185,4.408678
9902,Course_9902,Programming,12,1273,77.31938,Udemy,161.58511,4.6801605
9903,Course_9903,Technology,78,2780,62.91388,edX,173.88844,4.455189
9904,Course_9904,Marketing,81,2580,94.07324,Udemy,195.37157,4.3530717
9906,Course_9906,Design,95,4744,67.94022,LinkedIn Learning,59.584835,4.815414
9907,Course_9907,Business,69,3971,96.17674,Udemy,35.878094,3.1131055
9909,Course_9909,Design,94,1993,78.95729,Udemy,23.704466,3.5638068
9910,Course_9910,AI,11,1060,51.36229,Udemy,63.055904,4.0413084
9911,Course_9911,Technology,51,1402,51.398125,edX,110.70777,3.2683368
9912,Course_9912,AI,92,3448,77.8187,LinkedIn Learning,38.200565,4.4465485
9913,Course_9913,Finance,18,3293,61.238316,edX,97.1527,3.7846181
9914,Course_9914,Office Tools,89,3548,56.89543,LinkedIn Learning,133.88208,4.012532
9916,Course_9916,Technology,57,1203,87.72837,Udemy,179.49011,3.3097425
9917,Course_9917,Marketing,82,3032,81.51624,edX,98.37054,4.8359656
9918,Course_9918,Finance,46,3745,54.606987,LinkedIn Learning,160.9479,3.2117815
9920,Course_9920,Business,67,1839,83.509056,edX,195.20058,4.702616
9922,Course_9922,Finance,11,3271,83.797455,Udemy,164.06667,3.942504
9924,Course_9924,Programming,28,3030,90.677475,edX,30.155144,3.120503
9925,Course_9925,Office Tools,81,3419,63.73035,LinkedIn Learning,136.17421,4.872759
9927,Course_9927,Technology,85,4671,72.37578,LinkedIn Learning,111.61959,3.0567412
9928,Course_9928,Data Science,59,969,99.53232,LinkedIn Learning,83.44392,3.5700512
9930,Course_9930,Marketing,85,3566,73.42998,edX,86.408775,3.9236069
9932,Course_9932,Data Science,20,2334,99.8772,Udemy,150.79987,4.705322
9933,Course_9933,Finance,86,4849,64.52832,Udemy,159.0842,4.8842034
9934,Course_9934,Technology,42,1756,89.513855,Udemy,101.11689,3.9168754
9935,Course_9935,Data Science,82,4437,61.07244,Udemy,175.8925,4.5778637
9936,Course_9936,Technology,23,2374,93.851524,edX,46.342457,4.597054
9937,Course_9937,Technology,59,4429,52.88766,edX,127.41475,4.5139017
9939,Course_9939,Technology,100,2815,63.151764,LinkedIn Learning,44.263798,3.4213076
9940,Course_9940,Marketing,98,3975,62.98045,Udemy,183.97926,3.836035
9942,Course_9942,Technology,42,3953,52.878296,LinkedIn Learning,108.70972,3.252865
9943,Course_9943,Technology,75,3158,86.24528,Udemy,142.47015,3.5689526
9944,Course_9944,Marketing,44,3911,59.109386,LinkedIn Learning,120.1603,3.0292163
9945,Course_9945,Programming,24,4048,53.936558,edX,182.93921,3.961209
9946,Course_9946,Design,56,3730,55.734802,LinkedIn Learning,16.250782,3.6791186
9947,Course_9947,AI,58,956,95.23129,edX,192.42192,4.510424
9948,Course_9948,Programming,37,1765,78.10341,LinkedIn Learning,45.823017,3.6031287
9949,Course_9949,Business,13,3471,78.98303,LinkedIn Learning,38.910515,3.700255
9951,Course_9951,Marketing,26,1915,79.18849,edX,124.174355,4.579459
9952,Course_9952,Design,95,1958,72.6357,LinkedIn Learning,61.991364,4.090483
9954,Course_9954,Marketing,50,2988,78.9954,Udemy,59.528008,4.447106
9955,Course_9955,Marketing,92,3473,75.260826,Udemy,88.40036,4.4064493
9956,Course_9956,AI,75,4860,96.06841,Udemy,61.82626,4.7341275
9957,Course_9957,Data Science,71,3687,61.88373,LinkedIn Learning,150.35378,4.4218116
9959,Course_9959,Programming,53,3584,53.178913,Udemy,139.63977,3.903336
9960,Course_9960,Office Tools,71,3906,86.6921,LinkedIn Learning,150.59206,3.1545413
9961,Course_9961,Design,99,4452,57.49091,LinkedIn Learning,193.85495,4.572239
9962,Course_9962,Business,96,2452,61.13551,edX,11.475294,4.636643
9963,Course_9963,Data Science,18,2677,50.414585,LinkedIn Learning,111.444405,3.6009326
9964,Course_9964,Design,20,3052,70.69924,edX,104.15227,3.0746012
9965,Course_9965,Office Tools,11,1667,54.368546,LinkedIn Learning,154.21002,4.984217
9966,Course_9966,Data Science,54,313,62.820602,LinkedIn Learning,88.12201,4.8303895
9969,Course_9969,Office Tools,31,1041,86.55443,LinkedIn Learning,10.664341,3.512143
9970,Course_9970,Design,73,4846,64.52002,LinkedIn Learning,17.333267,4.099972
9972,Course_9972,Data Science,23,3885,55.700474,LinkedIn Learning,163.45424,4.76956
9973,Course_9973,Design,97,2232,92.14354,edX,46.064457,4.342594
9975,Course_9975,AI,38,1062,96.03401,edX,165.06573,3.987808
9976,Course_9976,Technology,76,2437,93.31071,edX,48.137947,4.2979608
9977,Course_9977,Marketing,80,2268,59.809135,LinkedIn Learning,19.665077,4.0261917
9978,Course_9978,Design,97,4153,52.91538,edX,15.230987,3.7263992
9982,Course_9982,Data Science,73,1370,82.94697,LinkedIn Learning,90.14245,3.4128203
9984,Course_9984,Programming,43,3951,83.3896,edX,161.70685,3.6292498
9985,Course_9985,Technology,56,3809,90.79561,Udemy,80.43013,3.8161054
9986,Course_9986,Design,38,2044,57.03439,edX,135.05504,4.0485735
9987,Course_9987,Office Tools,86,4045,79.46396,LinkedIn Learning,132.69693,4.0639267
9989,Course_9989,Office Tools,47,3351,90.81159,edX,147.04095,3.805405
9990,Course_9990,Data Science,61,347,66.48294,edX,198.25974,3.2945375
9991,Course_9991,Finance,26,2605,78.4017,edX,108.912506,3.3698795
9992,Course_9992,Finance,79,2385,84.84262,LinkedIn Learning,51.48081,4.204151
9993,Course_9993,Office Tools,69,1609,85.155525,LinkedIn Learning,119.71308,4.737402
9996,Course_9996,AI,87,482,55.407463,Udemy,155.96533,4.155649
9998,Course_9998,AI,25,136,90.27951,LinkedIn Learning,101.15509,3.6038675
9999,Course_9999,Programming,46,3258,73.720146,edX,101.143234,3.8257813
10000,Course_10000,Programming,50,257,71.38189,Udemy,125.116905,3.7670379
